time_ms,R1_Roll,R1_Pitch,R1_Yaw,R2_Roll,R2_Pitch,R2_Yaw,R3_Roll,R3_Pitch,R3_Yaw,R4_Roll,R4_Pitch,R4_Yaw
0,6.000000,-13.000000,-103.000000,-17.000000,-2.000000,-98.000000,-15.000000,-3.000000,113.000000,67.000000,11.000000,-75.000000
1,6.000000,-13.000000,-103.000000,-17.000000,-2.000000,-98.000000,-15.000000,-3.000000,113.000000,67.000000,11.000000,-75.000000
2,6.000000,-13.000000,-103.000000,-17.000000,-2.000000,-98.000000,-15.000000,-3.000000,113.000000,67.000000,11.000000,-75.000000
3,6.000000,-13.000000,-103.000000,-17.000000,-2.000000,-98.000000,-15.000000,-3.000000,113.000000,67.000000,11.000000,-75.000000
4,6.000000,-13.000000,-103.000000,-17.000000,-2.000000,-98.000000,-15.000000,-3.000000,113.000000,67.000000,11.000000,-75.000000
5,6.000000,-13.000000,-103.000000,-17.000000,-2.000000,-98.000000,-15.000000,-3.000000,113.000000,67.000000,11.000000,-75.000000
6,6.000000,-13.000000,-103.000000,-17.000000,-2.000000,-98.000000,-15.000000,-3.000000,113.000000,67.000000,11.000000,-75.000000
7,6.000000,-13.000000,-103.000000,-17.000000,-2.000000,-98.000000,-15.000000,-3.000000,113.000000,67.000000,11.000000,-75.000000
8,6.000000,-13.000000,-103.000000,-17.000000,-2.000000,-98.000000,-15.000000,-3.000000,113.000000,67.000000,11.000000,-75.000000
9,6.000000,-13.000000,-103.000000,-17.000000,-2.000000,-98.000000,-15.000000,-3.000000,113.000000,67.000000,11.000000,-75.000000
10,6.000000,-13.000000,-103.000000,-17.000000,-2.000000,-98.000000,-15.000000,-3.000000,113.000000,67.000000,11.000000,-75.000000
11,6.000000,-13.000000,-103.000000,-17.000000,-2.000000,-98.000000,-15.000000,-3.000000,113.000000,67.000000,11.000000,-75.000000
12,6.000000,-13.000000,-103.000000,-17.000000,-2.000000,-98.000000,-15.000000,-3.000000,113.000000,67.000000,11.000000,-75.000000
13,6.000000,-13.000000,-103.000000,-17.000000,-2.000000,-98.000000,-15.000000,-3.000000,113.000000,67.000000,11.000000,-75.000000
14,6.000000,-13.000000,-103.000000,-17.000000,-2.000000,-98.000000,-15.000000,-3.000000,113.000000,67.000000,11.000000,-75.000000
15,6.000000,-13.000000,-103.000000,-17.000000,-2.000000,-98.000000,-15.000000,-3.000000,113.000000,67.000000,11.000000,-75.000000
16,6.000000,-13.000000,-103.000000,-17.000000,-2.000000,-98.000000,-15.000000,-3.000000,113.000000,67.000000,11.000000,-75.000000
17,6.000000,-13.000000,-103.000000,-17.000000,-2.000000,-98.000000,-15.000000,-3.000000,113.000000,67.000000,11.000000,-75.000000
18,6.000000,-13.000000,-103.000000,-17.000000,-2.000000,-98.000000,-15.000000,-3.000000,113.000000,67.000000,11.000000,-75.000000
19,6.000000,-13.000000,-103.000000,-17.000000,-2.000000,-98.000000,-15.000000,-3.000000,113.000000,67.000000,11.000000,-75.000000
20,6.000000,-13.000000,-103.000000,-17.000000,-2.000000,-98.000000,-15.000000,-3.000000,113.000000,67.000000,11.000000,-75.000000
21,6.000000,-13.000000,-103.000000,-17.000000,-2.000000,-98.000000,-15.000000,-3.000000,113.000000,67.000000,11.000000,-75.000000
22,6.000000,-13.000000,-103.000000,-17.000000,-2.000000,-98.000000,-15.000000,-3.000000,113.000000,67.000000,11.000000,-75.000000
23,6.000000,-13.000000,-103.000000,-17.000000,-2.000000,-98.000000,-15.000000,-3.000000,113.000000,67.000000,11.000000,-75.000000
24,6.000000,-13.000000,-103.000000,-17.000000,-2.000000,-98.000000,-15.000000,-3.000000,113.000000,67.000000,11.000000,-75.000000
25,6.000000,-13.000000,-103.000000,-17.000000,-2.000000,-98.000000,-15.000000,-3.000000,113.000000,67.000000,11.000000,-75.000000
26,6.000000,-13.000000,-103.000000,-17.000000,-2.000000,-98.000000,-15.000000,-3.000000,113.000000,67.000000,11.000000,-75.000000
27,6.000000,-13.000000,-103.000000,-17.000000,-2.000000,-98.000000,-15.000000,-3.000000,113.000000,67.000000,11.000000,-75.000000
28,6.000000,-13.000000,-103.000000,-17.000000,-2.000000,-98.000000,-15.000000,-3.000000,113.000000,67.000000,11.000000,-75.000000
29,6.000000,-13.000000,-103.000000,-17.000000,-2.000000,-98.000000,-15.000000,-3.000000,113.000000,67.000000,11.000000,-75.000000
30,6.000000,-13.000000,-103.000000,-17.000000,-2.000000,-98.000000,-15.000000,-3.000000,113.000000,67.000000,11.000000,-75.000000
31,6.000000,-13.000000,-103.000000,-17.000000,-2.000000,-98.000000,-15.000000,-3.000000,113.000000,67.000000,11.000000,-75.000000
32,6.000000,-13.000000,-103.000000,-17.000000,-2.000000,-98.000000,-15.000000,-3.000000,113.000000,67.000000,11.000000,-75.000000
33,6.000000,-13.000000,-103.000000,-17.000000,-2.000000,-98.000000,-15.000000,-3.000000,113.000000,67.000000,11.000000,-75.000000
34,6.000000,-13.000000,-103.000000,-17.000000,-2.000000,-98.000000,-15.000000,-3.000000,113.000000,67.000000,11.000000,-75.000000
35,6.000000,-13.000000,-103.000000,-17.000000,-2.000000,-98.000000,-15.000000,-3.000000,113.000000,67.000000,11.000000,-75.000000
36,6.000000,-13.000000,-103.000000,-17.000000,-2.000000,-98.000000,-15.000000,-3.000000,113.000000,67.000000,11.000000,-75.000000
37,6.000000,-13.000000,-103.000000,-17.000000,-2.000000,-98.000000,-15.000000,-3.000000,113.000000,67.000000,11.000000,-75.000000
38,6.000000,-13.000000,-103.000000,-17.000000,-2.000000,-98.000000,-15.000000,-3.000000,113.000000,67.000000,11.000000,-75.000000
39,6.000000,-13.000000,-103.000000,-17.000000,-2.000000,-98.000000,-15.000000,-3.000000,113.000000,67.000000,11.000000,-75.000000
40,6.000000,-13.000000,-103.000000,-17.000000,-2.000000,-98.000000,-15.000000,-3.000000,113.000000,67.000000,11.000000,-75.000000
41,6.000000,-13.000000,-103.000000,-17.000000,-2.000000,-98.000000,-15.000000,-3.000000,113.000000,67.000000,11.000000,-75.000000
42,6.000000,-13.000000,-103.000000,-17.000000,-2.000000,-98.000000,-15.000000,-3.000000,113.000000,67.000000,11.000000,-75.000000
43,6.000000,-13.000000,-103.000000,-17.000000,-2.000000,-98.000000,-15.000000,-3.000000,113.000000,67.000000,11.000000,-75.000000
44,6.000000,-13.000000,-103.000000,-17.000000,-2.000000,-98.000000,-15.000000,-3.000000,113.000000,67.000000,11.000000,-75.000000
45,6.000000,-13.000000,-103.000000,-17.000000,-2.000000,-98.000000,-15.000000,-3.000000,113.000000,67.000000,11.000000,-75.000000
46,6.000000,-13.000000,-103.000000,-17.000000,-2.000000,-98.000000,-15.000000,-3.000000,113.000000,67.000000,11.000000,-75.000000
47,6.000000,-13.000000,-103.000000,-17.000000,-2.000000,-98.000000,-15.000000,-3.000000,113.000000,67.000000,11.000000,-75.000000
48,6.000000,-13.000000,-103.000000,-17.000000,-2.000000,-98.000000,-15.000000,-3.000000,113.000000,67.000000,11.000000,-75.000000
49,6.000000,-13.000000,-103.000000,-17.000000,-2.000000,-98.000000,-15.000000,-3.000000,113.000000,67.000000,11.000000,-75.000000
50,6.000000,-13.000000,-103.000000,-17.000000,-2.000000,-98.000000,-15.000000,-3.000000,113.000000,67.000000,11.000000,-75.000000
51,6.000000,-13.000000,-103.000000,-17.000000,-2.000000,-98.000000,-15.000000,-3.000000,113.000000,67.000000,11.000000,-75.000000
52,6.000000,-13.000000,-103.000000,-17.000000,-2.000000,-98.000000,-15.000000,-3.000000,113.000000,67.000000,11.000000,-75.000000
53,6.000000,-13.000000,-103.000000,-17.000000,-2.000000,-98.000000,-15.000000,-3.000000,113.000000,67.000000,11.000000,-75.000000
54,6.000000,-13.000000,-103.000000,-17.000000,-2.000000,-98.000000,-15.000000,-3.000000,113.000000,67.000000,11.000000,-75.000000
55,6.000000,-13.000000,-103.000000,-17.000000,-2.000000,-98.000000,-15.000000,-3.000000,113.000000,67.000000,11.000000,-75.000000
56,6.000000,-13.000000,-103.000000,-17.000000,-2.000000,-98.000000,-15.000000,-3.000000,113.000000,67.000000,11.000000,-75.000000
57,6.000000,-13.000000,-103.000000,-17.000000,-2.000000,-98.000000,-15.000000,-3.000000,113.000000,67.000000,11.000000,-75.000000
58,6.000000,-13.000000,-103.000000,-17.000000,-2.000000,-98.000000,-15.000000,-3.000000,113.000000,67.000000,11.000000,-75.000000
59,6.000000,-13.000000,-103.000000,-17.000000,-2.000000,-98.000000,-15.000000,-3.000000,113.000000,67.000000,11.000000,-75.000000
60,6.000000,-13.000000,-103.000000,-17.000000,-2.000000,-98.000000,-15.000000,-3.000000,113.000000,67.000000,11.000000,-75.000000
61,6.000000,-13.000000,-103.000000,-17.000000,-2.000000,-98.000000,-15.000000,-3.000000,113.000000,67.000000,11.000000,-75.000000
62,6.000000,-13.000000,-103.000000,-17.000000,-2.000000,-98.000000,-15.000000,-3.000000,113.000000,67.000000,11.000000,-75.000000
63,6.000000,-13.000000,-103.000000,-17.000000,-2.000000,-98.000000,-15.000000,-3.000000,113.000000,67.000000,11.000000,-75.000000
64,6.000000,-13.000000,-103.000000,-17.000000,-2.000000,-98.000000,-15.000000,-3.000000,113.000000,67.000000,11.000000,-75.000000
65,6.000000,-13.000000,-103.000000,-17.000000,-2.000000,-98.000000,-15.000000,-3.000000,113.000000,67.000000,11.000000,-75.000000
66,6.000000,-13.000000,-103.000000,-17.000000,-2.000000,-98.000000,-15.000000,-3.000000,113.000000,67.000000,11.000000,-75.000000
67,6.000000,-13.000000,-103.000000,-17.000000,-2.000000,-98.000000,-15.000000,-3.000000,113.000000,67.000000,11.000000,-75.000000
68,6.000000,-13.000000,-103.000000,-17.000000,-2.000000,-98.000000,-15.000000,-3.000000,113.000000,67.000000,11.000000,-75.000000
69,6.000000,-13.000000,-103.000000,-17.000000,-2.000000,-98.000000,-15.000000,-3.000000,113.000000,67.000000,11.000000,-75.000000
70,6.000000,-13.000000,-103.000000,-17.000000,-2.000000,-98.000000,-15.000000,-3.000000,113.000000,67.000000,11.000000,-75.000000
71,6.000000,-13.000000,-103.000000,-17.000000,-2.000000,-98.000000,-15.000000,-3.000000,113.000000,67.000000,11.000000,-75.000000
72,6.000000,-13.000000,-103.000000,-17.000000,-2.000000,-98.000000,-15.000000,-3.000000,113.000000,67.000000,11.000000,-75.000000
73,6.000000,-13.000000,-103.000000,-17.000000,-2.000000,-98.000000,-15.000000,-3.000000,113.000000,67.000000,11.000000,-75.000000
74,6.000000,-13.000000,-103.000000,-17.000000,-2.000000,-98.000000,-15.000000,-3.000000,113.000000,67.000000,11.000000,-75.000000
75,4.000000,-14.000000,-103.000000,-17.000000,-2.000000,-98.000000,-15.000000,-3.000000,114.000000,67.000000,11.000000,-75.000000
76,4.000000,-14.000000,-103.000000,-17.000000,-2.000000,-98.000000,-15.000000,-3.000000,114.000000,67.000000,11.000000,-75.000000
77,4.000000,-14.000000,-103.000000,-17.000000,-2.000000,-98.000000,-15.000000,-3.000000,114.000000,67.000000,11.000000,-75.000000
78,4.000000,-14.000000,-103.000000,-17.000000,-2.000000,-98.000000,-15.000000,-3.000000,114.000000,67.000000,11.000000,-75.000000
79,4.000000,-14.000000,-103.000000,-17.000000,-2.000000,-98.000000,-15.000000,-3.000000,114.000000,67.000000,11.000000,-75.000000
80,4.000000,-14.000000,-103.000000,-17.000000,-2.000000,-98.000000,-15.000000,-3.000000,114.000000,67.000000,11.000000,-75.000000
81,4.000000,-14.000000,-103.000000,-17.000000,-2.000000,-98.000000,-15.000000,-3.000000,114.000000,67.000000,11.000000,-75.000000
82,4.000000,-14.000000,-103.000000,-17.000000,-2.000000,-98.000000,-15.000000,-3.000000,114.000000,67.000000,11.000000,-75.000000
83,4.000000,-14.000000,-103.000000,-17.000000,-2.000000,-98.000000,-15.000000,-3.000000,114.000000,67.000000,11.000000,-75.000000
84,4.000000,-14.000000,-103.000000,-17.000000,-2.000000,-98.000000,-15.000000,-3.000000,114.000000,67.000000,11.000000,-75.000000
85,4.000000,-14.000000,-103.000000,-17.000000,-2.000000,-98.000000,-15.000000,-3.000000,114.000000,67.000000,11.000000,-75.000000
86,4.000000,-14.000000,-103.000000,-17.000000,-2.000000,-98.000000,-15.000000,-3.000000,114.000000,67.000000,11.000000,-75.000000
87,4.000000,-14.000000,-103.000000,-17.000000,-2.000000,-98.000000,-15.000000,-3.000000,114.000000,67.000000,11.000000,-75.000000
88,4.000000,-14.000000,-103.000000,-17.000000,-2.000000,-98.000000,-15.000000,-3.000000,114.000000,67.000000,11.000000,-75.000000
89,4.000000,-14.000000,-103.000000,-17.000000,-2.000000,-98.000000,-15.000000,-3.000000,114.000000,67.000000,11.000000,-75.000000
90,4.000000,-14.000000,-103.000000,-17.000000,-2.000000,-98.000000,-15.000000,-3.000000,114.000000,67.000000,11.000000,-75.000000
91,4.000000,-14.000000,-103.000000,-17.000000,-2.000000,-98.000000,-15.000000,-3.000000,114.000000,67.000000,11.000000,-75.000000
92,4.000000,-14.000000,-103.000000,-17.000000,-2.000000,-98.000000,-15.000000,-3.000000,114.000000,67.000000,11.000000,-75.000000
93,4.000000,-14.000000,-103.000000,-17.000000,-2.000000,-98.000000,-15.000000,-3.000000,114.000000,67.000000,11.000000,-75.000000
94,4.000000,-14.000000,-103.000000,-17.000000,-2.000000,-98.000000,-15.000000,-3.000000,114.000000,67.000000,11.000000,-75.000000
95,4.000000,-14.000000,-103.000000,-17.000000,-2.000000,-98.000000,-15.000000,-3.000000,114.000000,67.000000,11.000000,-75.000000
96,4.000000,-14.000000,-103.000000,-17.000000,-2.000000,-98.000000,-15.000000,-3.000000,114.000000,67.000000,11.000000,-75.000000
97,4.000000,-14.000000,-103.000000,-17.000000,-2.000000,-98.000000,-15.000000,-3.000000,114.000000,67.000000,11.000000,-75.000000
98,4.000000,-14.000000,-103.000000,-17.000000,-2.000000,-98.000000,-14.000000,-3.000000,114.000000,67.000000,11.000000,-75.000000
99,4.000000,-14.000000,-103.000000,-17.000000,-2.000000,-98.000000,-14.000000,-3.000000,114.000000,67.000000,11.000000,-75.000000
100,4.000000,-14.000000,-103.000000,-17.000000,-2.000000,-98.000000,-14.000000,-3.000000,114.000000,67.000000,11.000000,-75.000000
101,4.000000,-14.000000,-103.000000,-17.000000,-2.000000,-98.000000,-14.000000,-3.000000,114.000000,67.000000,11.000000,-75.000000
102,4.000000,-14.000000,-103.000000,-17.000000,-2.000000,-98.000000,-14.000000,-3.000000,114.000000,67.000000,11.000000,-75.000000
103,4.000000,-14.000000,-103.000000,-17.000000,-2.000000,-98.000000,-14.000000,-3.000000,114.000000,67.000000,11.000000,-75.000000
104,4.000000,-14.000000,-103.000000,-17.000000,-2.000000,-98.000000,-14.000000,-3.000000,114.000000,67.000000,11.000000,-75.000000
105,4.000000,-14.000000,-103.000000,-17.000000,-2.000000,-98.000000,-14.000000,-3.000000,114.000000,67.000000,11.000000,-75.000000
106,4.000000,-14.000000,-103.000000,-17.000000,-2.000000,-98.000000,-14.000000,-3.000000,114.000000,67.000000,11.000000,-75.000000
107,4.000000,-14.000000,-103.000000,-17.000000,-2.000000,-98.000000,-14.000000,-3.000000,114.000000,67.000000,11.000000,-75.000000
108,3.000000,-14.000000,-103.000000,-17.000000,-2.000000,-98.000000,-14.000000,-3.000000,114.000000,67.000000,11.000000,-75.000000
109,3.000000,-14.000000,-103.000000,-17.000000,-2.000000,-98.000000,-14.000000,-3.000000,114.000000,67.000000,11.000000,-75.000000
110,3.000000,-14.000000,-103.000000,-17.000000,-2.000000,-98.000000,-14.000000,-3.000000,114.000000,67.000000,11.000000,-75.000000
111,3.000000,-14.000000,-103.000000,-17.000000,-2.000000,-98.000000,-14.000000,-3.000000,114.000000,67.000000,11.000000,-75.000000
112,3.000000,-14.000000,-103.000000,-17.000000,-2.000000,-98.000000,-14.000000,-3.000000,114.000000,67.000000,11.000000,-75.000000
113,3.000000,-14.000000,-103.000000,-17.000000,-2.000000,-98.000000,-14.000000,-3.000000,114.000000,67.000000,11.000000,-75.000000
114,3.000000,-14.000000,-103.000000,-17.000000,-2.000000,-98.000000,-14.000000,-3.000000,114.000000,67.000000,11.000000,-75.000000
115,3.000000,-14.000000,-103.000000,-17.000000,-2.000000,-98.000000,-14.000000,-3.000000,114.000000,67.000000,11.000000,-75.000000
116,3.000000,-14.000000,-103.000000,-17.000000,-2.000000,-98.000000,-14.000000,-3.000000,114.000000,67.000000,11.000000,-75.000000
117,3.000000,-14.000000,-103.000000,-17.000000,-2.000000,-98.000000,-14.000000,-3.000000,114.000000,67.000000,11.000000,-75.000000
118,3.000000,-14.000000,-103.000000,-17.000000,-2.000000,-98.000000,-14.000000,-3.000000,114.000000,67.000000,11.000000,-75.000000
119,3.000000,-14.000000,-103.000000,-17.000000,-2.000000,-98.000000,-14.000000,-3.000000,114.000000,67.000000,11.000000,-75.000000
120,3.000000,-14.000000,-103.000000,-17.000000,-2.000000,-98.000000,-14.000000,-3.000000,114.000000,67.000000,11.000000,-75.000000
121,3.000000,-14.000000,-103.000000,-17.000000,-2.000000,-98.000000,-14.000000,-3.000000,114.000000,67.000000,11.000000,-75.000000
122,3.000000,-14.000000,-103.000000,-17.000000,-2.000000,-98.000000,-14.000000,-3.000000,114.000000,67.000000,11.000000,-75.000000
123,3.000000,-15.000000,-103.000000,-17.000000,-2.000000,-98.000000,-14.000000,-3.000000,114.000000,67.000000,11.000000,-75.000000
124,3.000000,-15.000000,-103.000000,-17.000000,-2.000000,-98.000000,-14.000000,-3.000000,114.000000,67.000000,11.000000,-75.000000
125,3.000000,-15.000000,-103.000000,-17.000000,-2.000000,-98.000000,-14.000000,-3.000000,114.000000,67.000000,11.000000,-75.000000
126,3.000000,-15.000000,-103.000000,-17.000000,-2.000000,-98.000000,-14.000000,-3.000000,114.000000,67.000000,11.000000,-75.000000
127,3.000000,-15.000000,-103.000000,-17.000000,-2.000000,-98.000000,-14.000000,-3.000000,114.000000,67.000000,11.000000,-75.000000
128,3.000000,-15.000000,-103.000000,-17.000000,-2.000000,-98.000000,-14.000000,-3.000000,113.000000,67.000000,11.000000,-75.000000
129,3.000000,-15.000000,-103.000000,-17.000000,-2.000000,-98.000000,-14.000000,-3.000000,113.000000,67.000000,11.000000,-75.000000
130,3.000000,-15.000000,-103.000000,-17.000000,-2.000000,-98.000000,-14.000000,-3.000000,113.000000,67.000000,11.000000,-75.000000
131,3.000000,-15.000000,-103.000000,-17.000000,-2.000000,-98.000000,-14.000000,-3.000000,113.000000,67.000000,11.000000,-75.000000
132,3.000000,-15.000000,-103.000000,-17.000000,-2.000000,-98.000000,-14.000000,-3.000000,113.000000,67.000000,11.000000,-75.000000
133,3.000000,-15.000000,-103.000000,-17.000000,-2.000000,-98.000000,-14.000000,-3.000000,113.000000,67.000000,11.000000,-75.000000
134,3.000000,-15.000000,-103.000000,-17.000000,-2.000000,-98.000000,-14.000000,-3.000000,113.000000,67.000000,11.000000,-75.000000
135,3.000000,-15.000000,-103.000000,-17.000000,-2.000000,-98.000000,-14.000000,-3.000000,113.000000,67.000000,11.000000,-75.000000
136,3.000000,-15.000000,-103.000000,-17.000000,-2.000000,-98.000000,-14.000000,-3.000000,113.000000,67.000000,11.000000,-75.000000
137,3.000000,-15.000000,-103.000000,-17.000000,-2.000000,-98.000000,-14.000000,-3.000000,113.000000,67.000000,11.000000,-75.000000
138,3.000000,-15.000000,-103.000000,-17.000000,-2.000000,-98.000000,-14.000000,-3.000000,113.000000,67.000000,11.000000,-75.000000
139,3.000000,-15.000000,-103.000000,-17.000000,-2.000000,-98.000000,-14.000000,-3.000000,113.000000,67.000000,11.000000,-75.000000
140,3.000000,-15.000000,-103.000000,-17.000000,-2.000000,-98.000000,-14.000000,-3.000000,113.000000,67.000000,11.000000,-75.000000
141,3.000000,-15.000000,-103.000000,-17.000000,-2.000000,-98.000000,-14.000000,-3.000000,113.000000,67.000000,11.000000,-75.000000
142,3.000000,-15.000000,-103.000000,-17.000000,-2.000000,-98.000000,-14.000000,-3.000000,113.000000,67.000000,11.000000,-75.000000
143,3.000000,-15.000000,-103.000000,-17.000000,-2.000000,-98.000000,-14.000000,-3.000000,113.000000,67.000000,11.000000,-75.000000
144,3.000000,-15.000000,-103.000000,-17.000000,-2.000000,-98.000000,-14.000000,-3.000000,113.000000,67.000000,11.000000,-75.000000
145,3.000000,-15.000000,-103.000000,-17.000000,-2.000000,-98.000000,-14.000000,-3.000000,113.000000,67.000000,11.000000,-75.000000
146,3.000000,-15.000000,-103.000000,-17.000000,-2.000000,-98.000000,-14.000000,-3.000000,113.000000,67.000000,11.000000,-75.000000
147,3.000000,-15.000000,-103.000000,-17.000000,-2.000000,-98.000000,-14.000000,-3.000000,113.000000,67.000000,11.000000,-75.000000
148,3.000000,-15.000000,-103.000000,-17.000000,-2.000000,-98.000000,-14.000000,-3.000000,113.000000,67.000000,11.000000,-75.000000
149,3.000000,-15.000000,-103.000000,-17.000000,-2.000000,-98.000000,-14.000000,-3.000000,113.000000,67.000000,11.000000,-75.000000
150,3.000000,-15.000000,-103.000000,-17.000000,-2.000000,-98.000000,-14.000000,-3.000000,113.000000,67.000000,11.000000,-75.000000
151,3.000000,-15.000000,-103.000000,-17.000000,-2.000000,-98.000000,-14.000000,-3.000000,113.000000,67.000000,11.000000,-75.000000
152,3.000000,-15.000000,-103.000000,-17.000000,-2.000000,-98.000000,-14.000000,-3.000000,113.000000,67.000000,11.000000,-75.000000
153,3.000000,-15.000000,-103.000000,-17.000000,-2.000000,-98.000000,-14.000000,-3.000000,113.000000,67.000000,11.000000,-75.000000
154,3.000000,-15.000000,-103.000000,-17.000000,-2.000000,-98.000000,-14.000000,-3.000000,113.000000,67.000000,11.000000,-75.000000
155,3.000000,-15.000000,-103.000000,-17.000000,-2.000000,-98.000000,-14.000000,-3.000000,113.000000,67.000000,11.000000,-75.000000
156,3.000000,-15.000000,-103.000000,-17.000000,-2.000000,-98.000000,-14.000000,-3.000000,113.000000,67.000000,11.000000,-75.000000
157,3.000000,-15.000000,-103.000000,-17.000000,-2.000000,-98.000000,-14.000000,-3.000000,113.000000,67.000000,11.000000,-75.000000
158,3.000000,-15.000000,-103.000000,-17.000000,-2.000000,-98.000000,-14.000000,-3.000000,113.000000,67.000000,11.000000,-75.000000
159,3.000000,-15.000000,-103.000000,-17.000000,-2.000000,-98.000000,-14.000000,-3.000000,113.000000,67.000000,11.000000,-75.000000
160,3.000000,-15.000000,-103.000000,-17.000000,-2.000000,-98.000000,-14.000000,-3.000000,113.000000,67.000000,11.000000,-75.000000
161,3.000000,-15.000000,-103.000000,-17.000000,-2.000000,-98.000000,-14.000000,-3.000000,113.000000,67.000000,11.000000,-75.000000
162,3.000000,-15.000000,-103.000000,-17.000000,-2.000000,-98.000000,-14.000000,-3.000000,113.000000,67.000000,11.000000,-75.000000
163,3.000000,-15.000000,-103.000000,-17.000000,-2.000000,-98.000000,-14.000000,-3.000000,113.000000,67.000000,11.000000,-75.000000
164,3.000000,-15.000000,-103.000000,-17.000000,-2.000000,-98.000000,-14.000000,-3.000000,113.000000,67.000000,11.000000,-75.000000
165,3.000000,-15.000000,-103.000000,-17.000000,-2.000000,-98.000000,-14.000000,-3.000000,113.000000,67.000000,11.000000,-75.000000
166,3.000000,-15.000000,-103.000000,-17.000000,-2.000000,-98.000000,-14.000000,-3.000000,113.000000,67.000000,11.000000,-75.000000
167,3.000000,-15.000000,-103.000000,-17.000000,-2.000000,-98.000000,-14.000000,-3.000000,113.000000,67.000000,11.000000,-75.000000
168,3.000000,-15.000000,-103.000000,-17.000000,-2.000000,-98.000000,-14.000000,-3.000000,113.000000,67.000000,11.000000,-75.000000
169,3.000000,-15.000000,-103.000000,-17.000000,-2.000000,-98.000000,-14.000000,-3.000000,113.000000,67.000000,11.000000,-75.000000
170,3.000000,-15.000000,-103.000000,-17.000000,-2.000000,-98.000000,-14.000000,-3.000000,113.000000,67.000000,11.000000,-75.000000
171,3.000000,-15.000000,-103.000000,-17.000000,-2.000000,-98.000000,-14.000000,-3.000000,113.000000,67.000000,11.000000,-75.000000
172,3.000000,-15.000000,-103.000000,-17.000000,-2.000000,-98.000000,-14.000000,-3.000000,113.000000,67.000000,11.000000,-75.000000
173,3.000000,-15.000000,-103.000000,-17.000000,-2.000000,-98.000000,-14.000000,-3.000000,113.000000,67.000000,11.000000,-75.000000
174,3.000000,-15.000000,-103.000000,-17.000000,-2.000000,-98.000000,-14.000000,-3.000000,113.000000,67.000000,11.000000,-75.000000
175,3.000000,-15.000000,-103.000000,-17.000000,-2.000000,-98.000000,-14.000000,-3.000000,113.000000,67.000000,11.000000,-75.000000
176,3.000000,-15.000000,-103.000000,-17.000000,-2.000000,-98.000000,-14.000000,-3.000000,113.000000,67.000000,11.000000,-75.000000
177,3.000000,-15.000000,-103.000000,-17.000000,-2.000000,-98.000000,-14.000000,-3.000000,113.000000,67.000000,11.000000,-75.000000
178,3.000000,-15.000000,-103.000000,-17.000000,-2.000000,-98.000000,-14.000000,-3.000000,113.000000,67.000000,11.000000,-75.000000
179,3.000000,-15.000000,-103.000000,-17.000000,-2.000000,-98.000000,-14.000000,-3.000000,113.000000,67.000000,11.000000,-75.000000
180,3.000000,-15.000000,-103.000000,-17.000000,-2.000000,-98.000000,-14.000000,-3.000000,113.000000,67.000000,11.000000,-75.000000
181,3.000000,-15.000000,-103.000000,-17.000000,-2.000000,-98.000000,-14.000000,-3.000000,113.000000,67.000000,11.000000,-75.000000
182,3.000000,-15.000000,-103.000000,-17.000000,-2.000000,-98.000000,-14.000000,-3.000000,113.000000,67.000000,11.000000,-75.000000
183,3.000000,-15.000000,-103.000000,-17.000000,-2.000000,-98.000000,-14.000000,-3.000000,113.000000,67.000000,11.000000,-75.000000
184,3.000000,-15.000000,-103.000000,-17.000000,-2.000000,-98.000000,-14.000000,-3.000000,113.000000,67.000000,11.000000,-75.000000
185,3.000000,-15.000000,-103.000000,-17.000000,-2.000000,-98.000000,-14.000000,-3.000000,113.000000,67.000000,11.000000,-75.000000
186,3.000000,-15.000000,-103.000000,-17.000000,-2.000000,-98.000000,-14.000000,-3.000000,113.000000,67.000000,11.000000,-75.000000
187,3.000000,-15.000000,-103.000000,-17.000000,-2.000000,-98.000000,-14.000000,-3.000000,113.000000,67.000000,11.000000,-75.000000
188,3.000000,-15.000000,-103.000000,-17.000000,-2.000000,-98.000000,-14.000000,-3.000000,113.000000,67.000000,11.000000,-75.000000
189,3.000000,-15.000000,-103.000000,-17.000000,-2.000000,-98.000000,-14.000000,-3.000000,113.000000,67.000000,11.000000,-75.000000
190,3.000000,-15.000000,-103.000000,-17.000000,-2.000000,-98.000000,-14.000000,-3.000000,113.000000,67.000000,11.000000,-75.000000
191,3.000000,-15.000000,-103.000000,-17.000000,-2.000000,-98.000000,-14.000000,-3.000000,113.000000,67.000000,11.000000,-75.000000
192,3.000000,-15.000000,-103.000000,-17.000000,-2.000000,-98.000000,-14.000000,-3.000000,113.000000,67.000000,11.000000,-75.000000
193,3.000000,-15.000000,-103.000000,-17.000000,-2.000000,-98.000000,-14.000000,-3.000000,113.000000,67.000000,11.000000,-75.000000
194,3.000000,-15.000000,-103.000000,-17.000000,-2.000000,-98.000000,-14.000000,-3.000000,113.000000,67.000000,11.000000,-75.000000
195,3.000000,-15.000000,-103.000000,-17.000000,-2.000000,-98.000000,-14.000000,-3.000000,113.000000,67.000000,11.000000,-75.000000
196,3.000000,-15.000000,-103.000000,-17.000000,-2.000000,-98.000000,-14.000000,-3.000000,113.000000,67.000000,11.000000,-75.000000
197,3.000000,-15.000000,-103.000000,-17.000000,-2.000000,-98.000000,-14.000000,-3.000000,113.000000,67.000000,11.000000,-75.000000
198,3.000000,-15.000000,-103.000000,-17.000000,-2.000000,-98.000000,-14.000000,-3.000000,113.000000,67.000000,11.000000,-75.000000
199,3.000000,-15.000000,-103.000000,-17.000000,-2.000000,-98.000000,-14.000000,-3.000000,113.000000,67.000000,11.000000,-75.000000
200,3.000000,-15.000000,-103.000000,-17.000000,-2.000000,-98.000000,-14.000000,-3.000000,113.000000,67.000000,11.000000,-75.000000
201,3.000000,-15.000000,-103.000000,-17.000000,-2.000000,-98.000000,-14.000000,-3.000000,113.000000,67.000000,11.000000,-75.000000
202,3.000000,-15.000000,-103.000000,-17.000000,-2.000000,-98.000000,-14.000000,-3.000000,113.000000,67.000000,11.000000,-75.000000
203,3.000000,-15.000000,-103.000000,-17.000000,-2.000000,-98.000000,-14.000000,-3.000000,113.000000,67.000000,11.000000,-75.000000
204,3.000000,-15.000000,-103.000000,-17.000000,-2.000000,-98.000000,-14.000000,-3.000000,113.000000,67.000000,11.000000,-75.000000
205,3.000000,-15.000000,-103.000000,-17.000000,-2.000000,-98.000000,-14.000000,-3.000000,113.000000,67.000000,11.000000,-75.000000
206,3.000000,-15.000000,-103.000000,-17.000000,-2.000000,-98.000000,-14.000000,-3.000000,113.000000,67.000000,11.000000,-75.000000
207,3.000000,-15.000000,-103.000000,-17.000000,-2.000000,-98.000000,-14.000000,-3.000000,113.000000,67.000000,11.000000,-75.000000
208,3.000000,-15.000000,-103.000000,-17.000000,-2.000000,-98.000000,-14.000000,-3.000000,113.000000,67.000000,11.000000,-75.000000
209,3.000000,-15.000000,-103.000000,-17.000000,-2.000000,-98.000000,-14.000000,-3.000000,113.000000,67.000000,11.000000,-75.000000
210,3.000000,-15.000000,-103.000000,-17.000000,-2.000000,-98.000000,-14.000000,-3.000000,113.000000,67.000000,11.000000,-75.000000
211,3.000000,-15.000000,-103.000000,-17.000000,-2.000000,-98.000000,-14.000000,-3.000000,113.000000,67.000000,11.000000,-75.000000
212,3.000000,-15.000000,-103.000000,-17.000000,-2.000000,-98.000000,-14.000000,-3.000000,113.000000,67.000000,11.000000,-75.000000
213,3.000000,-15.000000,-103.000000,-17.000000,-2.000000,-98.000000,-14.000000,-3.000000,113.000000,67.000000,11.000000,-75.000000
214,3.000000,-15.000000,-103.000000,-17.000000,-2.000000,-98.000000,-14.000000,-3.000000,113.000000,67.000000,11.000000,-75.000000
215,3.000000,-15.000000,-103.000000,-17.000000,-2.000000,-98.000000,-14.000000,-3.000000,113.000000,67.000000,11.000000,-75.000000
216,3.000000,-15.000000,-103.000000,-17.000000,-2.000000,-98.000000,-14.000000,-3.000000,113.000000,67.000000,11.000000,-75.000000
217,3.000000,-15.000000,-103.000000,-17.000000,-2.000000,-98.000000,-14.000000,-3.000000,113.000000,67.000000,11.000000,-75.000000
218,3.000000,-15.000000,-103.000000,-17.000000,-2.000000,-98.000000,-14.000000,-3.000000,113.000000,67.000000,11.000000,-75.000000
219,3.000000,-15.000000,-103.000000,-17.000000,-2.000000,-98.000000,-14.000000,-3.000000,113.000000,67.000000,11.000000,-75.000000
220,3.000000,-15.000000,-103.000000,-17.000000,-2.000000,-98.000000,-14.000000,-3.000000,113.000000,67.000000,11.000000,-75.000000
221,3.000000,-15.000000,-103.000000,-17.000000,-2.000000,-98.000000,-14.000000,-3.000000,113.000000,67.000000,11.000000,-75.000000
222,3.000000,-15.000000,-103.000000,-17.000000,-2.000000,-98.000000,-14.000000,-3.000000,113.000000,67.000000,11.000000,-75.000000
223,3.000000,-15.000000,-103.000000,-17.000000,-2.000000,-98.000000,-14.000000,-3.000000,113.000000,67.000000,11.000000,-75.000000
224,3.000000,-15.000000,-103.000000,-17.000000,-2.000000,-98.000000,-14.000000,-3.000000,113.000000,67.000000,11.000000,-75.000000
225,3.000000,-15.000000,-103.000000,-17.000000,-2.000000,-98.000000,-14.000000,-3.000000,113.000000,67.000000,11.000000,-75.000000
226,3.000000,-15.000000,-103.000000,-17.000000,-2.000000,-98.000000,-14.000000,-3.000000,113.000000,67.000000,11.000000,-75.000000
227,3.000000,-15.000000,-103.000000,-17.000000,-2.000000,-98.000000,-14.000000,-3.000000,113.000000,67.000000,11.000000,-75.000000
228,3.000000,-15.000000,-103.000000,-17.000000,-2.000000,-98.000000,-14.000000,-3.000000,113.000000,67.000000,11.000000,-75.000000
229,3.000000,-15.000000,-103.000000,-17.000000,-2.000000,-98.000000,-14.000000,-3.000000,113.000000,67.000000,11.000000,-75.000000
230,3.000000,-15.000000,-103.000000,-17.000000,-2.000000,-98.000000,-14.000000,-3.000000,113.000000,67.000000,11.000000,-75.000000
231,3.000000,-15.000000,-103.000000,-17.000000,-2.000000,-98.000000,-14.000000,-3.000000,113.000000,67.000000,11.000000,-75.000000
232,3.000000,-15.000000,-103.000000,-17.000000,-2.000000,-98.000000,-14.000000,-3.000000,113.000000,67.000000,11.000000,-75.000000
233,3.000000,-15.000000,-103.000000,-17.000000,-2.000000,-98.000000,-14.000000,-3.000000,113.000000,67.000000,11.000000,-75.000000
234,3.000000,-15.000000,-103.000000,-17.000000,-2.000000,-98.000000,-14.000000,-3.000000,113.000000,67.000000,11.000000,-75.000000
235,3.000000,-15.000000,-103.000000,-17.000000,-2.000000,-98.000000,-14.000000,-3.000000,113.000000,67.000000,11.000000,-75.000000
236,3.000000,-15.000000,-103.000000,-17.000000,-2.000000,-98.000000,-14.000000,-3.000000,113.000000,67.000000,11.000000,-75.000000
237,3.000000,-15.000000,-103.000000,-17.000000,-2.000000,-98.000000,-14.000000,-3.000000,113.000000,67.000000,11.000000,-75.000000
238,3.000000,-15.000000,-103.000000,-17.000000,-2.000000,-98.000000,-14.000000,-3.000000,113.000000,67.000000,11.000000,-75.000000
239,3.000000,-15.000000,-103.000000,-17.000000,-2.000000,-98.000000,-14.000000,-3.000000,113.000000,67.000000,11.000000,-75.000000
240,3.000000,-15.000000,-103.000000,-17.000000,-2.000000,-98.000000,-14.000000,-3.000000,113.000000,67.000000,11.000000,-75.000000
241,3.000000,-15.000000,-103.000000,-17.000000,-2.000000,-98.000000,-14.000000,-3.000000,113.000000,67.000000,11.000000,-75.000000
242,3.000000,-15.000000,-103.000000,-17.000000,-2.000000,-98.000000,-14.000000,-3.000000,113.000000,67.000000,11.000000,-75.000000
243,3.000000,-15.000000,-103.000000,-17.000000,-2.000000,-98.000000,-14.000000,-3.000000,113.000000,67.000000,11.000000,-75.000000
244,3.000000,-15.000000,-103.000000,-17.000000,-2.000000,-98.000000,-14.000000,-3.000000,113.000000,67.000000,11.000000,-75.000000
245,3.000000,-15.000000,-103.000000,-17.000000,-2.000000,-98.000000,-14.000000,-3.000000,113.000000,67.000000,11.000000,-75.000000
246,3.000000,-15.000000,-103.000000,-17.000000,-2.000000,-98.000000,-14.000000,-3.000000,113.000000,67.000000,11.000000,-75.000000
247,3.000000,-15.000000,-103.000000,-17.000000,-2.000000,-98.000000,-14.000000,-3.000000,113.000000,67.000000,11.000000,-75.000000
248,3.000000,-15.000000,-103.000000,-17.000000,-2.000000,-98.000000,-14.000000,-3.000000,113.000000,67.000000,11.000000,-75.000000
249,3.000000,-15.000000,-103.000000,-17.000000,-2.000000,-98.000000,-14.000000,-3.000000,113.000000,67.000000,11.000000,-75.000000
250,3.000000,-15.000000,-103.000000,-17.000000,-2.000000,-98.000000,-14.000000,-3.000000,113.000000,67.000000,11.000000,-75.000000
251,3.000000,-15.000000,-103.000000,-17.000000,-2.000000,-98.000000,-14.000000,-3.000000,113.000000,67.000000,11.000000,-75.000000
252,3.000000,-15.000000,-103.000000,-17.000000,-2.000000,-98.000000,-14.000000,-3.000000,113.000000,67.000000,11.000000,-75.000000
253,3.000000,-15.000000,-103.000000,-17.000000,-2.000000,-98.000000,-14.000000,-3.000000,113.000000,67.000000,11.000000,-75.000000
254,3.000000,-15.000000,-103.000000,-17.000000,-2.000000,-98.000000,-14.000000,-3.000000,113.000000,67.000000,11.000000,-75.000000
255,3.000000,-15.000000,-103.000000,-17.000000,-2.000000,-98.000000,-14.000000,-3.000000,113.000000,67.000000,11.000000,-75.000000
256,3.000000,-15.000000,-103.000000,-17.000000,-2.000000,-98.000000,-14.000000,-3.000000,113.000000,67.000000,11.000000,-75.000000
257,3.000000,-15.000000,-103.000000,-17.000000,-2.000000,-98.000000,-14.000000,-3.000000,113.000000,67.000000,11.000000,-75.000000
258,3.000000,-15.000000,-103.000000,-17.000000,-2.000000,-98.000000,-14.000000,-3.000000,113.000000,67.000000,11.000000,-75.000000
259,3.000000,-15.000000,-103.000000,-17.000000,-2.000000,-98.000000,-14.000000,-3.000000,113.000000,67.000000,11.000000,-75.000000
260,3.000000,-15.000000,-103.000000,-17.000000,-2.000000,-98.000000,-14.000000,-3.000000,113.000000,67.000000,11.000000,-75.000000
261,3.000000,-15.000000,-103.000000,-17.000000,-2.000000,-98.000000,-14.000000,-3.000000,113.000000,67.000000,11.000000,-75.000000
262,3.000000,-15.000000,-103.000000,-17.000000,-2.000000,-98.000000,-14.000000,-3.000000,113.000000,67.000000,11.000000,-75.000000
263,-1.000000,-16.000000,-104.000000,-11.000000,-4.000000,-100.000000,-13.000000,-4.000000,109.000000,67.000000,12.000000,-75.000000
264,-1.000000,-16.000000,-104.000000,-11.000000,-4.000000,-100.000000,-13.000000,-4.000000,109.000000,67.000000,12.000000,-75.000000
265,-1.000000,-16.000000,-104.000000,-11.000000,-4.000000,-100.000000,-13.000000,-4.000000,109.000000,67.000000,12.000000,-75.000000
266,-1.000000,-16.000000,-104.000000,-11.000000,-4.000000,-100.000000,-13.000000,-4.000000,109.000000,67.000000,12.000000,-75.000000
267,-1.000000,-16.000000,-104.000000,-11.000000,-4.000000,-100.000000,-13.000000,-4.000000,109.000000,67.000000,12.000000,-75.000000
268,-1.000000,-16.000000,-104.000000,-11.000000,-4.000000,-100.000000,-13.000000,-4.000000,109.000000,67.000000,12.000000,-75.000000
269,-1.000000,-16.000000,-104.000000,-11.000000,-4.000000,-100.000000,-13.000000,-4.000000,109.000000,67.000000,12.000000,-75.000000
270,-1.000000,-16.000000,-104.000000,-11.000000,-4.000000,-100.000000,-13.000000,-4.000000,109.000000,67.000000,12.000000,-75.000000
271,-1.000000,-16.000000,-104.000000,-11.000000,-4.000000,-100.000000,-13.000000,-4.000000,109.000000,67.000000,12.000000,-75.000000
272,-1.000000,-17.000000,-104.000000,-11.000000,-4.000000,-100.000000,-13.000000,-4.000000,109.000000,67.000000,12.000000,-75.000000
273,-1.000000,-17.000000,-104.000000,-10.000000,-4.000000,-100.000000,-13.000000,-4.000000,109.000000,67.000000,12.000000,-75.000000
274,-1.000000,-17.000000,-104.000000,-10.000000,-4.000000,-100.000000,-13.000000,-4.000000,109.000000,67.000000,12.000000,-75.000000
275,-1.000000,-17.000000,-104.000000,-10.000000,-4.000000,-100.000000,-13.000000,-4.000000,109.000000,67.000000,12.000000,-75.000000
276,-1.000000,-17.000000,-104.000000,-10.000000,-4.000000,-100.000000,-13.000000,-4.000000,109.000000,67.000000,12.000000,-75.000000
277,-1.000000,-17.000000,-104.000000,-10.000000,-4.000000,-100.000000,-13.000000,-4.000000,109.000000,67.000000,12.000000,-75.000000
278,-1.000000,-17.000000,-104.000000,-10.000000,-4.000000,-100.000000,-13.000000,-4.000000,109.000000,67.000000,12.000000,-75.000000
279,-1.000000,-17.000000,-104.000000,-10.000000,-4.000000,-100.000000,-13.000000,-4.000000,109.000000,67.000000,12.000000,-75.000000
280,-1.000000,-17.000000,-104.000000,-10.000000,-4.000000,-100.000000,-13.000000,-4.000000,109.000000,67.000000,12.000000,-75.000000
281,-1.000000,-17.000000,-104.000000,-10.000000,-4.000000,-100.000000,-13.000000,-4.000000,109.000000,67.000000,12.000000,-75.000000
282,-1.000000,-17.000000,-104.000000,-10.000000,-4.000000,-100.000000,-13.000000,-4.000000,109.000000,67.000000,12.000000,-75.000000
283,-1.000000,-17.000000,-104.000000,-10.000000,-4.000000,-100.000000,-13.000000,-4.000000,109.000000,67.000000,12.000000,-75.000000
284,-1.000000,-17.000000,-104.000000,-10.000000,-4.000000,-100.000000,-13.000000,-4.000000,109.000000,67.000000,12.000000,-75.000000
285,-1.000000,-17.000000,-104.000000,-10.000000,-4.000000,-100.000000,-13.000000,-4.000000,109.000000,67.000000,12.000000,-75.000000
286,-1.000000,-17.000000,-104.000000,-10.000000,-4.000000,-100.000000,-13.000000,-4.000000,109.000000,67.000000,12.000000,-75.000000
287,-2.000000,-17.000000,-104.000000,-10.000000,-4.000000,-100.000000,-13.000000,-4.000000,109.000000,67.000000,12.000000,-75.000000
288,-2.000000,-17.000000,-104.000000,-8.000000,-4.000000,-100.000000,-13.000000,-4.000000,109.000000,67.000000,12.000000,-75.000000
289,-2.000000,-17.000000,-104.000000,-8.000000,-4.000000,-100.000000,-13.000000,-4.000000,109.000000,67.000000,12.000000,-75.000000
290,-2.000000,-17.000000,-104.000000,-8.000000,-4.000000,-100.000000,-13.000000,-4.000000,109.000000,67.000000,12.000000,-75.000000
291,-2.000000,-17.000000,-104.000000,-8.000000,-4.000000,-100.000000,-13.000000,-4.000000,109.000000,67.000000,12.000000,-75.000000
292,-2.000000,-17.000000,-104.000000,-8.000000,-4.000000,-100.000000,-13.000000,-4.000000,109.000000,67.000000,12.000000,-75.000000
293,-2.000000,-17.000000,-104.000000,-8.000000,-4.000000,-100.000000,-13.000000,-4.000000,108.000000,67.000000,12.000000,-75.000000
294,-2.000000,-17.000000,-104.000000,-8.000000,-4.000000,-100.000000,-13.000000,-4.000000,108.000000,67.000000,12.000000,-75.000000
295,-2.000000,-17.000000,-104.000000,-8.000000,-4.000000,-100.000000,-13.000000,-4.000000,108.000000,67.000000,12.000000,-75.000000
296,-2.000000,-17.000000,-104.000000,-8.000000,-4.000000,-100.000000,-13.000000,-4.000000,108.000000,67.000000,12.000000,-75.000000
297,-2.000000,-17.000000,-104.000000,-8.000000,-4.000000,-100.000000,-13.000000,-4.000000,108.000000,67.000000,12.000000,-75.000000
298,-2.000000,-17.000000,-104.000000,-8.000000,-4.000000,-100.000000,-13.000000,-4.000000,108.000000,67.000000,12.000000,-75.000000
299,-2.000000,-17.000000,-104.000000,-8.000000,-4.000000,-100.000000,-13.000000,-4.000000,108.000000,67.000000,12.000000,-75.000000
300,-2.000000,-17.000000,-104.000000,-8.000000,-4.000000,-100.000000,-13.000000,-4.000000,108.000000,67.000000,12.000000,-75.000000
301,-2.000000,-17.000000,-104.000000,-8.000000,-4.000000,-100.000000,-13.000000,-4.000000,108.000000,67.000000,12.000000,-75.000000
302,-3.000000,-18.000000,-104.000000,-7.000000,-4.000000,-100.000000,-13.000000,-4.000000,108.000000,67.000000,12.000000,-75.000000
303,-3.000000,-18.000000,-104.000000,-7.000000,-4.000000,-100.000000,-13.000000,-4.000000,108.000000,67.000000,12.000000,-75.000000
304,-3.000000,-18.000000,-104.000000,-7.000000,-4.000000,-100.000000,-13.000000,-4.000000,108.000000,67.000000,12.000000,-75.000000
305,-3.000000,-18.000000,-104.000000,-7.000000,-4.000000,-100.000000,-13.000000,-4.000000,108.000000,67.000000,12.000000,-75.000000
306,-3.000000,-18.000000,-104.000000,-7.000000,-4.000000,-100.000000,-13.000000,-4.000000,108.000000,67.000000,12.000000,-75.000000
307,-3.000000,-18.000000,-104.000000,-7.000000,-4.000000,-100.000000,-13.000000,-4.000000,108.000000,67.000000,12.000000,-75.000000
308,-3.000000,-18.000000,-104.000000,-7.000000,-4.000000,-100.000000,-13.000000,-4.000000,109.000000,67.000000,12.000000,-75.000000
309,-3.000000,-18.000000,-104.000000,-7.000000,-4.000000,-100.000000,-13.000000,-4.000000,109.000000,67.000000,12.000000,-75.000000
310,-3.000000,-18.000000,-104.000000,-7.000000,-4.000000,-100.000000,-13.000000,-4.000000,109.000000,67.000000,12.000000,-75.000000
311,-3.000000,-18.000000,-104.000000,-7.000000,-4.000000,-100.000000,-13.000000,-4.000000,109.000000,67.000000,12.000000,-75.000000
312,-3.000000,-18.000000,-104.000000,-7.000000,-4.000000,-100.000000,-13.000000,-4.000000,109.000000,67.000000,12.000000,-75.000000
313,-3.000000,-18.000000,-104.000000,-7.000000,-4.000000,-100.000000,-13.000000,-4.000000,109.000000,67.000000,12.000000,-75.000000
314,-3.000000,-18.000000,-104.000000,-7.000000,-4.000000,-100.000000,-13.000000,-4.000000,109.000000,67.000000,12.000000,-75.000000
315,-3.000000,-18.000000,-104.000000,-7.000000,-4.000000,-100.000000,-13.000000,-4.000000,109.000000,67.000000,12.000000,-75.000000
316,-3.000000,-18.000000,-104.000000,-7.000000,-4.000000,-100.000000,-13.000000,-4.000000,109.000000,67.000000,12.000000,-75.000000
317,-4.000000,-18.000000,-104.000000,-6.000000,-4.000000,-99.000000,-13.000000,-4.000000,109.000000,67.000000,12.000000,-75.000000
318,-4.000000,-18.000000,-104.000000,-6.000000,-4.000000,-99.000000,-13.000000,-4.000000,109.000000,67.000000,12.000000,-75.000000
319,-4.000000,-18.000000,-104.000000,-6.000000,-4.000000,-99.000000,-13.000000,-4.000000,109.000000,67.000000,12.000000,-75.000000
320,-4.000000,-18.000000,-104.000000,-6.000000,-4.000000,-99.000000,-13.000000,-4.000000,109.000000,67.000000,12.000000,-75.000000
321,-4.000000,-18.000000,-104.000000,-6.000000,-4.000000,-99.000000,-13.000000,-4.000000,109.000000,67.000000,12.000000,-75.000000
322,-4.000000,-18.000000,-104.000000,-6.000000,-4.000000,-99.000000,-13.000000,-4.000000,109.000000,67.000000,12.000000,-75.000000
323,-4.000000,-18.000000,-104.000000,-6.000000,-4.000000,-99.000000,-13.000000,-4.000000,109.000000,67.000000,12.000000,-75.000000
324,-4.000000,-18.000000,-104.000000,-6.000000,-4.000000,-99.000000,-13.000000,-4.000000,109.000000,67.000000,12.000000,-75.000000
325,-4.000000,-18.000000,-104.000000,-6.000000,-4.000000,-99.000000,-13.000000,-4.000000,109.000000,67.000000,12.000000,-75.000000
326,-4.000000,-18.000000,-104.000000,-6.000000,-4.000000,-99.000000,-13.000000,-4.000000,109.000000,67.000000,12.000000,-75.000000
327,-4.000000,-18.000000,-104.000000,-6.000000,-4.000000,-99.000000,-13.000000,-4.000000,109.000000,67.000000,12.000000,-75.000000
328,-4.000000,-18.000000,-104.000000,-6.000000,-4.000000,-99.000000,-13.000000,-4.000000,109.000000,67.000000,12.000000,-75.000000
329,-4.000000,-18.000000,-104.000000,-6.000000,-4.000000,-99.000000,-13.000000,-4.000000,109.000000,67.000000,12.000000,-75.000000
330,-4.000000,-18.000000,-104.000000,-6.000000,-4.000000,-99.000000,-13.000000,-4.000000,109.000000,67.000000,12.000000,-75.000000
331,-4.000000,-18.000000,-104.000000,-6.000000,-4.000000,-99.000000,-13.000000,-4.000000,109.000000,67.000000,12.000000,-75.000000
332,-4.000000,-18.000000,-104.000000,-6.000000,-4.000000,-99.000000,-13.000000,-4.000000,109.000000,67.000000,12.000000,-75.000000
333,-4.000000,-18.000000,-104.000000,-6.000000,-4.000000,-99.000000,-13.000000,-4.000000,109.000000,67.000000,12.000000,-75.000000
334,-4.000000,-18.000000,-104.000000,-6.000000,-4.000000,-99.000000,-13.000000,-4.000000,109.000000,67.000000,12.000000,-75.000000
335,-4.000000,-18.000000,-104.000000,-6.000000,-4.000000,-99.000000,-13.000000,-4.000000,109.000000,67.000000,12.000000,-75.000000
336,-4.000000,-18.000000,-104.000000,-6.000000,-4.000000,-99.000000,-13.000000,-4.000000,109.000000,67.000000,12.000000,-75.000000
337,-4.000000,-18.000000,-104.000000,-6.000000,-4.000000,-99.000000,-13.000000,-4.000000,109.000000,67.000000,12.000000,-75.000000
338,-4.000000,-18.000000,-104.000000,-6.000000,-4.000000,-99.000000,-13.000000,-4.000000,109.000000,67.000000,12.000000,-75.000000
339,-4.000000,-18.000000,-104.000000,-6.000000,-4.000000,-99.000000,-13.000000,-4.000000,109.000000,67.000000,12.000000,-75.000000
340,-4.000000,-18.000000,-104.000000,-6.000000,-4.000000,-99.000000,-13.000000,-4.000000,109.000000,67.000000,12.000000,-75.000000
341,-4.000000,-18.000000,-104.000000,-6.000000,-4.000000,-99.000000,-13.000000,-4.000000,109.000000,67.000000,12.000000,-75.000000
342,-4.000000,-18.000000,-104.000000,-6.000000,-4.000000,-99.000000,-13.000000,-4.000000,109.000000,67.000000,12.000000,-75.000000
343,-4.000000,-18.000000,-104.000000,-6.000000,-4.000000,-99.000000,-13.000000,-4.000000,109.000000,67.000000,12.000000,-75.000000
344,-4.000000,-18.000000,-104.000000,-6.000000,-4.000000,-99.000000,-13.000000,-4.000000,109.000000,67.000000,12.000000,-75.000000
345,-4.000000,-18.000000,-104.000000,-6.000000,-4.000000,-99.000000,-13.000000,-4.000000,109.000000,67.000000,12.000000,-75.000000
346,-4.000000,-18.000000,-104.000000,-6.000000,-4.000000,-99.000000,-13.000000,-4.000000,109.000000,67.000000,12.000000,-75.000000
347,-4.000000,-18.000000,-104.000000,-6.000000,-4.000000,-99.000000,-13.000000,-4.000000,109.000000,67.000000,12.000000,-75.000000
348,-4.000000,-18.000000,-104.000000,-6.000000,-4.000000,-99.000000,-13.000000,-4.000000,109.000000,67.000000,12.000000,-75.000000
349,-4.000000,-18.000000,-104.000000,-6.000000,-4.000000,-99.000000,-13.000000,-4.000000,109.000000,67.000000,12.000000,-75.000000
350,-4.000000,-18.000000,-104.000000,-6.000000,-4.000000,-99.000000,-13.000000,-4.000000,109.000000,67.000000,12.000000,-75.000000
351,-4.000000,-18.000000,-104.000000,-6.000000,-4.000000,-99.000000,-13.000000,-4.000000,109.000000,67.000000,12.000000,-75.000000
352,-4.000000,-18.000000,-104.000000,-6.000000,-4.000000,-99.000000,-13.000000,-4.000000,109.000000,67.000000,12.000000,-75.000000
353,-4.000000,-18.000000,-104.000000,-6.000000,-4.000000,-99.000000,-13.000000,-4.000000,109.000000,67.000000,12.000000,-75.000000
354,-4.000000,-18.000000,-104.000000,-6.000000,-4.000000,-99.000000,-13.000000,-4.000000,109.000000,67.000000,12.000000,-75.000000
355,-4.000000,-18.000000,-104.000000,-6.000000,-4.000000,-99.000000,-13.000000,-4.000000,109.000000,67.000000,12.000000,-75.000000
356,-4.000000,-18.000000,-104.000000,-6.000000,-4.000000,-99.000000,-13.000000,-4.000000,109.000000,67.000000,12.000000,-75.000000
357,-4.000000,-18.000000,-104.000000,-6.000000,-4.000000,-99.000000,-13.000000,-4.000000,109.000000,67.000000,12.000000,-75.000000
358,-4.000000,-18.000000,-104.000000,-6.000000,-4.000000,-99.000000,-13.000000,-4.000000,109.000000,67.000000,12.000000,-75.000000
359,-4.000000,-18.000000,-104.000000,-6.000000,-4.000000,-99.000000,-13.000000,-4.000000,109.000000,67.000000,12.000000,-75.000000
360,-4.000000,-18.000000,-104.000000,-6.000000,-4.000000,-99.000000,-13.000000,-4.000000,109.000000,67.000000,12.000000,-75.000000
361,-4.000000,-18.000000,-104.000000,-6.000000,-4.000000,-99.000000,-13.000000,-4.000000,109.000000,67.000000,12.000000,-75.000000
362,-4.000000,-18.000000,-104.000000,-6.000000,-4.000000,-99.000000,-13.000000,-4.000000,109.000000,67.000000,12.000000,-75.000000
363,-4.000000,-18.000000,-104.000000,-6.000000,-4.000000,-99.000000,-13.000000,-4.000000,109.000000,67.000000,12.000000,-75.000000
364,-4.000000,-18.000000,-104.000000,-6.000000,-4.000000,-99.000000,-13.000000,-4.000000,109.000000,67.000000,12.000000,-75.000000
365,-4.000000,-18.000000,-104.000000,-6.000000,-4.000000,-99.000000,-13.000000,-4.000000,109.000000,67.000000,12.000000,-75.000000
366,-4.000000,-18.000000,-104.000000,-6.000000,-4.000000,-99.000000,-13.000000,-4.000000,109.000000,67.000000,12.000000,-75.000000
367,-4.000000,-18.000000,-104.000000,-6.000000,-4.000000,-99.000000,-13.000000,-4.000000,109.000000,67.000000,12.000000,-75.000000
368,-4.000000,-18.000000,-104.000000,-6.000000,-4.000000,-99.000000,-13.000000,-4.000000,109.000000,67.000000,12.000000,-75.000000
369,-4.000000,-18.000000,-104.000000,-6.000000,-4.000000,-99.000000,-13.000000,-4.000000,109.000000,67.000000,12.000000,-75.000000
370,-4.000000,-18.000000,-104.000000,-6.000000,-4.000000,-99.000000,-13.000000,-4.000000,109.000000,67.000000,12.000000,-75.000000
371,-4.000000,-18.000000,-104.000000,-6.000000,-4.000000,-99.000000,-13.000000,-4.000000,109.000000,67.000000,12.000000,-75.000000
372,-4.000000,-18.000000,-104.000000,-6.000000,-4.000000,-99.000000,-13.000000,-4.000000,109.000000,67.000000,12.000000,-75.000000
373,-4.000000,-18.000000,-104.000000,-6.000000,-4.000000,-99.000000,-13.000000,-4.000000,109.000000,67.000000,12.000000,-75.000000
374,-4.000000,-18.000000,-104.000000,-6.000000,-4.000000,-99.000000,-13.000000,-4.000000,109.000000,67.000000,12.000000,-75.000000
375,-4.000000,-18.000000,-104.000000,-6.000000,-4.000000,-99.000000,-13.000000,-4.000000,109.000000,67.000000,12.000000,-75.000000
376,-4.000000,-18.000000,-104.000000,-6.000000,-4.000000,-99.000000,-13.000000,-4.000000,109.000000,67.000000,12.000000,-75.000000
377,-4.000000,-18.000000,-104.000000,-6.000000,-4.000000,-99.000000,-13.000000,-4.000000,109.000000,67.000000,12.000000,-75.000000
378,-4.000000,-18.000000,-104.000000,-6.000000,-4.000000,-99.000000,-13.000000,-4.000000,109.000000,67.000000,12.000000,-75.000000
379,-4.000000,-18.000000,-104.000000,-6.000000,-4.000000,-99.000000,-13.000000,-4.000000,109.000000,67.000000,12.000000,-75.000000
380,-4.000000,-18.000000,-104.000000,-6.000000,-4.000000,-99.000000,-13.000000,-4.000000,109.000000,67.000000,12.000000,-75.000000
381,-4.000000,-18.000000,-104.000000,-6.000000,-4.000000,-99.000000,-13.000000,-4.000000,109.000000,67.000000,12.000000,-75.000000
382,-4.000000,-18.000000,-104.000000,-6.000000,-4.000000,-99.000000,-13.000000,-4.000000,109.000000,67.000000,12.000000,-75.000000
383,-4.000000,-18.000000,-104.000000,-6.000000,-4.000000,-99.000000,-13.000000,-4.000000,109.000000,67.000000,12.000000,-75.000000
384,-4.000000,-18.000000,-104.000000,-6.000000,-4.000000,-99.000000,-13.000000,-4.000000,109.000000,67.000000,12.000000,-75.000000
385,-4.000000,-18.000000,-104.000000,-6.000000,-4.000000,-99.000000,-13.000000,-4.000000,109.000000,67.000000,12.000000,-75.000000
386,-4.000000,-18.000000,-104.000000,-6.000000,-4.000000,-99.000000,-13.000000,-4.000000,109.000000,67.000000,12.000000,-75.000000
387,-4.000000,-18.000000,-104.000000,-6.000000,-4.000000,-99.000000,-13.000000,-4.000000,109.000000,67.000000,12.000000,-75.000000
388,-4.000000,-18.000000,-104.000000,-6.000000,-4.000000,-99.000000,-13.000000,-4.000000,109.000000,67.000000,12.000000,-75.000000
389,-4.000000,-18.000000,-104.000000,-6.000000,-4.000000,-99.000000,-13.000000,-4.000000,109.000000,67.000000,12.000000,-75.000000
390,-4.000000,-18.000000,-104.000000,-6.000000,-4.000000,-99.000000,-13.000000,-4.000000,109.000000,67.000000,12.000000,-75.000000
391,-4.000000,-18.000000,-104.000000,-6.000000,-4.000000,-99.000000,-13.000000,-4.000000,109.000000,67.000000,12.000000,-75.000000
392,-4.000000,-18.000000,-104.000000,-6.000000,-4.000000,-99.000000,-13.000000,-4.000000,109.000000,67.000000,12.000000,-75.000000
393,-4.000000,-18.000000,-104.000000,-6.000000,-4.000000,-99.000000,-13.000000,-4.000000,109.000000,67.000000,12.000000,-75.000000
394,-4.000000,-18.000000,-104.000000,-6.000000,-4.000000,-99.000000,-13.000000,-4.000000,109.000000,67.000000,12.000000,-75.000000
395,-4.000000,-18.000000,-104.000000,-6.000000,-4.000000,-99.000000,-13.000000,-4.000000,109.000000,67.000000,12.000000,-75.000000
396,-4.000000,-18.000000,-104.000000,-6.000000,-4.000000,-99.000000,-13.000000,-4.000000,109.000000,67.000000,12.000000,-75.000000
397,-4.000000,-18.000000,-104.000000,-6.000000,-4.000000,-99.000000,-13.000000,-4.000000,109.000000,67.000000,12.000000,-75.000000
398,-4.000000,-18.000000,-104.000000,-6.000000,-4.000000,-99.000000,-13.000000,-4.000000,109.000000,67.000000,12.000000,-75.000000
399,-4.000000,-18.000000,-104.000000,-6.000000,-4.000000,-99.000000,-13.000000,-4.000000,109.000000,67.000000,12.000000,-75.000000
400,-4.000000,-18.000000,-104.000000,-6.000000,-4.000000,-99.000000,-13.000000,-4.000000,109.000000,67.000000,12.000000,-75.000000
401,-4.000000,-18.000000,-104.000000,-6.000000,-4.000000,-99.000000,-13.000000,-4.000000,109.000000,67.000000,12.000000,-75.000000
402,-4.000000,-18.000000,-104.000000,-6.000000,-4.000000,-99.000000,-13.000000,-4.000000,109.000000,67.000000,12.000000,-75.000000
403,-4.000000,-18.000000,-104.000000,-6.000000,-4.000000,-99.000000,-13.000000,-4.000000,109.000000,67.000000,12.000000,-75.000000
404,-4.000000,-18.000000,-104.000000,-6.000000,-4.000000,-99.000000,-13.000000,-4.000000,109.000000,67.000000,12.000000,-75.000000
405,-4.000000,-18.000000,-104.000000,-6.000000,-4.000000,-99.000000,-13.000000,-4.000000,109.000000,67.000000,12.000000,-75.000000
406,-4.000000,-18.000000,-104.000000,-6.000000,-4.000000,-99.000000,-13.000000,-4.000000,109.000000,67.000000,12.000000,-75.000000
407,-4.000000,-18.000000,-104.000000,-6.000000,-4.000000,-99.000000,-13.000000,-4.000000,109.000000,67.000000,12.000000,-75.000000
408,-4.000000,-18.000000,-104.000000,-6.000000,-4.000000,-99.000000,-13.000000,-4.000000,109.000000,67.000000,12.000000,-75.000000
409,-4.000000,-18.000000,-104.000000,-6.000000,-4.000000,-99.000000,-13.000000,-4.000000,109.000000,67.000000,12.000000,-75.000000
410,-4.000000,-18.000000,-104.000000,-6.000000,-4.000000,-99.000000,-13.000000,-4.000000,109.000000,67.000000,12.000000,-75.000000
411,-4.000000,-18.000000,-104.000000,-6.000000,-4.000000,-99.000000,-13.000000,-4.000000,109.000000,67.000000,12.000000,-75.000000
412,-4.000000,-18.000000,-104.000000,-6.000000,-4.000000,-99.000000,-13.000000,-4.000000,109.000000,67.000000,12.000000,-75.000000
413,-4.000000,-18.000000,-104.000000,-6.000000,-4.000000,-99.000000,-13.000000,-4.000000,109.000000,67.000000,12.000000,-75.000000
414,-4.000000,-18.000000,-104.000000,-6.000000,-4.000000,-99.000000,-13.000000,-4.000000,109.000000,67.000000,12.000000,-75.000000
415,-4.000000,-18.000000,-104.000000,-6.000000,-4.000000,-99.000000,-13.000000,-4.000000,109.000000,67.000000,12.000000,-75.000000
416,-4.000000,-18.000000,-104.000000,-6.000000,-4.000000,-99.000000,-13.000000,-4.000000,109.000000,67.000000,12.000000,-75.000000
417,-4.000000,-18.000000,-104.000000,-6.000000,-4.000000,-99.000000,-13.000000,-4.000000,109.000000,67.000000,12.000000,-75.000000
418,-4.000000,-18.000000,-104.000000,-6.000000,-4.000000,-99.000000,-13.000000,-4.000000,109.000000,67.000000,12.000000,-75.000000
419,-4.000000,-18.000000,-104.000000,-6.000000,-4.000000,-99.000000,-13.000000,-4.000000,109.000000,67.000000,12.000000,-75.000000
420,-4.000000,-18.000000,-104.000000,-6.000000,-4.000000,-99.000000,-13.000000,-4.000000,109.000000,67.000000,12.000000,-75.000000
421,-4.000000,-18.000000,-104.000000,-6.000000,-4.000000,-99.000000,-13.000000,-4.000000,109.000000,67.000000,12.000000,-75.000000
422,-4.000000,-18.000000,-104.000000,-6.000000,-4.000000,-99.000000,-13.000000,-4.000000,109.000000,67.000000,12.000000,-75.000000
423,-4.000000,-18.000000,-104.000000,-6.000000,-4.000000,-99.000000,-13.000000,-4.000000,109.000000,67.000000,12.000000,-75.000000
424,-4.000000,-18.000000,-104.000000,-6.000000,-4.000000,-99.000000,-13.000000,-4.000000,109.000000,67.000000,12.000000,-75.000000
425,-4.000000,-18.000000,-104.000000,-6.000000,-4.000000,-99.000000,-13.000000,-4.000000,109.000000,67.000000,12.000000,-75.000000
426,-4.000000,-18.000000,-104.000000,-6.000000,-4.000000,-99.000000,-13.000000,-4.000000,109.000000,67.000000,12.000000,-75.000000
427,-4.000000,-18.000000,-104.000000,-6.000000,-4.000000,-99.000000,-13.000000,-4.000000,109.000000,67.000000,12.000000,-75.000000
428,-4.000000,-18.000000,-104.000000,-6.000000,-4.000000,-99.000000,-13.000000,-4.000000,109.000000,67.000000,12.000000,-75.000000
429,-4.000000,-18.000000,-104.000000,-6.000000,-4.000000,-99.000000,-13.000000,-4.000000,109.000000,67.000000,12.000000,-75.000000
430,-4.000000,-18.000000,-104.000000,-6.000000,-4.000000,-99.000000,-13.000000,-4.000000,109.000000,67.000000,12.000000,-75.000000
431,-4.000000,-18.000000,-104.000000,-6.000000,-4.000000,-99.000000,-13.000000,-4.000000,109.000000,67.000000,12.000000,-75.000000
432,-4.000000,-18.000000,-104.000000,-6.000000,-4.000000,-99.000000,-13.000000,-4.000000,109.000000,67.000000,12.000000,-75.000000
433,-4.000000,-18.000000,-104.000000,-6.000000,-4.000000,-99.000000,-13.000000,-4.000000,109.000000,67.000000,12.000000,-75.000000
434,-4.000000,-18.000000,-104.000000,-6.000000,-4.000000,-99.000000,-13.000000,-4.000000,109.000000,67.000000,12.000000,-75.000000
435,-4.000000,-18.000000,-104.000000,-6.000000,-4.000000,-99.000000,-13.000000,-4.000000,109.000000,67.000000,12.000000,-75.000000
436,-4.000000,-18.000000,-104.000000,-6.000000,-4.000000,-99.000000,-13.000000,-4.000000,109.000000,67.000000,12.000000,-75.000000
437,-4.000000,-18.000000,-104.000000,-6.000000,-4.000000,-99.000000,-13.000000,-4.000000,109.000000,67.000000,12.000000,-75.000000
438,-4.000000,-18.000000,-104.000000,-6.000000,-4.000000,-99.000000,-13.000000,-4.000000,109.000000,67.000000,12.000000,-75.000000
439,-4.000000,-18.000000,-104.000000,-6.000000,-4.000000,-99.000000,-13.000000,-4.000000,109.000000,67.000000,12.000000,-75.000000
440,-4.000000,-18.000000,-104.000000,-6.000000,-4.000000,-99.000000,-13.000000,-4.000000,109.000000,67.000000,12.000000,-75.000000
441,-4.000000,-18.000000,-104.000000,-6.000000,-4.000000,-99.000000,-13.000000,-4.000000,109.000000,67.000000,12.000000,-75.000000
442,-4.000000,-18.000000,-104.000000,-6.000000,-4.000000,-99.000000,-13.000000,-4.000000,109.000000,67.000000,12.000000,-75.000000
443,-4.000000,-18.000000,-104.000000,-6.000000,-4.000000,-99.000000,-13.000000,-4.000000,109.000000,67.000000,12.000000,-75.000000
444,-4.000000,-18.000000,-104.000000,-6.000000,-4.000000,-99.000000,-13.000000,-4.000000,109.000000,67.000000,12.000000,-75.000000
445,-4.000000,-18.000000,-104.000000,-6.000000,-4.000000,-99.000000,-13.000000,-4.000000,109.000000,67.000000,12.000000,-75.000000
446,-4.000000,-18.000000,-104.000000,-6.000000,-4.000000,-99.000000,-13.000000,-4.000000,109.000000,67.000000,12.000000,-75.000000
447,-4.000000,-18.000000,-104.000000,-6.000000,-4.000000,-99.000000,-13.000000,-4.000000,109.000000,67.000000,12.000000,-75.000000
448,-4.000000,-18.000000,-104.000000,-6.000000,-4.000000,-99.000000,-13.000000,-4.000000,109.000000,67.000000,12.000000,-75.000000
449,-4.000000,-18.000000,-104.000000,-6.000000,-4.000000,-99.000000,-13.000000,-4.000000,109.000000,67.000000,12.000000,-75.000000
450,-4.000000,-18.000000,-104.000000,-6.000000,-4.000000,-99.000000,-13.000000,-4.000000,109.000000,67.000000,12.000000,-75.000000
451,-4.000000,-18.000000,-104.000000,-6.000000,-4.000000,-99.000000,-13.000000,-4.000000,109.000000,67.000000,12.000000,-75.000000
452,-4.000000,-18.000000,-104.000000,-6.000000,-4.000000,-99.000000,-13.000000,-4.000000,109.000000,67.000000,12.000000,-75.000000
453,-4.000000,-18.000000,-104.000000,-6.000000,-4.000000,-99.000000,-13.000000,-4.000000,109.000000,67.000000,12.000000,-75.000000
454,-4.000000,-18.000000,-104.000000,-6.000000,-4.000000,-99.000000,-13.000000,-4.000000,109.000000,67.000000,12.000000,-75.000000
455,-14.000000,-25.000000,-104.000000,2.000000,-4.000000,-99.000000,-14.000000,-5.000000,108.000000,68.000000,12.000000,-74.000000
456,-14.000000,-25.000000,-104.000000,2.000000,-4.000000,-99.000000,-14.000000,-5.000000,108.000000,68.000000,12.000000,-74.000000
457,-14.000000,-25.000000,-104.000000,2.000000,-4.000000,-99.000000,-14.000000,-5.000000,108.000000,68.000000,12.000000,-74.000000
458,-14.000000,-25.000000,-104.000000,2.000000,-4.000000,-99.000000,-14.000000,-5.000000,108.000000,68.000000,12.000000,-74.000000
459,-14.000000,-25.000000,-104.000000,2.000000,-4.000000,-99.000000,-14.000000,-5.000000,108.000000,68.000000,12.000000,-74.000000
460,-14.000000,-25.000000,-104.000000,2.000000,-4.000000,-99.000000,-14.000000,-5.000000,108.000000,68.000000,12.000000,-74.000000
461,-14.000000,-25.000000,-104.000000,2.000000,-4.000000,-99.000000,-14.000000,-5.000000,108.000000,68.000000,12.000000,-74.000000
462,-14.000000,-25.000000,-104.000000,2.000000,-4.000000,-99.000000,-14.000000,-5.000000,108.000000,68.000000,12.000000,-74.000000
463,-14.000000,-25.000000,-104.000000,2.000000,-4.000000,-99.000000,-14.000000,-5.000000,108.000000,68.000000,12.000000,-74.000000
464,-14.000000,-25.000000,-104.000000,2.000000,-4.000000,-99.000000,-14.000000,-5.000000,108.000000,68.000000,12.000000,-74.000000
465,-14.000000,-25.000000,-104.000000,2.000000,-4.000000,-99.000000,-14.000000,-5.000000,108.000000,68.000000,12.000000,-74.000000
466,-14.000000,-25.000000,-104.000000,2.000000,-4.000000,-99.000000,-14.000000,-5.000000,108.000000,68.000000,12.000000,-74.000000
467,-16.000000,-26.000000,-104.000000,4.000000,-4.000000,-99.000000,-14.000000,-5.000000,108.000000,68.000000,12.000000,-74.000000
468,-16.000000,-26.000000,-104.000000,4.000000,-4.000000,-99.000000,-14.000000,-5.000000,108.000000,68.000000,12.000000,-74.000000
469,-16.000000,-26.000000,-104.000000,4.000000,-4.000000,-99.000000,-14.000000,-5.000000,108.000000,68.000000,12.000000,-74.000000
470,-16.000000,-26.000000,-104.000000,4.000000,-4.000000,-99.000000,-14.000000,-5.000000,108.000000,68.000000,12.000000,-74.000000
471,-16.000000,-26.000000,-104.000000,4.000000,-4.000000,-99.000000,-14.000000,-5.000000,108.000000,68.000000,12.000000,-74.000000
472,-16.000000,-26.000000,-104.000000,4.000000,-4.000000,-99.000000,-15.000000,-5.000000,107.000000,68.000000,12.000000,-74.000000
473,-16.000000,-26.000000,-104.000000,4.000000,-4.000000,-99.000000,-15.000000,-5.000000,107.000000,68.000000,12.000000,-74.000000
474,-16.000000,-26.000000,-104.000000,4.000000,-4.000000,-99.000000,-15.000000,-5.000000,107.000000,68.000000,12.000000,-74.000000
475,-16.000000,-26.000000,-104.000000,4.000000,-4.000000,-99.000000,-15.000000,-5.000000,107.000000,68.000000,12.000000,-74.000000
476,-16.000000,-26.000000,-104.000000,4.000000,-4.000000,-99.000000,-15.000000,-5.000000,107.000000,68.000000,12.000000,-74.000000
477,-16.000000,-26.000000,-104.000000,4.000000,-4.000000,-99.000000,-15.000000,-5.000000,107.000000,68.000000,12.000000,-74.000000
478,-16.000000,-26.000000,-104.000000,4.000000,-4.000000,-99.000000,-15.000000,-5.000000,107.000000,69.000000,12.000000,-74.000000
479,-16.000000,-26.000000,-104.000000,4.000000,-4.000000,-99.000000,-15.000000,-5.000000,107.000000,69.000000,12.000000,-74.000000
480,-16.000000,-26.000000,-104.000000,4.000000,-4.000000,-99.000000,-15.000000,-5.000000,107.000000,69.000000,12.000000,-74.000000
481,-16.000000,-26.000000,-104.000000,4.000000,-4.000000,-99.000000,-15.000000,-5.000000,107.000000,69.000000,12.000000,-74.000000
482,-17.000000,-27.000000,-104.000000,5.000000,-4.000000,-99.000000,-15.000000,-5.000000,107.000000,69.000000,12.000000,-74.000000
483,-17.000000,-27.000000,-104.000000,5.000000,-4.000000,-99.000000,-15.000000,-5.000000,107.000000,69.000000,12.000000,-74.000000
484,-17.000000,-27.000000,-104.000000,5.000000,-4.000000,-99.000000,-15.000000,-5.000000,107.000000,69.000000,12.000000,-74.000000
485,-17.000000,-27.000000,-104.000000,5.000000,-4.000000,-99.000000,-15.000000,-5.000000,107.000000,69.000000,12.000000,-74.000000
486,-17.000000,-27.000000,-104.000000,5.000000,-4.000000,-99.000000,-15.000000,-5.000000,107.000000,69.000000,12.000000,-74.000000
487,-17.000000,-27.000000,-104.000000,5.000000,-4.000000,-99.000000,-15.000000,-5.000000,107.000000,69.000000,12.000000,-74.000000
488,-17.000000,-27.000000,-104.000000,5.000000,-4.000000,-99.000000,-15.000000,-5.000000,107.000000,69.000000,12.000000,-74.000000
489,-17.000000,-27.000000,-104.000000,5.000000,-4.000000,-99.000000,-15.000000,-5.000000,107.000000,69.000000,12.000000,-74.000000
490,-17.000000,-27.000000,-104.000000,5.000000,-4.000000,-99.000000,-15.000000,-5.000000,107.000000,69.000000,12.000000,-74.000000
491,-17.000000,-27.000000,-104.000000,5.000000,-4.000000,-99.000000,-15.000000,-5.000000,107.000000,69.000000,12.000000,-74.000000
492,-17.000000,-27.000000,-104.000000,5.000000,-4.000000,-99.000000,-15.000000,-5.000000,107.000000,69.000000,12.000000,-74.000000
493,-17.000000,-27.000000,-104.000000,5.000000,-4.000000,-99.000000,-15.000000,-5.000000,107.000000,69.000000,13.000000,-74.000000
494,-17.000000,-27.000000,-104.000000,5.000000,-4.000000,-99.000000,-15.000000,-5.000000,107.000000,69.000000,13.000000,-74.000000
495,-17.000000,-27.000000,-104.000000,5.000000,-4.000000,-99.000000,-15.000000,-5.000000,107.000000,69.000000,13.000000,-74.000000
496,-17.000000,-27.000000,-104.000000,5.000000,-4.000000,-99.000000,-15.000000,-5.000000,107.000000,69.000000,13.000000,-74.000000
497,-19.000000,-28.000000,-104.000000,7.000000,-4.000000,-99.000000,-15.000000,-5.000000,107.000000,69.000000,13.000000,-74.000000
498,-19.000000,-28.000000,-104.000000,7.000000,-4.000000,-99.000000,-15.000000,-5.000000,107.000000,69.000000,13.000000,-74.000000
499,-19.000000,-28.000000,-104.000000,7.000000,-4.000000,-99.000000,-15.000000,-5.000000,107.000000,69.000000,13.000000,-74.000000
500,-19.000000,-28.000000,-104.000000,7.000000,-4.000000,-99.000000,-15.000000,-5.000000,107.000000,69.000000,13.000000,-74.000000
501,-19.000000,-28.000000,-104.000000,7.000000,-4.000000,-99.000000,-15.000000,-5.000000,107.000000,69.000000,13.000000,-74.000000
502,-19.000000,-28.000000,-104.000000,7.000000,-4.000000,-99.000000,-15.000000,-5.000000,106.000000,69.000000,13.000000,-74.000000
503,-19.000000,-28.000000,-104.000000,7.000000,-4.000000,-99.000000,-15.000000,-5.000000,106.000000,69.000000,13.000000,-74.000000
504,-19.000000,-28.000000,-104.000000,7.000000,-4.000000,-99.000000,-15.000000,-5.000000,106.000000,69.000000,13.000000,-74.000000
505,-19.000000,-28.000000,-104.000000,7.000000,-4.000000,-99.000000,-15.000000,-5.000000,106.000000,69.000000,13.000000,-74.000000
506,-19.000000,-28.000000,-104.000000,7.000000,-4.000000,-99.000000,-15.000000,-5.000000,106.000000,69.000000,13.000000,-74.000000
507,-19.000000,-28.000000,-104.000000,7.000000,-4.000000,-99.000000,-15.000000,-5.000000,106.000000,69.000000,13.000000,-74.000000
508,-19.000000,-28.000000,-104.000000,7.000000,-4.000000,-99.000000,-15.000000,-5.000000,106.000000,69.000000,13.000000,-74.000000
509,-19.000000,-28.000000,-104.000000,7.000000,-4.000000,-99.000000,-15.000000,-5.000000,106.000000,69.000000,13.000000,-74.000000
510,-19.000000,-28.000000,-104.000000,7.000000,-4.000000,-99.000000,-15.000000,-5.000000,106.000000,69.000000,13.000000,-74.000000
511,-19.000000,-28.000000,-104.000000,7.000000,-4.000000,-99.000000,-15.000000,-5.000000,106.000000,69.000000,13.000000,-74.000000
512,-19.000000,-28.000000,-104.000000,7.000000,-4.000000,-99.000000,-15.000000,-5.000000,106.000000,69.000000,13.000000,-74.000000
513,-19.000000,-28.000000,-104.000000,7.000000,-4.000000,-99.000000,-15.000000,-5.000000,106.000000,69.000000,13.000000,-74.000000
514,-19.000000,-28.000000,-104.000000,7.000000,-4.000000,-99.000000,-15.000000,-5.000000,106.000000,69.000000,13.000000,-74.000000
515,-19.000000,-28.000000,-104.000000,7.000000,-4.000000,-99.000000,-15.000000,-5.000000,106.000000,69.000000,13.000000,-74.000000
516,-19.000000,-28.000000,-104.000000,7.000000,-4.000000,-99.000000,-15.000000,-5.000000,106.000000,69.000000,13.000000,-74.000000
517,-19.000000,-28.000000,-104.000000,7.000000,-4.000000,-99.000000,-15.000000,-5.000000,106.000000,69.000000,13.000000,-74.000000
518,-19.000000,-28.000000,-104.000000,7.000000,-4.000000,-99.000000,-15.000000,-5.000000,106.000000,69.000000,13.000000,-74.000000
519,-19.000000,-28.000000,-104.000000,7.000000,-4.000000,-99.000000,-15.000000,-5.000000,106.000000,69.000000,13.000000,-74.000000
520,-19.000000,-28.000000,-104.000000,7.000000,-4.000000,-99.000000,-15.000000,-5.000000,106.000000,69.000000,13.000000,-74.000000
521,-19.000000,-28.000000,-104.000000,7.000000,-4.000000,-99.000000,-15.000000,-5.000000,106.000000,69.000000,13.000000,-74.000000
522,-19.000000,-28.000000,-104.000000,7.000000,-4.000000,-99.000000,-15.000000,-5.000000,106.000000,69.000000,13.000000,-74.000000
523,-19.000000,-28.000000,-104.000000,7.000000,-4.000000,-99.000000,-15.000000,-5.000000,106.000000,69.000000,13.000000,-74.000000
524,-19.000000,-28.000000,-104.000000,7.000000,-4.000000,-99.000000,-15.000000,-5.000000,106.000000,69.000000,13.000000,-74.000000
525,-19.000000,-28.000000,-104.000000,7.000000,-4.000000,-99.000000,-15.000000,-5.000000,106.000000,69.000000,13.000000,-74.000000
526,-19.000000,-28.000000,-104.000000,7.000000,-4.000000,-99.000000,-15.000000,-5.000000,106.000000,69.000000,13.000000,-74.000000
527,-19.000000,-28.000000,-104.000000,7.000000,-4.000000,-99.000000,-15.000000,-5.000000,106.000000,69.000000,13.000000,-74.000000
528,-19.000000,-28.000000,-104.000000,7.000000,-4.000000,-99.000000,-15.000000,-5.000000,106.000000,69.000000,13.000000,-74.000000
529,-19.000000,-28.000000,-104.000000,7.000000,-4.000000,-99.000000,-15.000000,-5.000000,106.000000,69.000000,13.000000,-74.000000
530,-19.000000,-28.000000,-104.000000,7.000000,-4.000000,-99.000000,-15.000000,-5.000000,106.000000,69.000000,13.000000,-74.000000
531,-19.000000,-28.000000,-104.000000,7.000000,-4.000000,-99.000000,-15.000000,-5.000000,106.000000,69.000000,13.000000,-74.000000
532,-19.000000,-28.000000,-104.000000,7.000000,-4.000000,-99.000000,-15.000000,-5.000000,106.000000,69.000000,13.000000,-74.000000
533,-19.000000,-28.000000,-104.000000,7.000000,-4.000000,-99.000000,-15.000000,-5.000000,106.000000,69.000000,13.000000,-74.000000
534,-19.000000,-28.000000,-104.000000,7.000000,-4.000000,-99.000000,-15.000000,-5.000000,106.000000,69.000000,13.000000,-74.000000
535,-19.000000,-28.000000,-104.000000,7.000000,-4.000000,-99.000000,-15.000000,-5.000000,106.000000,69.000000,13.000000,-74.000000
536,-19.000000,-28.000000,-104.000000,7.000000,-4.000000,-99.000000,-15.000000,-5.000000,106.000000,69.000000,13.000000,-74.000000
537,-19.000000,-28.000000,-104.000000,7.000000,-4.000000,-99.000000,-15.000000,-5.000000,106.000000,69.000000,13.000000,-74.000000
538,-19.000000,-28.000000,-104.000000,7.000000,-4.000000,-99.000000,-15.000000,-5.000000,106.000000,69.000000,13.000000,-74.000000
539,-19.000000,-28.000000,-104.000000,7.000000,-4.000000,-99.000000,-15.000000,-5.000000,106.000000,69.000000,13.000000,-74.000000
540,-19.000000,-28.000000,-104.000000,7.000000,-4.000000,-99.000000,-15.000000,-5.000000,106.000000,69.000000,13.000000,-74.000000
541,-19.000000,-28.000000,-104.000000,7.000000,-4.000000,-99.000000,-15.000000,-5.000000,106.000000,69.000000,13.000000,-74.000000
542,-19.000000,-28.000000,-104.000000,7.000000,-4.000000,-99.000000,-15.000000,-5.000000,106.000000,69.000000,13.000000,-74.000000
543,-19.000000,-28.000000,-104.000000,7.000000,-4.000000,-99.000000,-15.000000,-5.000000,106.000000,69.000000,13.000000,-74.000000
544,-19.000000,-28.000000,-104.000000,7.000000,-4.000000,-99.000000,-15.000000,-5.000000,106.000000,69.000000,13.000000,-74.000000
545,-19.000000,-28.000000,-104.000000,7.000000,-4.000000,-99.000000,-15.000000,-5.000000,106.000000,69.000000,13.000000,-74.000000
546,-19.000000,-28.000000,-104.000000,7.000000,-4.000000,-99.000000,-15.000000,-5.000000,106.000000,69.000000,13.000000,-74.000000
547,-19.000000,-28.000000,-104.000000,7.000000,-4.000000,-99.000000,-15.000000,-5.000000,106.000000,69.000000,13.000000,-74.000000
548,-19.000000,-28.000000,-104.000000,7.000000,-4.000000,-99.000000,-15.000000,-5.000000,106.000000,69.000000,13.000000,-74.000000
549,-19.000000,-28.000000,-104.000000,7.000000,-4.000000,-99.000000,-15.000000,-5.000000,106.000000,69.000000,13.000000,-74.000000
550,-19.000000,-28.000000,-104.000000,7.000000,-4.000000,-99.000000,-15.000000,-5.000000,106.000000,69.000000,13.000000,-74.000000
551,-19.000000,-28.000000,-104.000000,7.000000,-4.000000,-99.000000,-15.000000,-5.000000,106.000000,69.000000,13.000000,-74.000000
552,-19.000000,-28.000000,-104.000000,7.000000,-4.000000,-99.000000,-15.000000,-5.000000,106.000000,69.000000,13.000000,-74.000000
553,-19.000000,-28.000000,-104.000000,7.000000,-4.000000,-99.000000,-15.000000,-5.000000,106.000000,69.000000,13.000000,-74.000000
554,-19.000000,-28.000000,-104.000000,7.000000,-4.000000,-99.000000,-15.000000,-5.000000,106.000000,69.000000,13.000000,-74.000000
555,-19.000000,-28.000000,-104.000000,7.000000,-4.000000,-99.000000,-15.000000,-5.000000,106.000000,69.000000,13.000000,-74.000000
556,-19.000000,-28.000000,-104.000000,7.000000,-4.000000,-99.000000,-15.000000,-5.000000,106.000000,69.000000,13.000000,-74.000000
557,-19.000000,-28.000000,-104.000000,7.000000,-4.000000,-99.000000,-15.000000,-5.000000,106.000000,69.000000,13.000000,-74.000000
558,-19.000000,-28.000000,-104.000000,7.000000,-4.000000,-99.000000,-15.000000,-5.000000,106.000000,69.000000,13.000000,-74.000000
559,-19.000000,-28.000000,-104.000000,7.000000,-4.000000,-99.000000,-15.000000,-5.000000,106.000000,69.000000,13.000000,-74.000000
560,-19.000000,-28.000000,-104.000000,7.000000,-4.000000,-99.000000,-15.000000,-5.000000,106.000000,69.000000,13.000000,-74.000000
561,-19.000000,-28.000000,-104.000000,7.000000,-4.000000,-99.000000,-15.000000,-5.000000,106.000000,69.000000,13.000000,-74.000000
562,-19.000000,-28.000000,-104.000000,7.000000,-4.000000,-99.000000,-15.000000,-5.000000,106.000000,69.000000,13.000000,-74.000000
563,-19.000000,-28.000000,-104.000000,7.000000,-4.000000,-99.000000,-15.000000,-5.000000,106.000000,69.000000,13.000000,-74.000000
564,-19.000000,-28.000000,-104.000000,7.000000,-4.000000,-99.000000,-15.000000,-5.000000,106.000000,69.000000,13.000000,-74.000000
565,-19.000000,-28.000000,-104.000000,7.000000,-4.000000,-99.000000,-15.000000,-5.000000,106.000000,69.000000,13.000000,-74.000000
566,-19.000000,-28.000000,-104.000000,7.000000,-4.000000,-99.000000,-15.000000,-5.000000,106.000000,69.000000,13.000000,-74.000000
567,-19.000000,-28.000000,-104.000000,7.000000,-4.000000,-99.000000,-15.000000,-5.000000,106.000000,69.000000,13.000000,-74.000000
568,-19.000000,-28.000000,-104.000000,7.000000,-4.000000,-99.000000,-15.000000,-5.000000,106.000000,69.000000,13.000000,-74.000000
569,-19.000000,-28.000000,-104.000000,7.000000,-4.000000,-99.000000,-15.000000,-5.000000,106.000000,69.000000,13.000000,-74.000000
570,-19.000000,-28.000000,-104.000000,7.000000,-4.000000,-99.000000,-15.000000,-5.000000,106.000000,69.000000,13.000000,-74.000000
571,-19.000000,-28.000000,-104.000000,7.000000,-4.000000,-99.000000,-15.000000,-5.000000,106.000000,69.000000,13.000000,-74.000000
572,-19.000000,-28.000000,-104.000000,7.000000,-4.000000,-99.000000,-15.000000,-5.000000,106.000000,69.000000,13.000000,-74.000000
573,-19.000000,-28.000000,-104.000000,7.000000,-4.000000,-99.000000,-15.000000,-5.000000,106.000000,69.000000,13.000000,-74.000000
574,-19.000000,-28.000000,-104.000000,7.000000,-4.000000,-99.000000,-15.000000,-5.000000,106.000000,69.000000,13.000000,-74.000000
575,-19.000000,-28.000000,-104.000000,7.000000,-4.000000,-99.000000,-15.000000,-5.000000,106.000000,69.000000,13.000000,-74.000000
576,-19.000000,-28.000000,-104.000000,7.000000,-4.000000,-99.000000,-15.000000,-5.000000,106.000000,69.000000,13.000000,-74.000000
577,-19.000000,-28.000000,-104.000000,7.000000,-4.000000,-99.000000,-15.000000,-5.000000,106.000000,69.000000,13.000000,-74.000000
578,-19.000000,-28.000000,-104.000000,7.000000,-4.000000,-99.000000,-15.000000,-5.000000,106.000000,69.000000,13.000000,-74.000000
579,-19.000000,-28.000000,-104.000000,7.000000,-4.000000,-99.000000,-15.000000,-5.000000,106.000000,69.000000,13.000000,-74.000000
580,-19.000000,-28.000000,-104.000000,7.000000,-4.000000,-99.000000,-15.000000,-5.000000,106.000000,69.000000,13.000000,-74.000000
581,-19.000000,-28.000000,-104.000000,7.000000,-4.000000,-99.000000,-15.000000,-5.000000,106.000000,69.000000,13.000000,-74.000000
582,-19.000000,-28.000000,-104.000000,7.000000,-4.000000,-99.000000,-15.000000,-5.000000,106.000000,69.000000,13.000000,-74.000000
583,-19.000000,-28.000000,-104.000000,7.000000,-4.000000,-99.000000,-15.000000,-5.000000,106.000000,69.000000,13.000000,-74.000000
584,-19.000000,-28.000000,-104.000000,7.000000,-4.000000,-99.000000,-15.000000,-5.000000,106.000000,69.000000,13.000000,-74.000000
585,-19.000000,-28.000000,-104.000000,7.000000,-4.000000,-99.000000,-15.000000,-5.000000,106.000000,69.000000,13.000000,-74.000000
586,-19.000000,-28.000000,-104.000000,7.000000,-4.000000,-99.000000,-15.000000,-5.000000,106.000000,69.000000,13.000000,-74.000000
587,-19.000000,-28.000000,-104.000000,7.000000,-4.000000,-99.000000,-15.000000,-5.000000,106.000000,69.000000,13.000000,-74.000000
588,-19.000000,-28.000000,-104.000000,7.000000,-4.000000,-99.000000,-15.000000,-5.000000,106.000000,69.000000,13.000000,-74.000000
589,-19.000000,-28.000000,-104.000000,7.000000,-4.000000,-99.000000,-15.000000,-5.000000,106.000000,69.000000,13.000000,-74.000000
590,-19.000000,-28.000000,-104.000000,7.000000,-4.000000,-99.000000,-15.000000,-5.000000,106.000000,69.000000,13.000000,-74.000000
591,-19.000000,-28.000000,-104.000000,7.000000,-4.000000,-99.000000,-15.000000,-5.000000,106.000000,69.000000,13.000000,-74.000000
592,-19.000000,-28.000000,-104.000000,7.000000,-4.000000,-99.000000,-15.000000,-5.000000,106.000000,69.000000,13.000000,-74.000000
593,-19.000000,-28.000000,-104.000000,7.000000,-4.000000,-99.000000,-15.000000,-5.000000,106.000000,69.000000,13.000000,-74.000000
594,-19.000000,-28.000000,-104.000000,7.000000,-4.000000,-99.000000,-15.000000,-5.000000,106.000000,69.000000,13.000000,-74.000000
595,-19.000000,-28.000000,-104.000000,7.000000,-4.000000,-99.000000,-15.000000,-5.000000,106.000000,69.000000,13.000000,-74.000000
596,-19.000000,-28.000000,-104.000000,7.000000,-4.000000,-99.000000,-15.000000,-5.000000,106.000000,69.000000,13.000000,-74.000000
597,-19.000000,-28.000000,-104.000000,7.000000,-4.000000,-99.000000,-15.000000,-5.000000,106.000000,69.000000,13.000000,-74.000000
598,-19.000000,-28.000000,-104.000000,7.000000,-4.000000,-99.000000,-15.000000,-5.000000,106.000000,69.000000,13.000000,-74.000000
599,-19.000000,-28.000000,-104.000000,7.000000,-4.000000,-99.000000,-15.000000,-5.000000,106.000000,69.000000,13.000000,-74.000000
600,-19.000000,-28.000000,-104.000000,7.000000,-4.000000,-99.000000,-15.000000,-5.000000,106.000000,69.000000,13.000000,-74.000000
601,-19.000000,-28.000000,-104.000000,7.000000,-4.000000,-99.000000,-15.000000,-5.000000,106.000000,69.000000,13.000000,-74.000000
602,-19.000000,-28.000000,-104.000000,7.000000,-4.000000,-99.000000,-15.000000,-5.000000,106.000000,69.000000,13.000000,-74.000000
603,-19.000000,-28.000000,-104.000000,7.000000,-4.000000,-99.000000,-15.000000,-5.000000,106.000000,69.000000,13.000000,-74.000000
604,-19.000000,-28.000000,-104.000000,7.000000,-4.000000,-99.000000,-15.000000,-5.000000,106.000000,69.000000,13.000000,-74.000000
605,-19.000000,-28.000000,-104.000000,7.000000,-4.000000,-99.000000,-15.000000,-5.000000,106.000000,69.000000,13.000000,-74.000000
606,-19.000000,-28.000000,-104.000000,7.000000,-4.000000,-99.000000,-15.000000,-5.000000,106.000000,69.000000,13.000000,-74.000000
607,-19.000000,-28.000000,-104.000000,7.000000,-4.000000,-99.000000,-15.000000,-5.000000,106.000000,69.000000,13.000000,-74.000000
608,-19.000000,-28.000000,-104.000000,7.000000,-4.000000,-99.000000,-15.000000,-5.000000,106.000000,69.000000,13.000000,-74.000000
609,-19.000000,-28.000000,-104.000000,7.000000,-4.000000,-99.000000,-15.000000,-5.000000,106.000000,69.000000,13.000000,-74.000000
610,-19.000000,-28.000000,-104.000000,7.000000,-4.000000,-99.000000,-15.000000,-5.000000,106.000000,69.000000,13.000000,-74.000000
611,-19.000000,-28.000000,-104.000000,7.000000,-4.000000,-99.000000,-15.000000,-5.000000,106.000000,69.000000,13.000000,-74.000000
612,-19.000000,-28.000000,-104.000000,7.000000,-4.000000,-99.000000,-15.000000,-5.000000,106.000000,69.000000,13.000000,-74.000000
613,-19.000000,-28.000000,-104.000000,7.000000,-4.000000,-99.000000,-15.000000,-5.000000,106.000000,69.000000,13.000000,-74.000000
614,-19.000000,-28.000000,-104.000000,7.000000,-4.000000,-99.000000,-15.000000,-5.000000,106.000000,69.000000,13.000000,-74.000000
615,-19.000000,-28.000000,-104.000000,7.000000,-4.000000,-99.000000,-15.000000,-5.000000,106.000000,69.000000,13.000000,-74.000000
616,-19.000000,-28.000000,-104.000000,7.000000,-4.000000,-99.000000,-15.000000,-5.000000,106.000000,69.000000,13.000000,-74.000000
617,-19.000000,-28.000000,-104.000000,7.000000,-4.000000,-99.000000,-15.000000,-5.000000,106.000000,69.000000,13.000000,-74.000000
618,-19.000000,-28.000000,-104.000000,7.000000,-4.000000,-99.000000,-15.000000,-5.000000,106.000000,69.000000,13.000000,-74.000000
619,-19.000000,-28.000000,-104.000000,7.000000,-4.000000,-99.000000,-15.000000,-5.000000,106.000000,69.000000,13.000000,-74.000000
620,-19.000000,-28.000000,-104.000000,7.000000,-4.000000,-99.000000,-15.000000,-5.000000,106.000000,69.000000,13.000000,-74.000000
621,-19.000000,-28.000000,-104.000000,7.000000,-4.000000,-99.000000,-15.000000,-5.000000,106.000000,69.000000,13.000000,-74.000000
622,-19.000000,-28.000000,-104.000000,7.000000,-4.000000,-99.000000,-15.000000,-5.000000,106.000000,69.000000,13.000000,-74.000000
623,-19.000000,-28.000000,-104.000000,7.000000,-4.000000,-99.000000,-15.000000,-5.000000,106.000000,69.000000,13.000000,-74.000000
624,-19.000000,-28.000000,-104.000000,7.000000,-4.000000,-99.000000,-15.000000,-5.000000,106.000000,69.000000,13.000000,-74.000000
625,-19.000000,-28.000000,-104.000000,7.000000,-4.000000,-99.000000,-15.000000,-5.000000,106.000000,69.000000,13.000000,-74.000000
626,-19.000000,-28.000000,-104.000000,7.000000,-4.000000,-99.000000,-15.000000,-5.000000,106.000000,69.000000,13.000000,-74.000000
627,-19.000000,-28.000000,-104.000000,7.000000,-4.000000,-99.000000,-15.000000,-5.000000,106.000000,69.000000,13.000000,-74.000000
628,-19.000000,-28.000000,-104.000000,7.000000,-4.000000,-99.000000,-15.000000,-5.000000,106.000000,69.000000,13.000000,-74.000000
629,-19.000000,-28.000000,-104.000000,7.000000,-4.000000,-99.000000,-15.000000,-5.000000,106.000000,69.000000,13.000000,-74.000000
630,-19.000000,-28.000000,-104.000000,7.000000,-4.000000,-99.000000,-15.000000,-5.000000,106.000000,69.000000,13.000000,-74.000000
631,-19.000000,-28.000000,-104.000000,7.000000,-4.000000,-99.000000,-15.000000,-5.000000,106.000000,69.000000,13.000000,-74.000000
632,-19.000000,-28.000000,-104.000000,7.000000,-4.000000,-99.000000,-15.000000,-5.000000,106.000000,69.000000,13.000000,-74.000000
633,-19.000000,-28.000000,-104.000000,7.000000,-4.000000,-99.000000,-15.000000,-5.000000,106.000000,69.000000,13.000000,-74.000000
634,-19.000000,-28.000000,-104.000000,7.000000,-4.000000,-99.000000,-15.000000,-5.000000,106.000000,69.000000,13.000000,-74.000000
635,-19.000000,-28.000000,-104.000000,7.000000,-4.000000,-99.000000,-15.000000,-5.000000,106.000000,69.000000,13.000000,-74.000000
636,-19.000000,-28.000000,-104.000000,7.000000,-4.000000,-99.000000,-15.000000,-5.000000,106.000000,69.000000,13.000000,-74.000000
637,-19.000000,-28.000000,-104.000000,7.000000,-4.000000,-99.000000,-15.000000,-5.000000,106.000000,69.000000,13.000000,-74.000000
638,-19.000000,-28.000000,-104.000000,7.000000,-4.000000,-99.000000,-15.000000,-5.000000,106.000000,69.000000,13.000000,-74.000000
639,-19.000000,-28.000000,-104.000000,7.000000,-4.000000,-99.000000,-15.000000,-5.000000,106.000000,69.000000,13.000000,-74.000000
640,-19.000000,-28.000000,-104.000000,7.000000,-4.000000,-99.000000,-15.000000,-5.000000,106.000000,69.000000,13.000000,-74.000000
641,-19.000000,-28.000000,-104.000000,7.000000,-4.000000,-99.000000,-15.000000,-5.000000,106.000000,69.000000,13.000000,-74.000000
642,-19.000000,-28.000000,-104.000000,7.000000,-4.000000,-99.000000,-15.000000,-5.000000,106.000000,69.000000,13.000000,-74.000000
643,-19.000000,-28.000000,-104.000000,7.000000,-4.000000,-99.000000,-15.000000,-5.000000,106.000000,69.000000,13.000000,-74.000000
644,-19.000000,-28.000000,-104.000000,7.000000,-4.000000,-99.000000,-15.000000,-5.000000,106.000000,69.000000,13.000000,-74.000000
645,-19.000000,-28.000000,-104.000000,7.000000,-4.000000,-99.000000,-15.000000,-5.000000,106.000000,69.000000,13.000000,-74.000000
646,-19.000000,-28.000000,-104.000000,7.000000,-4.000000,-99.000000,-15.000000,-5.000000,106.000000,69.000000,13.000000,-74.000000
647,-19.000000,-28.000000,-104.000000,7.000000,-4.000000,-99.000000,-15.000000,-5.000000,106.000000,69.000000,13.000000,-74.000000
648,-19.000000,-28.000000,-104.000000,7.000000,-4.000000,-99.000000,-15.000000,-5.000000,106.000000,69.000000,13.000000,-74.000000
649,-19.000000,-28.000000,-104.000000,7.000000,-4.000000,-99.000000,-15.000000,-5.000000,106.000000,69.000000,13.000000,-74.000000
650,-19.000000,-28.000000,-104.000000,7.000000,-4.000000,-99.000000,-15.000000,-5.000000,106.000000,69.000000,13.000000,-74.000000
651,-19.000000,-28.000000,-104.000000,7.000000,-4.000000,-99.000000,-15.000000,-5.000000,106.000000,69.000000,13.000000,-74.000000
652,-19.000000,-28.000000,-104.000000,7.000000,-4.000000,-99.000000,-15.000000,-5.000000,106.000000,69.000000,13.000000,-74.000000
653,-44.000000,-38.000000,-94.000000,17.000000,-3.000000,-100.000000,-17.000000,-4.000000,107.000000,72.000000,13.000000,-74.000000
654,-44.000000,-38.000000,-94.000000,17.000000,-3.000000,-100.000000,-17.000000,-4.000000,107.000000,72.000000,13.000000,-74.000000
655,-44.000000,-38.000000,-94.000000,17.000000,-3.000000,-100.000000,-17.000000,-4.000000,107.000000,72.000000,13.000000,-74.000000
656,-44.000000,-38.000000,-94.000000,17.000000,-3.000000,-100.000000,-17.000000,-4.000000,107.000000,72.000000,13.000000,-74.000000
657,-44.000000,-38.000000,-94.000000,17.000000,-3.000000,-100.000000,-17.000000,-4.000000,107.000000,72.000000,13.000000,-74.000000
658,-44.000000,-38.000000,-94.000000,17.000000,-3.000000,-100.000000,-17.000000,-4.000000,107.000000,73.000000,13.000000,-74.000000
659,-44.000000,-38.000000,-94.000000,17.000000,-3.000000,-100.000000,-17.000000,-4.000000,107.000000,73.000000,13.000000,-74.000000
660,-44.000000,-38.000000,-94.000000,17.000000,-3.000000,-100.000000,-17.000000,-4.000000,107.000000,73.000000,13.000000,-74.000000
661,-46.000000,-39.000000,-93.000000,18.000000,-3.000000,-100.000000,-17.000000,-4.000000,107.000000,73.000000,13.000000,-74.000000
662,-46.000000,-39.000000,-93.000000,18.000000,-3.000000,-100.000000,-17.000000,-4.000000,107.000000,73.000000,13.000000,-74.000000
663,-46.000000,-39.000000,-93.000000,18.000000,-3.000000,-100.000000,-17.000000,-4.000000,107.000000,73.000000,13.000000,-74.000000
664,-46.000000,-39.000000,-93.000000,18.000000,-3.000000,-100.000000,-17.000000,-4.000000,107.000000,73.000000,13.000000,-74.000000
665,-46.000000,-39.000000,-93.000000,18.000000,-3.000000,-100.000000,-17.000000,-4.000000,107.000000,73.000000,13.000000,-74.000000
666,-46.000000,-39.000000,-93.000000,18.000000,-3.000000,-100.000000,-17.000000,-4.000000,106.000000,73.000000,13.000000,-74.000000
667,-46.000000,-39.000000,-93.000000,18.000000,-3.000000,-100.000000,-17.000000,-4.000000,106.000000,73.000000,13.000000,-74.000000
668,-46.000000,-39.000000,-93.000000,18.000000,-3.000000,-100.000000,-17.000000,-4.000000,106.000000,73.000000,13.000000,-74.000000
669,-46.000000,-39.000000,-93.000000,18.000000,-3.000000,-100.000000,-17.000000,-4.000000,106.000000,73.000000,13.000000,-74.000000
670,-46.000000,-39.000000,-93.000000,18.000000,-3.000000,-100.000000,-17.000000,-4.000000,106.000000,73.000000,13.000000,-74.000000
671,-46.000000,-39.000000,-93.000000,18.000000,-3.000000,-100.000000,-17.000000,-4.000000,106.000000,73.000000,13.000000,-74.000000
672,-46.000000,-39.000000,-93.000000,18.000000,-3.000000,-100.000000,-17.000000,-4.000000,106.000000,73.000000,13.000000,-74.000000
673,-46.000000,-39.000000,-93.000000,18.000000,-3.000000,-100.000000,-17.000000,-4.000000,106.000000,73.000000,13.000000,-74.000000
674,-46.000000,-39.000000,-93.000000,18.000000,-3.000000,-100.000000,-17.000000,-4.000000,106.000000,73.000000,13.000000,-74.000000
675,-46.000000,-39.000000,-93.000000,18.000000,-3.000000,-100.000000,-17.000000,-4.000000,106.000000,73.000000,13.000000,-74.000000
676,-48.000000,-39.000000,-92.000000,19.000000,-3.000000,-99.000000,-17.000000,-4.000000,106.000000,73.000000,13.000000,-74.000000
677,-48.000000,-39.000000,-92.000000,19.000000,-3.000000,-99.000000,-17.000000,-4.000000,106.000000,73.000000,13.000000,-74.000000
678,-48.000000,-39.000000,-92.000000,19.000000,-3.000000,-99.000000,-17.000000,-4.000000,106.000000,73.000000,13.000000,-74.000000
679,-48.000000,-39.000000,-92.000000,19.000000,-3.000000,-99.000000,-17.000000,-4.000000,106.000000,73.000000,13.000000,-74.000000
680,-48.000000,-39.000000,-92.000000,19.000000,-3.000000,-99.000000,-17.000000,-4.000000,106.000000,73.000000,13.000000,-74.000000
681,-48.000000,-39.000000,-92.000000,19.000000,-3.000000,-99.000000,-18.000000,-4.000000,106.000000,73.000000,13.000000,-74.000000
682,-48.000000,-39.000000,-92.000000,19.000000,-3.000000,-99.000000,-18.000000,-4.000000,106.000000,73.000000,13.000000,-74.000000
683,-48.000000,-39.000000,-92.000000,19.000000,-3.000000,-99.000000,-18.000000,-4.000000,106.000000,73.000000,13.000000,-74.000000
684,-48.000000,-39.000000,-92.000000,19.000000,-3.000000,-99.000000,-18.000000,-4.000000,106.000000,73.000000,13.000000,-74.000000
685,-48.000000,-39.000000,-92.000000,19.000000,-3.000000,-99.000000,-18.000000,-4.000000,106.000000,73.000000,13.000000,-74.000000
686,-48.000000,-39.000000,-92.000000,19.000000,-3.000000,-99.000000,-18.000000,-4.000000,106.000000,73.000000,13.000000,-74.000000
687,-48.000000,-39.000000,-92.000000,19.000000,-3.000000,-99.000000,-18.000000,-4.000000,106.000000,73.000000,13.000000,-74.000000
688,-48.000000,-39.000000,-92.000000,19.000000,-3.000000,-99.000000,-18.000000,-4.000000,106.000000,73.000000,13.000000,-74.000000
689,-48.000000,-39.000000,-92.000000,19.000000,-3.000000,-99.000000,-18.000000,-4.000000,106.000000,73.000000,13.000000,-74.000000
690,-48.000000,-39.000000,-92.000000,19.000000,-3.000000,-99.000000,-18.000000,-4.000000,106.000000,73.000000,13.000000,-74.000000
691,-50.000000,-40.000000,-91.000000,21.000000,-3.000000,-99.000000,-18.000000,-4.000000,106.000000,73.000000,13.000000,-74.000000
692,-50.000000,-40.000000,-91.000000,21.000000,-3.000000,-99.000000,-18.000000,-4.000000,106.000000,73.000000,13.000000,-74.000000
693,-50.000000,-40.000000,-91.000000,21.000000,-3.000000,-99.000000,-18.000000,-4.000000,106.000000,73.000000,13.000000,-74.000000
694,-50.000000,-40.000000,-91.000000,21.000000,-3.000000,-99.000000,-18.000000,-4.000000,106.000000,73.000000,13.000000,-74.000000
695,-50.000000,-40.000000,-91.000000,21.000000,-3.000000,-99.000000,-18.000000,-4.000000,106.000000,73.000000,13.000000,-74.000000
696,-50.000000,-40.000000,-91.000000,21.000000,-3.000000,-99.000000,-18.000000,-4.000000,106.000000,73.000000,13.000000,-74.000000
697,-50.000000,-40.000000,-91.000000,21.000000,-3.000000,-99.000000,-18.000000,-4.000000,106.000000,73.000000,13.000000,-74.000000
698,-50.000000,-40.000000,-91.000000,21.000000,-3.000000,-99.000000,-18.000000,-4.000000,106.000000,73.000000,13.000000,-74.000000
699,-50.000000,-40.000000,-91.000000,21.000000,-3.000000,-99.000000,-18.000000,-4.000000,106.000000,73.000000,13.000000,-74.000000
700,-50.000000,-40.000000,-91.000000,21.000000,-3.000000,-99.000000,-18.000000,-4.000000,106.000000,73.000000,13.000000,-74.000000
701,-50.000000,-40.000000,-91.000000,21.000000,-3.000000,-99.000000,-18.000000,-4.000000,106.000000,73.000000,13.000000,-74.000000
702,-50.000000,-40.000000,-91.000000,21.000000,-3.000000,-99.000000,-18.000000,-4.000000,106.000000,73.000000,13.000000,-74.000000
703,-50.000000,-40.000000,-91.000000,21.000000,-3.000000,-99.000000,-18.000000,-4.000000,106.000000,73.000000,13.000000,-74.000000
704,-50.000000,-40.000000,-91.000000,21.000000,-3.000000,-99.000000,-18.000000,-4.000000,106.000000,73.000000,13.000000,-74.000000
705,-50.000000,-40.000000,-91.000000,21.000000,-3.000000,-99.000000,-18.000000,-4.000000,106.000000,73.000000,13.000000,-74.000000
706,-52.000000,-40.000000,-90.000000,21.000000,-3.000000,-99.000000,-18.000000,-4.000000,106.000000,73.000000,13.000000,-74.000000
707,-53.978722,-40.000000,-89.007095,21.000000,-3.000000,-99.000000,-18.000000,-4.000000,106.000000,73.000000,13.000000,-74.000000
708,-55.936169,-40.000000,-88.021278,21.000000,-3.000000,-99.000000,-18.000000,-4.000000,106.000000,73.000000,13.000000,-74.000000
709,-57.872341,-40.000000,-87.042557,21.000000,-3.000000,-99.000000,-18.000000,-4.000000,106.000000,73.000000,13.000000,-74.000000
710,-59.787235,-40.000000,-86.070923,21.000000,-3.000000,-99.000000,-18.000000,-4.000000,106.000000,73.000000,13.000000,-74.000000
711,-61.680851,-40.000000,-85.106384,21.000000,-3.000000,-99.000000,-18.000000,-4.000000,106.000000,73.000000,13.000000,-74.000000
712,-63.553192,-40.000000,-84.148933,21.000000,-3.000000,-99.000000,-18.000000,-4.000000,106.000000,73.000000,13.000000,-74.000000
713,-65.404259,-40.000000,-83.198578,21.000000,-3.000000,-99.000000,-18.000000,-4.000000,106.000000,73.000000,13.000000,-74.000000
714,-67.234039,-40.000000,-82.255318,21.000000,-3.000000,-99.000000,-18.000000,-4.000000,106.000000,73.000000,13.000000,-74.000000
715,-69.042557,-40.000000,-81.319145,21.000000,-3.000000,-99.000000,-18.000000,-4.000000,106.000000,73.000000,13.000000,-74.000000
716,-70.829788,-40.000000,-80.390068,21.000000,-3.000000,-99.000000,-18.000000,-4.000000,106.000000,73.000000,13.000000,-74.000000
717,-72.595741,-40.000000,-79.468086,21.000000,-3.000000,-99.000000,-18.000000,-4.000000,106.000000,73.000000,13.000000,-74.000000
718,-74.340424,-40.000000,-78.553192,21.000000,-3.000000,-99.000000,-18.000000,-4.000000,106.000000,73.000000,13.000000,-74.000000
719,-76.063828,-40.000000,-77.645393,21.000000,-3.000000,-99.000000,-18.000000,-4.000000,106.000000,73.000000,13.000000,-74.000000
720,-77.765961,-40.000000,-76.744682,21.000000,-3.000000,-99.000000,-18.000000,-4.000000,106.000000,73.000000,13.000000,-74.000000
721,-79.446808,-40.000000,-75.851067,21.000000,-3.000000,-99.000000,-18.000000,-4.000000,106.000000,73.000000,13.000000,-74.000000
722,-81.106384,-40.000000,-74.964539,21.000000,-3.000000,-99.000000,-18.000000,-4.000000,106.000000,73.000000,13.000000,-74.000000
723,-82.744682,-40.000000,-74.085106,21.000000,-3.000000,-99.000000,-18.000000,-4.000000,106.000000,73.000000,13.000000,-74.000000
724,-84.361702,-40.000000,-73.212769,21.000000,-3.000000,-99.000000,-18.000000,-4.000000,106.000000,73.000000,13.000000,-74.000000
725,-85.957443,-40.000000,-72.347519,21.000000,-3.000000,-99.000000,-18.000000,-4.000000,106.000000,73.000000,13.000000,-74.000000
726,-87.531914,-40.000000,-71.489365,21.000000,-3.000000,-99.000000,-18.000000,-4.000000,106.000000,73.000000,13.000000,-74.000000
727,-89.085106,-40.000000,-70.638298,21.000000,-3.000000,-99.000000,-18.000000,-4.000000,106.000000,73.000000,13.000000,-74.000000
728,-90.617020,-40.000000,-69.794327,21.000000,-3.000000,-99.000000,-18.000000,-4.000000,106.000000,73.000000,13.000000,-74.000000
729,-92.127663,-40.000000,-68.957443,21.000000,-3.000000,-99.000000,-18.000000,-4.000000,106.000000,73.000000,13.000000,-74.000000
730,-93.617020,-40.000000,-68.127663,21.000000,-3.000000,-99.000000,-18.000000,-4.000000,106.000000,73.000000,13.000000,-74.000000
731,-95.085106,-40.000000,-67.304962,21.000000,-3.000000,-99.000000,-18.000000,-4.000000,106.000000,73.000000,13.000000,-74.000000
732,-96.531914,-40.000000,-66.489365,21.000000,-3.000000,-99.000000,-18.000000,-4.000000,106.000000,73.000000,13.000000,-74.000000
733,-97.957443,-40.000000,-65.680855,21.000000,-3.000000,-99.000000,-18.000000,-4.000000,106.000000,73.000000,13.000000,-74.000000
734,-99.361702,-40.000000,-64.879433,21.000000,-3.000000,-99.000000,-18.000000,-4.000000,106.000000,73.000000,13.000000,-74.000000
735,-100.744682,-40.000000,-64.085106,21.000000,-3.000000,-99.000000,-18.000000,-4.000000,106.000000,73.000000,13.000000,-74.000000
736,-102.106384,-40.000000,-63.297871,21.000000,-3.000000,-99.000000,-18.000000,-4.000000,106.000000,73.000000,13.000000,-74.000000
737,-103.446808,-40.000000,-62.517731,21.000000,-3.000000,-99.000000,-18.000000,-4.000000,106.000000,73.000000,13.000000,-74.000000
738,-104.765961,-40.000000,-61.744682,21.000000,-3.000000,-99.000000,-18.000000,-4.000000,106.000000,73.000000,13.000000,-74.000000
739,-106.063828,-40.000000,-60.978722,21.000000,-3.000000,-99.000000,-18.000000,-4.000000,106.000000,73.000000,13.000000,-74.000000
740,-107.340424,-40.000000,-60.219856,21.000000,-3.000000,-99.000000,-18.000000,-4.000000,106.000000,73.000000,13.000000,-74.000000
741,-108.595741,-40.000000,-59.468086,21.000000,-3.000000,-99.000000,-18.000000,-4.000000,106.000000,73.000000,13.000000,-74.000000
742,-109.829788,-40.000000,-58.723404,21.000000,-3.000000,-99.000000,-18.000000,-4.000000,106.000000,73.000000,13.000000,-74.000000
743,-111.042557,-40.000000,-57.985817,21.000000,-3.000000,-99.000000,-18.000000,-4.000000,106.000000,73.000000,13.000000,-74.000000
744,-112.234039,-40.000000,-57.255318,21.000000,-3.000000,-99.000000,-18.000000,-4.000000,106.000000,73.000000,13.000000,-74.000000
745,-113.404259,-40.000000,-56.531914,21.000000,-3.000000,-99.000000,-18.000000,-4.000000,106.000000,73.000000,13.000000,-74.000000
746,-114.553192,-40.000000,-55.815601,21.000000,-3.000000,-99.000000,-18.000000,-4.000000,106.000000,73.000000,13.000000,-74.000000
747,-115.680855,-40.000000,-55.106384,21.000000,-3.000000,-99.000000,-18.000000,-4.000000,106.000000,73.000000,13.000000,-74.000000
748,-116.787231,-40.000000,-54.404255,21.000000,-3.000000,-99.000000,-18.000000,-4.000000,106.000000,73.000000,13.000000,-74.000000
749,-117.872337,-40.000000,-53.709221,21.000000,-3.000000,-99.000000,-18.000000,-4.000000,106.000000,73.000000,13.000000,-74.000000
750,-118.936172,-40.000000,-53.021278,21.000000,-3.000000,-99.000000,-18.000000,-4.000000,106.000000,73.000000,13.000000,-74.000000
751,-119.978722,-40.000000,-52.340427,21.000000,-3.000000,-99.000000,-18.000000,-4.000000,106.000000,73.000000,13.000000,-74.000000
752,-121.000000,-40.000000,-51.666668,21.000000,-3.000000,-99.000000,-18.000000,-4.000000,106.000000,73.000000,13.000000,-74.000000
753,-122.000000,-40.000000,-51.000000,21.000000,-3.000000,-99.000000,-18.000000,-4.000000,106.000000,73.000000,13.000000,-74.000000
754,-122.978722,-40.000000,-50.340427,21.000000,-3.000000,-99.000000,-18.000000,-4.000000,106.000000,73.000000,13.000000,-74.000000
755,-123.936172,-40.000000,-49.687943,21.000000,-3.000000,-99.000000,-18.000000,-4.000000,106.000000,73.000000,13.000000,-74.000000
756,-124.872337,-40.000000,-49.042553,21.000000,-3.000000,-99.000000,-18.000000,-4.000000,106.000000,73.000000,13.000000,-74.000000
757,-125.787231,-40.000000,-48.404255,21.000000,-3.000000,-99.000000,-18.000000,-4.000000,106.000000,73.000000,13.000000,-74.000000
758,-126.680855,-40.000000,-47.773048,21.000000,-3.000000,-99.000000,-18.000000,-4.000000,106.000000,73.000000,13.000000,-74.000000
759,-127.553192,-40.000000,-47.148937,21.000000,-3.000000,-99.000000,-18.000000,-4.000000,106.000000,73.000000,13.000000,-74.000000
760,-128.404251,-40.000000,-46.531914,21.000000,-3.000000,-99.000000,-18.000000,-4.000000,106.000000,73.000000,13.000000,-74.000000
761,-129.234039,-40.000000,-45.921986,21.000000,-3.000000,-99.000000,-18.000000,-4.000000,106.000000,73.000000,13.000000,-74.000000
762,-130.042557,-40.000000,-45.319149,21.000000,-3.000000,-99.000000,-18.000000,-4.000000,106.000000,73.000000,13.000000,-74.000000
763,-130.829788,-40.000000,-44.723404,21.000000,-3.000000,-99.000000,-18.000000,-4.000000,106.000000,73.000000,13.000000,-74.000000
764,-131.595749,-40.000000,-44.134750,21.000000,-3.000000,-99.000000,-18.000000,-4.000000,106.000000,73.000000,13.000000,-74.000000
765,-132.340424,-40.000000,-43.553192,21.000000,-3.000000,-99.000000,-18.000000,-4.000000,106.000000,73.000000,13.000000,-74.000000
766,-133.063828,-40.000000,-42.978722,21.000000,-3.000000,-99.000000,-18.000000,-4.000000,106.000000,73.000000,13.000000,-74.000000
767,-133.765961,-40.000000,-42.411346,21.000000,-3.000000,-99.000000,-18.000000,-4.000000,106.000000,73.000000,13.000000,-74.000000
768,-134.446808,-40.000000,-41.851063,21.000000,-3.000000,-99.000000,-18.000000,-4.000000,106.000000,73.000000,13.000000,-74.000000
769,-135.106384,-40.000000,-41.297871,21.000000,-3.000000,-99.000000,-18.000000,-4.000000,106.000000,73.000000,13.000000,-74.000000
770,-135.744675,-40.000000,-40.751774,21.000000,-3.000000,-99.000000,-18.000000,-4.000000,106.000000,73.000000,13.000000,-74.000000
771,-136.361710,-40.000000,-40.212765,21.000000,-3.000000,-99.000000,-18.000000,-4.000000,106.000000,73.000000,13.000000,-74.000000
772,-136.957443,-40.000000,-39.680851,21.000000,-3.000000,-99.000000,-18.000000,-4.000000,106.000000,73.000000,13.000000,-74.000000
773,-137.531921,-40.000000,-39.156029,21.000000,-3.000000,-99.000000,-18.000000,-4.000000,106.000000,73.000000,13.000000,-74.000000
774,-138.085114,-40.000000,-38.638298,21.000000,-3.000000,-99.000000,-18.000000,-4.000000,106.000000,73.000000,13.000000,-74.000000
775,-138.617020,-40.000000,-38.127659,21.000000,-3.000000,-99.000000,-18.000000,-4.000000,106.000000,73.000000,13.000000,-74.000000
776,-139.127655,-40.000000,-37.624115,21.000000,-3.000000,-99.000000,-18.000000,-4.000000,106.000000,73.000000,13.000000,-74.000000
777,-139.617020,-40.000000,-37.127659,21.000000,-3.000000,-99.000000,-18.000000,-4.000000,106.000000,73.000000,13.000000,-74.000000
778,-140.085114,-40.000000,-36.638298,21.000000,-3.000000,-99.000000,-18.000000,-4.000000,106.000000,73.000000,13.000000,-74.000000
779,-140.531921,-40.000000,-36.156029,21.000000,-3.000000,-99.000000,-18.000000,-4.000000,106.000000,73.000000,13.000000,-74.000000
780,-140.957443,-40.000000,-35.680851,21.000000,-3.000000,-99.000000,-18.000000,-4.000000,106.000000,73.000000,13.000000,-74.000000
781,-141.361710,-40.000000,-35.212765,21.000000,-3.000000,-99.000000,-18.000000,-4.000000,106.000000,73.000000,13.000000,-74.000000
782,-141.744675,-40.000000,-34.751774,21.000000,-3.000000,-99.000000,-18.000000,-4.000000,106.000000,73.000000,13.000000,-74.000000
783,-142.106384,-40.000000,-34.297871,21.000000,-3.000000,-99.000000,-18.000000,-4.000000,106.000000,73.000000,13.000000,-74.000000
784,-142.446808,-40.000000,-33.851063,21.000000,-3.000000,-99.000000,-18.000000,-4.000000,106.000000,73.000000,13.000000,-74.000000
785,-142.765961,-40.000000,-33.411346,21.000000,-3.000000,-99.000000,-18.000000,-4.000000,106.000000,73.000000,13.000000,-74.000000
786,-143.063828,-40.000000,-32.978722,21.000000,-3.000000,-99.000000,-18.000000,-4.000000,106.000000,73.000000,13.000000,-74.000000
787,-143.340424,-40.000000,-32.553192,21.000000,-3.000000,-99.000000,-18.000000,-4.000000,106.000000,73.000000,13.000000,-74.000000
788,-143.595749,-40.000000,-32.134750,21.000000,-3.000000,-99.000000,-18.000000,-4.000000,106.000000,73.000000,13.000000,-74.000000
789,-143.829788,-40.000000,-31.723404,21.000000,-3.000000,-99.000000,-18.000000,-4.000000,106.000000,73.000000,13.000000,-74.000000
790,-144.042557,-40.000000,-31.319149,21.000000,-3.000000,-99.000000,-18.000000,-4.000000,106.000000,73.000000,13.000000,-74.000000
791,-144.234039,-40.000000,-30.921986,21.000000,-3.000000,-99.000000,-18.000000,-4.000000,106.000000,73.000000,13.000000,-74.000000
792,-144.404251,-40.000000,-30.531916,21.000000,-3.000000,-99.000000,-18.000000,-4.000000,106.000000,73.000000,13.000000,-74.000000
793,-144.553192,-40.000000,-30.148935,21.000000,-3.000000,-99.000000,-18.000000,-4.000000,106.000000,73.000000,13.000000,-74.000000
794,-144.680847,-40.000000,-29.773050,21.000000,-3.000000,-99.000000,-18.000000,-4.000000,106.000000,73.000000,13.000000,-74.000000
795,-144.787231,-40.000000,-29.404255,21.000000,-3.000000,-99.000000,-18.000000,-4.000000,106.000000,73.000000,13.000000,-74.000000
796,-144.872345,-40.000000,-29.042553,21.000000,-3.000000,-99.000000,-18.000000,-4.000000,106.000000,73.000000,13.000000,-74.000000
797,-144.936172,-40.000000,-28.687943,21.000000,-3.000000,-99.000000,-18.000000,-4.000000,106.000000,73.000000,13.000000,-74.000000
798,-144.978729,-40.000000,-28.340425,21.000000,-3.000000,-99.000000,-18.000000,-4.000000,106.000000,73.000000,13.000000,-74.000000
799,-145.000000,-40.000000,-28.000000,21.000000,-3.000000,-99.000000,-18.000000,-4.000000,106.000000,73.000000,13.000000,-74.000000
800,-145.000000,-40.000000,-27.666666,21.000000,-3.000000,-99.000000,-18.000000,-4.000000,106.000000,73.000000,13.000000,-74.000000
801,-144.978729,-40.000000,-27.340425,21.000000,-3.000000,-99.000000,-18.000000,-4.000000,106.000000,73.000000,13.000000,-74.000000
802,-144.936172,-40.000000,-27.021276,21.000000,-3.000000,-99.000000,-18.000000,-4.000000,106.000000,73.000000,13.000000,-74.000000
803,-144.872345,-40.000000,-26.709219,21.000000,-3.000000,-99.000000,-18.000000,-4.000000,106.000000,73.000000,13.000000,-74.000000
804,-144.787231,-40.000000,-26.404255,21.000000,-3.000000,-99.000000,-18.000000,-4.000000,106.000000,73.000000,13.000000,-74.000000
805,-144.680847,-40.000000,-26.106382,21.000000,-3.000000,-99.000000,-18.000000,-4.000000,106.000000,73.000000,13.000000,-74.000000
806,-144.553192,-40.000000,-25.815603,21.000000,-3.000000,-99.000000,-18.000000,-4.000000,106.000000,73.000000,13.000000,-74.000000
807,-144.404251,-40.000000,-25.531916,21.000000,-3.000000,-99.000000,-18.000000,-4.000000,106.000000,73.000000,13.000000,-74.000000
808,-144.234039,-40.000000,-25.255320,21.000000,-3.000000,-99.000000,-18.000000,-4.000000,106.000000,73.000000,13.000000,-74.000000
809,-144.042557,-40.000000,-24.985815,21.000000,-3.000000,-99.000000,-18.000000,-4.000000,106.000000,73.000000,13.000000,-74.000000
810,-143.829788,-40.000000,-24.723404,21.000000,-3.000000,-99.000000,-18.000000,-4.000000,106.000000,73.000000,13.000000,-74.000000
811,-143.595749,-40.000000,-24.468084,21.000000,-3.000000,-99.000000,-18.000000,-4.000000,106.000000,73.000000,13.000000,-74.000000
812,-143.340424,-40.000000,-24.219858,21.000000,-3.000000,-99.000000,-18.000000,-4.000000,106.000000,73.000000,13.000000,-74.000000
813,-143.063828,-40.000000,-23.978724,21.000000,-3.000000,-99.000000,-18.000000,-4.000000,106.000000,73.000000,13.000000,-74.000000
814,-142.765961,-40.000000,-23.744680,21.000000,-3.000000,-99.000000,-18.000000,-4.000000,106.000000,73.000000,13.000000,-74.000000
815,-142.446808,-40.000000,-23.517731,21.000000,-3.000000,-99.000000,-18.000000,-4.000000,106.000000,73.000000,13.000000,-74.000000
816,-142.106384,-40.000000,-23.297873,21.000000,-3.000000,-99.000000,-18.000000,-4.000000,106.000000,73.000000,13.000000,-74.000000
817,-141.744675,-40.000000,-23.085106,21.000000,-3.000000,-99.000000,-18.000000,-4.000000,106.000000,73.000000,13.000000,-74.000000
818,-141.361710,-40.000000,-22.879433,21.000000,-3.000000,-99.000000,-18.000000,-4.000000,106.000000,73.000000,13.000000,-74.000000
819,-140.957443,-40.000000,-22.680851,21.000000,-3.000000,-99.000000,-18.000000,-4.000000,106.000000,73.000000,13.000000,-74.000000
820,-140.531921,-40.000000,-22.489361,21.000000,-3.000000,-99.000000,-18.000000,-4.000000,106.000000,73.000000,13.000000,-74.000000
821,-140.085114,-40.000000,-22.304964,21.000000,-3.000000,-99.000000,-18.000000,-4.000000,106.000000,73.000000,13.000000,-74.000000
822,-139.617020,-40.000000,-22.127659,21.000000,-3.000000,-99.000000,-18.000000,-4.000000,106.000000,73.000000,13.000000,-74.000000
823,-139.127655,-40.000000,-21.957447,21.000000,-3.000000,-99.000000,-18.000000,-4.000000,106.000000,73.000000,13.000000,-74.000000
824,-138.617020,-40.000000,-21.794327,21.000000,-3.000000,-99.000000,-18.000000,-4.000000,106.000000,73.000000,13.000000,-74.000000
825,-138.085114,-40.000000,-21.638298,21.000000,-3.000000,-99.000000,-18.000000,-4.000000,106.000000,73.000000,13.000000,-74.000000
826,-137.531921,-40.000000,-21.489361,21.000000,-3.000000,-99.000000,-18.000000,-4.000000,106.000000,73.000000,13.000000,-74.000000
827,-136.957443,-40.000000,-21.347517,21.000000,-3.000000,-99.000000,-18.000000,-4.000000,106.000000,73.000000,13.000000,-74.000000
828,-136.361710,-40.000000,-21.212767,21.000000,-3.000000,-99.000000,-18.000000,-4.000000,106.000000,73.000000,13.000000,-74.000000
829,-135.744675,-40.000000,-21.085106,21.000000,-3.000000,-99.000000,-18.000000,-4.000000,106.000000,73.000000,13.000000,-74.000000
830,-135.106384,-40.000000,-20.964539,21.000000,-3.000000,-99.000000,-18.000000,-4.000000,106.000000,73.000000,13.000000,-74.000000
831,-134.446808,-40.000000,-20.851065,21.000000,-3.000000,-99.000000,-18.000000,-4.000000,106.000000,73.000000,13.000000,-74.000000
832,-133.765961,-40.000000,-20.744680,21.000000,-3.000000,-99.000000,-18.000000,-4.000000,106.000000,73.000000,13.000000,-74.000000
833,-133.063828,-40.000000,-20.645390,21.000000,-3.000000,-99.000000,-18.000000,-4.000000,106.000000,73.000000,13.000000,-74.000000
834,-132.340424,-40.000000,-20.553192,21.000000,-3.000000,-99.000000,-18.000000,-4.000000,106.000000,73.000000,13.000000,-74.000000
835,-131.595749,-40.000000,-20.468084,21.000000,-3.000000,-99.000000,-18.000000,-4.000000,106.000000,73.000000,13.000000,-74.000000
836,-130.829788,-40.000000,-20.390072,21.000000,-3.000000,-99.000000,-18.000000,-4.000000,106.000000,73.000000,13.000000,-74.000000
837,-130.042557,-40.000000,-20.319149,21.000000,-3.000000,-99.000000,-18.000000,-4.000000,106.000000,73.000000,13.000000,-74.000000
838,-129.234039,-40.000000,-20.255320,21.000000,-3.000000,-99.000000,-18.000000,-4.000000,106.000000,73.000000,13.000000,-74.000000
839,-56.000000,-42.000000,-91.000000,24.000000,0.000000,-100.000000,-25.000000,-2.000000,108.000000,71.000000,11.000000,-74.000000
840,-55.500000,-42.000000,-91.000000,24.000000,0.000000,-100.000000,-25.000000,-2.000000,108.000000,71.000000,11.000000,-74.000000
841,-55.000000,-42.000000,-91.000000,24.000000,0.000000,-100.000000,-25.000000,-2.000000,108.000000,71.000000,11.000000,-74.000000
842,-55.000000,-42.000000,-91.000000,24.000000,0.000000,-100.000000,-25.000000,-2.000000,108.000000,71.000000,11.000000,-74.000000
843,-55.000000,-42.000000,-91.000000,24.000000,0.000000,-100.000000,-25.000000,-2.000000,108.000000,71.000000,11.000000,-74.000000
844,-55.000000,-42.000000,-91.000000,24.000000,0.000000,-100.000000,-25.000000,-2.000000,108.000000,71.000000,11.000000,-74.000000
845,-55.000000,-42.000000,-91.000000,24.000000,0.000000,-100.000000,-25.000000,-2.000000,108.000000,71.000000,11.000000,-74.000000
846,-55.000000,-42.000000,-91.000000,24.000000,0.000000,-100.000000,-26.000000,-2.000000,108.000000,71.000000,11.000000,-74.000000
847,-55.000000,-42.000000,-91.000000,24.000000,0.000000,-100.000000,-26.000000,-2.000000,108.000000,71.000000,11.000000,-74.000000
848,-55.000000,-42.000000,-91.000000,24.000000,0.000000,-100.000000,-26.000000,-2.000000,108.000000,71.000000,11.000000,-74.000000
849,-55.000000,-42.000000,-91.000000,24.000000,0.000000,-100.000000,-26.000000,-2.000000,108.000000,71.000000,11.000000,-74.000000
850,-55.000000,-42.000000,-91.000000,24.000000,0.000000,-100.000000,-26.000000,-2.000000,108.000000,71.000000,11.000000,-74.000000
851,-55.000000,-42.000000,-91.000000,24.000000,0.000000,-100.000000,-26.000000,-2.000000,108.000000,71.000000,11.000000,-74.000000
852,-55.000000,-42.000000,-91.000000,24.000000,0.000000,-100.000000,-26.000000,-2.000000,108.000000,71.000000,11.000000,-74.000000
853,-55.000000,-42.000000,-91.000000,24.000000,0.000000,-100.000000,-26.000000,-2.000000,108.000000,70.000000,11.000000,-74.000000
854,-55.000000,-42.000000,-91.000000,24.000000,0.000000,-100.000000,-26.000000,-2.000000,108.000000,70.000000,11.000000,-74.000000
855,-55.000000,-42.000000,-91.000000,24.000000,0.000000,-99.000000,-26.000000,-2.000000,108.000000,70.000000,11.000000,-74.000000
856,-54.000000,-42.000000,-92.000000,24.000000,0.000000,-99.000000,-26.000000,-2.000000,108.000000,70.000000,11.000000,-74.000000
857,-54.000000,-42.000000,-92.000000,24.000000,0.000000,-99.000000,-26.000000,-2.000000,108.000000,70.000000,11.000000,-74.000000
858,-54.000000,-42.000000,-92.000000,24.000000,0.000000,-99.000000,-26.000000,-2.000000,108.000000,70.000000,11.000000,-74.000000
859,-54.000000,-42.000000,-92.000000,24.000000,0.000000,-99.000000,-26.000000,-2.000000,108.000000,70.000000,11.000000,-74.000000
860,-54.000000,-42.000000,-92.000000,24.000000,0.000000,-99.000000,-26.000000,-2.000000,108.000000,70.000000,11.000000,-74.000000
861,-54.000000,-42.000000,-92.000000,24.000000,0.000000,-99.000000,-27.000000,-2.000000,107.000000,70.000000,11.000000,-74.000000
862,-54.000000,-42.000000,-92.000000,24.000000,0.000000,-99.000000,-27.000000,-2.000000,107.000000,70.000000,11.000000,-74.000000
863,-54.000000,-42.000000,-92.000000,24.000000,0.000000,-99.000000,-27.000000,-2.000000,107.000000,70.000000,11.000000,-74.000000
864,-54.000000,-42.000000,-92.000000,24.000000,0.000000,-99.000000,-27.000000,-2.000000,107.000000,70.000000,11.000000,-74.000000
865,-54.000000,-42.000000,-92.000000,24.000000,0.000000,-99.000000,-27.000000,-2.000000,107.000000,70.000000,11.000000,-74.000000
866,-54.000000,-42.000000,-92.000000,24.000000,0.000000,-99.000000,-27.000000,-2.000000,107.000000,70.000000,11.000000,-74.000000
867,-54.000000,-42.000000,-92.000000,24.000000,0.000000,-99.000000,-27.000000,-2.000000,107.000000,70.000000,11.000000,-74.000000
868,-54.000000,-42.000000,-92.000000,24.000000,0.000000,-99.000000,-27.000000,-2.000000,107.000000,69.000000,11.000000,-74.000000
869,-54.000000,-42.000000,-92.000000,24.000000,0.000000,-99.000000,-27.000000,-2.000000,107.000000,69.000000,11.000000,-74.000000
870,-52.000000,-41.000000,-92.000000,23.000000,0.000000,-99.000000,-27.000000,-2.000000,107.000000,69.000000,11.000000,-74.000000
871,-52.000000,-41.000000,-92.000000,23.000000,0.000000,-99.000000,-27.000000,-2.000000,107.000000,69.000000,11.000000,-74.000000
872,-52.000000,-41.000000,-92.000000,23.000000,0.000000,-99.000000,-27.000000,-2.000000,107.000000,69.000000,11.000000,-74.000000
873,-52.000000,-41.000000,-92.000000,23.000000,0.000000,-99.000000,-27.000000,-2.000000,107.000000,69.000000,11.000000,-74.000000
874,-52.000000,-41.000000,-92.000000,23.000000,0.000000,-99.000000,-27.000000,-2.000000,107.000000,69.000000,11.000000,-74.000000
875,-52.000000,-41.000000,-92.000000,23.000000,0.000000,-99.000000,-27.000000,-2.000000,107.000000,69.000000,11.000000,-74.000000
876,-52.000000,-41.000000,-92.000000,23.000000,0.000000,-99.000000,-28.000000,-1.000000,108.000000,69.000000,11.000000,-74.000000
877,-52.000000,-41.000000,-92.000000,23.000000,0.000000,-99.000000,-28.000000,-1.000000,108.000000,69.000000,11.000000,-74.000000
878,-52.000000,-41.000000,-92.000000,23.000000,0.000000,-99.000000,-28.000000,-1.000000,108.000000,69.000000,11.000000,-74.000000
879,-52.000000,-41.000000,-92.000000,23.000000,0.000000,-99.000000,-28.000000,-1.000000,108.000000,69.000000,11.000000,-74.000000
880,-52.000000,-41.000000,-92.000000,23.000000,0.000000,-99.000000,-28.000000,-1.000000,108.000000,69.000000,11.000000,-74.000000
881,-52.000000,-41.000000,-92.000000,23.000000,0.000000,-99.000000,-28.000000,-1.000000,108.000000,69.000000,11.000000,-74.000000
882,-52.000000,-41.000000,-92.000000,23.000000,0.000000,-99.000000,-28.000000,-1.000000,108.000000,69.000000,11.000000,-74.000000
883,-52.000000,-41.000000,-92.000000,23.000000,0.000000,-99.000000,-28.000000,-1.000000,108.000000,69.000000,10.000000,-74.000000
884,-52.000000,-41.000000,-92.000000,23.000000,0.000000,-99.000000,-28.000000,-1.000000,108.000000,69.000000,10.000000,-74.000000
885,-51.000000,-40.000000,-93.000000,23.000000,1.000000,-98.000000,-28.000000,-1.000000,108.000000,69.000000,10.000000,-74.000000
886,-51.000000,-40.000000,-93.000000,23.000000,1.000000,-98.000000,-28.000000,-1.000000,108.000000,69.000000,10.000000,-74.000000
887,-51.000000,-40.000000,-93.000000,23.000000,1.000000,-98.000000,-28.000000,-1.000000,108.000000,69.000000,10.000000,-74.000000
888,-51.000000,-40.000000,-93.000000,23.000000,1.000000,-98.000000,-28.000000,-1.000000,108.000000,69.000000,10.000000,-74.000000
889,-51.000000,-40.000000,-93.000000,23.000000,1.000000,-98.000000,-28.000000,-1.000000,108.000000,69.000000,10.000000,-74.000000
890,-51.000000,-40.000000,-93.000000,23.000000,1.000000,-98.000000,-28.000000,-1.000000,108.000000,69.000000,10.000000,-74.000000
891,-51.000000,-40.000000,-93.000000,23.000000,1.000000,-98.000000,-30.000000,-1.000000,109.000000,69.000000,10.000000,-74.000000
892,-51.000000,-40.000000,-93.000000,23.000000,1.000000,-98.000000,-30.000000,-1.000000,109.000000,69.000000,10.000000,-74.000000
893,-51.000000,-40.000000,-93.000000,23.000000,1.000000,-98.000000,-30.000000,-1.000000,109.000000,69.000000,10.000000,-74.000000
894,-51.000000,-40.000000,-93.000000,23.000000,1.000000,-98.000000,-30.000000,-1.000000,109.000000,69.000000,10.000000,-74.000000
895,-51.000000,-40.000000,-93.000000,23.000000,1.000000,-98.000000,-30.000000,-1.000000,109.000000,69.000000,10.000000,-74.000000
896,-51.000000,-40.000000,-93.000000,23.000000,1.000000,-98.000000,-30.000000,-1.000000,109.000000,69.000000,10.000000,-74.000000
897,-51.000000,-40.000000,-93.000000,23.000000,1.000000,-98.000000,-30.000000,-1.000000,109.000000,69.000000,10.000000,-74.000000
898,-51.005318,-40.000000,-93.005318,23.000000,1.000000,-98.010635,-30.000000,-1.000000,109.000000,69.000000,10.000000,-74.000000
899,-51.015957,-40.000000,-93.015961,23.000000,1.000000,-98.031914,-30.000000,-1.000000,109.000000,69.000000,10.000000,-74.000000
900,-51.031914,-40.000000,-93.031914,23.000000,1.000000,-98.063828,-30.000000,-1.000000,109.000000,69.000000,10.000000,-74.000000
901,-51.053192,-40.000000,-93.053192,23.000000,1.000000,-98.106384,-30.000000,-1.000000,109.000000,69.000000,10.000000,-74.000000
902,-51.079788,-40.000000,-93.079788,23.000000,1.000000,-98.159576,-30.000000,-1.000000,109.000000,69.000000,10.000000,-74.000000
903,-51.111702,-40.000000,-93.111702,23.000000,1.000000,-98.223404,-30.000000,-1.000000,109.000000,69.000000,10.000000,-74.000000
904,-51.148937,-40.000000,-93.148933,23.000000,1.000000,-98.297874,-30.000000,-1.000000,109.000000,69.000000,10.000000,-74.000000
905,-51.191490,-40.000000,-93.191490,23.000000,1.000000,-98.382980,-30.000000,-1.000000,109.000000,69.000000,10.000000,-74.000000
906,-51.239361,-40.000000,-93.239365,23.000000,1.000000,-98.478722,-30.000000,-1.000000,109.000000,69.000000,10.000000,-74.000000
907,-51.292553,-40.000000,-93.292557,23.000000,1.000000,-98.585106,-30.000000,-1.000000,109.000000,69.000000,10.000000,-74.000000
908,-51.351063,-40.000000,-93.351067,23.000000,1.000000,-98.702126,-30.000000,-1.000000,109.000000,69.000000,10.000000,-74.000000
909,-51.414894,-40.000000,-93.414894,23.000000,1.000000,-98.829788,-30.000000,-1.000000,109.000000,69.000000,10.000000,-74.000000
910,-51.484043,-40.000000,-93.484039,23.000000,1.000000,-98.968086,-30.000000,-1.000000,109.000000,69.000000,10.000000,-74.000000
911,-51.558510,-40.000000,-93.558510,23.000000,1.000000,-99.117020,-30.000000,-1.000000,109.000000,69.000000,10.000000,-74.000000
912,-51.638298,-40.000000,-93.638298,23.000000,1.000000,-99.276596,-30.000000,-1.000000,109.000000,69.000000,10.000000,-74.000000
913,-51.723404,-40.000000,-93.723404,23.000000,1.000000,-99.446808,-30.000000,-1.000000,109.000000,69.000000,10.000000,-74.000000
914,-51.813831,-40.000000,-93.813828,23.000000,1.000000,-99.627663,-30.000000,-1.000000,109.000000,69.000000,10.000000,-74.000000
915,-51.909573,-40.000000,-93.909576,23.000000,1.000000,-99.819145,-30.000000,-1.000000,109.000000,69.000000,10.000000,-74.000000
916,-52.010639,-40.000000,-94.010635,23.000000,1.000000,-100.021278,-30.000000,-1.000000,109.000000,69.000000,10.000000,-74.000000
917,-52.117020,-40.000000,-94.117020,23.000000,1.000000,-100.234039,-30.000000,-1.000000,109.000000,69.000000,10.000000,-74.000000
918,-52.228722,-40.000000,-94.228722,23.000000,1.000000,-100.457443,-30.000000,-1.000000,109.000000,69.000000,10.000000,-74.000000
919,-52.345745,-40.000000,-94.345741,23.000000,1.000000,-100.691490,-30.000000,-1.000000,109.000000,69.000000,10.000000,-74.000000
920,-52.468086,-40.000000,-94.468086,23.000000,1.000000,-100.936172,-30.000000,-1.000000,109.000000,69.000000,10.000000,-74.000000
921,-52.595745,-40.000000,-94.595741,23.000000,1.000000,-101.191490,-30.000000,-1.000000,109.000000,69.000000,10.000000,-74.000000
922,-52.728722,-40.000000,-94.728722,23.000000,1.000000,-101.457443,-30.000000,-1.000000,109.000000,69.000000,10.000000,-74.000000
923,-52.867020,-40.000000,-94.867020,23.000000,1.000000,-101.734039,-30.000000,-1.000000,109.000000,69.000000,10.000000,-74.000000
924,-53.010639,-40.000000,-95.010635,23.000000,1.000000,-102.021278,-30.000000,-1.000000,109.000000,69.000000,10.000000,-74.000000
925,-53.159573,-40.000000,-95.159576,23.000000,1.000000,-102.319145,-30.000000,-1.000000,109.000000,69.000000,10.000000,-74.000000
926,-53.313831,-40.000000,-95.313828,23.000000,1.000000,-102.627663,-30.000000,-1.000000,109.000000,69.000000,10.000000,-74.000000
927,-53.473404,-40.000000,-95.473404,23.000000,1.000000,-102.946808,-30.000000,-1.000000,109.000000,69.000000,10.000000,-74.000000
928,-53.638298,-40.000000,-95.638298,23.000000,1.000000,-103.276596,-30.000000,-1.000000,109.000000,69.000000,10.000000,-74.000000
929,-53.808510,-40.000000,-95.808510,23.000000,1.000000,-103.617020,-30.000000,-1.000000,109.000000,69.000000,10.000000,-74.000000
930,-53.984043,-40.000000,-95.984039,23.000000,1.000000,-103.968086,-30.000000,-1.000000,109.000000,69.000000,10.000000,-74.000000
931,-54.164894,-40.000000,-96.164894,23.000000,1.000000,-104.329788,-30.000000,-1.000000,109.000000,69.000000,10.000000,-74.000000
932,-54.351063,-40.000000,-96.351067,23.000000,1.000000,-104.702126,-30.000000,-1.000000,109.000000,69.000000,10.000000,-74.000000
933,-54.542553,-40.000000,-96.542557,23.000000,1.000000,-105.085106,-30.000000,-1.000000,109.000000,69.000000,10.000000,-74.000000
934,-54.739361,-40.000000,-96.739365,23.000000,1.000000,-105.478722,-30.000000,-1.000000,109.000000,69.000000,10.000000,-74.000000
935,-54.941490,-40.000000,-96.941490,23.000000,1.000000,-105.882980,-30.000000,-1.000000,109.000000,69.000000,10.000000,-74.000000
936,-55.148937,-40.000000,-97.148933,23.000000,1.000000,-106.297874,-30.000000,-1.000000,109.000000,69.000000,10.000000,-74.000000
937,-55.361702,-40.000000,-97.361702,23.000000,1.000000,-106.723404,-30.000000,-1.000000,109.000000,69.000000,10.000000,-74.000000
938,-55.579788,-40.000000,-97.579788,23.000000,1.000000,-107.159576,-30.000000,-1.000000,109.000000,69.000000,10.000000,-74.000000
939,-55.803192,-40.000000,-97.803192,23.000000,1.000000,-107.606384,-30.000000,-1.000000,109.000000,69.000000,10.000000,-74.000000
940,-56.031914,-40.000000,-98.031914,23.000000,1.000000,-108.063828,-30.000000,-1.000000,109.000000,69.000000,10.000000,-74.000000
941,-56.265957,-40.000000,-98.265961,23.000000,1.000000,-108.531914,-30.000000,-1.000000,109.000000,69.000000,10.000000,-74.000000
942,-56.505318,-40.000000,-98.505318,23.000000,1.000000,-109.010635,-30.000000,-1.000000,109.000000,69.000000,10.000000,-74.000000
943,-56.750000,-40.000000,-98.750000,23.000000,1.000000,-109.500000,-30.000000,-1.000000,109.000000,69.000000,10.000000,-74.000000
944,-57.000000,-40.000000,-99.000000,23.000000,1.000000,-110.000000,-30.000000,-1.000000,109.000000,69.000000,10.000000,-74.000000
945,-57.255318,-40.000000,-99.255318,23.000000,1.000000,-110.510635,-30.000000,-1.000000,109.000000,69.000000,10.000000,-74.000000
946,-57.515957,-40.000000,-99.515961,23.000000,1.000000,-111.031914,-30.000000,-1.000000,109.000000,69.000000,10.000000,-74.000000
947,-57.781914,-40.000000,-99.781914,23.000000,1.000000,-111.563828,-30.000000,-1.000000,109.000000,69.000000,10.000000,-74.000000
948,-58.053192,-40.000000,-100.053192,23.000000,1.000000,-112.106384,-30.000000,-1.000000,109.000000,69.000000,10.000000,-74.000000
949,-58.329788,-40.000000,-100.329788,23.000000,1.000000,-112.659576,-30.000000,-1.000000,109.000000,69.000000,10.000000,-74.000000
950,-58.611702,-40.000000,-100.611702,23.000000,1.000000,-113.223404,-30.000000,-1.000000,109.000000,69.000000,10.000000,-74.000000
951,-58.898937,-40.000000,-100.898933,23.000000,1.000000,-113.797874,-30.000000,-1.000000,109.000000,69.000000,10.000000,-74.000000
952,-59.191490,-40.000000,-101.191490,23.000000,1.000000,-114.382980,-30.000000,-1.000000,109.000000,69.000000,10.000000,-74.000000
953,-59.489361,-40.000000,-101.489365,23.000000,1.000000,-114.978722,-30.000000,-1.000000,109.000000,69.000000,10.000000,-74.000000
954,-59.792553,-40.000000,-101.792557,23.000000,1.000000,-115.585106,-30.000000,-1.000000,109.000000,69.000000,10.000000,-74.000000
955,-60.101063,-40.000000,-102.101067,23.000000,1.000000,-116.202126,-30.000000,-1.000000,109.000000,69.000000,10.000000,-74.000000
956,-60.414894,-40.000000,-102.414894,23.000000,1.000000,-116.829788,-30.000000,-1.000000,109.000000,69.000000,10.000000,-74.000000
957,-60.734043,-40.000000,-102.734039,23.000000,1.000000,-117.468086,-30.000000,-1.000000,109.000000,69.000000,10.000000,-74.000000
958,-61.058510,-40.000000,-103.058510,23.000000,1.000000,-118.117020,-30.000000,-1.000000,109.000000,69.000000,10.000000,-74.000000
959,-61.388298,-40.000000,-103.388298,23.000000,1.000000,-118.776596,-30.000000,-1.000000,109.000000,69.000000,10.000000,-74.000000
960,-61.723404,-40.000000,-103.723404,23.000000,1.000000,-119.446808,-30.000000,-1.000000,109.000000,69.000000,10.000000,-74.000000
961,-62.063831,-40.000000,-104.063828,23.000000,1.000000,-120.127663,-30.000000,-1.000000,109.000000,69.000000,10.000000,-74.000000
962,-62.409573,-40.000000,-104.409576,23.000000,1.000000,-120.819145,-30.000000,-1.000000,109.000000,69.000000,10.000000,-74.000000
963,-62.760639,-40.000000,-104.760635,23.000000,1.000000,-121.521278,-30.000000,-1.000000,109.000000,69.000000,10.000000,-74.000000
964,-63.117020,-40.000000,-105.117020,23.000000,1.000000,-122.234039,-30.000000,-1.000000,109.000000,69.000000,10.000000,-74.000000
965,-63.478722,-40.000000,-105.478722,23.000000,1.000000,-122.957443,-30.000000,-1.000000,109.000000,69.000000,10.000000,-74.000000
966,-63.845745,-40.000000,-105.845741,23.000000,1.000000,-123.691490,-30.000000,-1.000000,109.000000,69.000000,10.000000,-74.000000
967,-64.218086,-40.000000,-106.218086,23.000000,1.000000,-124.436172,-30.000000,-1.000000,109.000000,69.000000,10.000000,-74.000000
968,-64.595741,-40.000000,-106.595741,23.000000,1.000000,-125.191490,-30.000000,-1.000000,109.000000,69.000000,10.000000,-74.000000
969,-64.978722,-40.000000,-106.978722,23.000000,1.000000,-125.957443,-30.000000,-1.000000,109.000000,69.000000,10.000000,-74.000000
970,-65.367020,-40.000000,-107.367020,23.000000,1.000000,-126.734039,-30.000000,-1.000000,109.000000,69.000000,10.000000,-74.000000
971,-65.760635,-40.000000,-107.760635,23.000000,1.000000,-127.521278,-30.000000,-1.000000,109.000000,69.000000,10.000000,-74.000000
972,-66.159576,-40.000000,-108.159576,23.000000,1.000000,-128.319153,-30.000000,-1.000000,109.000000,69.000000,10.000000,-74.000000
973,-66.563828,-40.000000,-108.563828,23.000000,1.000000,-129.127655,-30.000000,-1.000000,109.000000,69.000000,10.000000,-74.000000
974,-66.973404,-40.000000,-108.973404,23.000000,1.000000,-129.946808,-30.000000,-1.000000,109.000000,69.000000,10.000000,-74.000000
975,-67.388298,-40.000000,-109.388298,23.000000,1.000000,-130.776596,-30.000000,-1.000000,109.000000,69.000000,10.000000,-74.000000
976,-67.808510,-40.000000,-109.808510,23.000000,1.000000,-131.617020,-30.000000,-1.000000,109.000000,69.000000,10.000000,-74.000000
977,-68.234039,-40.000000,-110.234039,23.000000,1.000000,-132.468079,-30.000000,-1.000000,109.000000,69.000000,10.000000,-74.000000
978,-68.664894,-40.000000,-110.664894,23.000000,1.000000,-133.329788,-30.000000,-1.000000,109.000000,69.000000,10.000000,-74.000000
979,-69.101067,-40.000000,-111.101067,23.000000,1.000000,-134.202133,-30.000000,-1.000000,109.000000,69.000000,10.000000,-74.000000
980,-69.542557,-40.000000,-111.542557,23.000000,1.000000,-135.085114,-30.000000,-1.000000,109.000000,69.000000,10.000000,-74.000000
981,-69.989365,-40.000000,-111.989365,23.000000,1.000000,-135.978729,-30.000000,-1.000000,109.000000,69.000000,10.000000,-74.000000
982,-70.441490,-40.000000,-112.441490,23.000000,1.000000,-136.882980,-30.000000,-1.000000,109.000000,69.000000,10.000000,-74.000000
983,-70.898933,-40.000000,-112.898933,23.000000,1.000000,-137.797867,-30.000000,-1.000000,109.000000,69.000000,10.000000,-74.000000
984,-71.361702,-40.000000,-113.361702,23.000000,1.000000,-138.723404,-30.000000,-1.000000,109.000000,69.000000,10.000000,-74.000000
985,-71.829788,-40.000000,-113.829788,23.000000,1.000000,-139.659576,-30.000000,-1.000000,109.000000,69.000000,10.000000,-74.000000
986,-72.303192,-40.000000,-114.303192,23.000000,1.000000,-140.606384,-30.000000,-1.000000,109.000000,69.000000,10.000000,-74.000000
987,-72.781914,-40.000000,-114.781914,23.000000,1.000000,-141.563828,-30.000000,-1.000000,109.000000,69.000000,10.000000,-74.000000
988,-73.265961,-40.000000,-115.265961,23.000000,1.000000,-142.531921,-30.000000,-1.000000,109.000000,69.000000,10.000000,-74.000000
989,-73.755318,-40.000000,-115.755318,23.000000,1.000000,-143.510635,-30.000000,-1.000000,109.000000,69.000000,10.000000,-74.000000
990,-74.250000,-40.000000,-116.250000,23.000000,1.000000,-144.500000,-30.000000,-1.000000,109.000000,69.000000,10.000000,-74.000000
991,-74.750000,-40.000000,-116.750000,23.000000,1.000000,-145.500000,-30.000000,-1.000000,109.000000,69.000000,10.000000,-74.000000
992,-75.255318,-40.000000,-117.255318,23.000000,1.000000,-146.510635,-30.000000,-1.000000,109.000000,69.000000,10.000000,-74.000000
993,-75.765961,-40.000000,-117.765961,23.000000,1.000000,-147.531921,-30.000000,-1.000000,109.000000,69.000000,10.000000,-74.000000
994,-76.281914,-40.000000,-118.281914,23.000000,1.000000,-148.563828,-30.000000,-1.000000,109.000000,69.000000,10.000000,-74.000000
995,-76.803192,-40.000000,-118.803192,23.000000,1.000000,-149.606384,-30.000000,-1.000000,109.000000,69.000000,10.000000,-74.000000
996,-77.329788,-40.000000,-119.329788,23.000000,1.000000,-150.659576,-30.000000,-1.000000,109.000000,69.000000,10.000000,-74.000000
997,-77.861702,-40.000000,-119.861702,23.000000,1.000000,-151.723404,-30.000000,-1.000000,109.000000,69.000000,10.000000,-74.000000
998,-78.398933,-40.000000,-120.398933,23.000000,1.000000,-152.797867,-30.000000,-1.000000,109.000000,69.000000,10.000000,-74.000000
999,-78.941490,-40.000000,-120.941490,23.000000,1.000000,-153.882980,-30.000000,-1.000000,109.000000,69.000000,10.000000,-74.000000
1000,-79.489365,-40.000000,-121.489365,23.000000,1.000000,-154.978729,-30.000000,-1.000000,109.000000,69.000000,10.000000,-74.000000
1001,-80.042557,-40.000000,-122.042557,23.000000,1.000000,-156.085114,-30.000000,-1.000000,109.000000,69.000000,10.000000,-74.000000
1002,-80.601067,-40.000000,-122.601067,23.000000,1.000000,-157.202133,-30.000000,-1.000000,109.000000,69.000000,10.000000,-74.000000
1003,-81.164894,-40.000000,-123.164894,23.000000,1.000000,-158.329788,-30.000000,-1.000000,109.000000,69.000000,10.000000,-74.000000
1004,-81.734039,-40.000000,-123.734039,23.000000,1.000000,-159.468079,-30.000000,-1.000000,109.000000,69.000000,10.000000,-74.000000
1005,-82.308510,-40.000000,-124.308510,23.000000,1.000000,-160.617020,-30.000000,-1.000000,109.000000,69.000000,10.000000,-74.000000
1006,-82.888298,-40.000000,-124.888298,23.000000,1.000000,-161.776596,-30.000000,-1.000000,109.000000,69.000000,10.000000,-74.000000
1007,-83.473404,-40.000000,-125.473404,23.000000,1.000000,-162.946808,-30.000000,-1.000000,109.000000,69.000000,10.000000,-74.000000
1008,-84.063828,-40.000000,-126.063828,23.000000,1.000000,-164.127655,-30.000000,-1.000000,109.000000,69.000000,10.000000,-74.000000
1009,-84.659576,-40.000000,-126.659576,23.000000,1.000000,-165.319153,-30.000000,-1.000000,109.000000,69.000000,10.000000,-74.000000
1010,-85.260635,-40.000000,-127.260635,23.000000,1.000000,-166.521271,-30.000000,-1.000000,109.000000,69.000000,10.000000,-74.000000
1011,-85.867020,-40.000000,-127.867020,23.000000,1.000000,-167.734039,-30.000000,-1.000000,109.000000,69.000000,10.000000,-74.000000
1012,-86.478722,-40.000000,-128.478729,23.000000,1.000000,-168.957443,-30.000000,-1.000000,109.000000,69.000000,10.000000,-74.000000
1013,-87.095741,-40.000000,-129.095749,23.000000,1.000000,-170.191483,-30.000000,-1.000000,109.000000,69.000000,10.000000,-74.000000
1014,-87.718086,-40.000000,-129.718079,23.000000,1.000000,-171.436172,-30.000000,-1.000000,109.000000,69.000000,10.000000,-74.000000
1015,-88.345741,-40.000000,-130.345749,23.000000,1.000000,-172.691483,-30.000000,-1.000000,109.000000,69.000000,10.000000,-74.000000
1016,-88.978722,-40.000000,-130.978729,23.000000,1.000000,-173.957443,-30.000000,-1.000000,109.000000,69.000000,10.000000,-74.000000
1017,-89.617020,-40.000000,-131.617020,23.000000,1.000000,-175.234039,-30.000000,-1.000000,109.000000,69.000000,10.000000,-74.000000
1018,-90.260635,-40.000000,-132.260635,23.000000,1.000000,-176.521271,-30.000000,-1.000000,109.000000,69.000000,10.000000,-74.000000
1019,-90.909576,-40.000000,-132.909576,23.000000,1.000000,-177.819153,-30.000000,-1.000000,109.000000,69.000000,10.000000,-74.000000
1020,-91.563828,-40.000000,-133.563828,23.000000,1.000000,-179.127655,-30.000000,-1.000000,109.000000,69.000000,10.000000,-74.000000
1021,-92.223404,-40.000000,-134.223404,23.000000,1.000000,-180.446808,-30.000000,-1.000000,109.000000,69.000000,10.000000,-74.000000
1022,-92.888298,-40.000000,-134.888290,23.000000,1.000000,-181.776596,-30.000000,-1.000000,109.000000,69.000000,10.000000,-74.000000
1023,-93.558510,-40.000000,-135.558517,23.000000,1.000000,-183.117020,-30.000000,-1.000000,109.000000,69.000000,10.000000,-74.000000
1024,-94.234039,-40.000000,-136.234039,23.000000,1.000000,-184.468079,-30.000000,-1.000000,109.000000,69.000000,10.000000,-74.000000
1025,-94.914894,-40.000000,-136.914886,23.000000,1.000000,-185.829788,-30.000000,-1.000000,109.000000,69.000000,10.000000,-74.000000
1026,-95.601067,-40.000000,-137.601059,23.000000,1.000000,-187.202133,-30.000000,-1.000000,109.000000,69.000000,10.000000,-74.000000
1027,-96.292557,-40.000000,-138.292557,23.000000,1.000000,-188.585114,-30.000000,-1.000000,109.000000,69.000000,10.000000,-74.000000
1028,-96.989365,-40.000000,-138.989365,23.000000,1.000000,-189.978729,-30.000000,-1.000000,109.000000,69.000000,10.000000,-74.000000
1029,-97.691490,-40.000000,-139.691483,23.000000,1.000000,-191.382980,-30.000000,-1.000000,109.000000,69.000000,10.000000,-74.000000
1030,-98.398933,-40.000000,-140.398941,23.000000,1.000000,-192.797867,-30.000000,-1.000000,109.000000,69.000000,10.000000,-74.000000
1031,-99.111702,-40.000000,-141.111710,23.000000,1.000000,-194.223404,-30.000000,-1.000000,109.000000,69.000000,10.000000,-74.000000
1032,-99.829788,-40.000000,-141.829788,23.000000,1.000000,-195.659576,-30.000000,-1.000000,109.000000,69.000000,10.000000,-74.000000
1033,-100.553192,-40.000000,-142.553192,23.000000,1.000000,-197.106384,-30.000000,-1.000000,109.000000,69.000000,10.000000,-74.000000
1034,-101.281914,-40.000000,-143.281921,23.000000,1.000000,-198.563828,-30.000000,-1.000000,109.000000,69.000000,10.000000,-74.000000
1035,-102.015961,-40.000000,-144.015961,23.000000,1.000000,-200.031921,-30.000000,-1.000000,109.000000,69.000000,10.000000,-74.000000
1036,-102.755318,-40.000000,-144.755325,23.000000,1.000000,-201.510635,-30.000000,-1.000000,109.000000,69.000000,10.000000,-74.000000
1037,-103.500000,-40.000000,-145.500000,23.000000,1.000000,-203.000000,-30.000000,-1.000000,109.000000,69.000000,10.000000,-74.000000
1038,-104.250000,-40.000000,-146.250000,23.000000,1.000000,-204.500000,-30.000000,-1.000000,109.000000,69.000000,10.000000,-74.000000
1039,-105.005318,-40.000000,-147.005325,23.000000,1.000000,-206.010635,-30.000000,-1.000000,109.000000,69.000000,10.000000,-74.000000
1040,-105.765961,-40.000000,-147.765961,23.000000,1.000000,-207.531921,-30.000000,-1.000000,109.000000,69.000000,10.000000,-74.000000
1041,-106.531914,-40.000000,-148.531921,23.000000,1.000000,-209.063828,-30.000000,-1.000000,109.000000,69.000000,10.000000,-74.000000
1042,-107.303192,-40.000000,-149.303192,23.000000,1.000000,-210.606384,-30.000000,-1.000000,109.000000,69.000000,10.000000,-74.000000
1043,-108.079788,-40.000000,-150.079788,23.000000,1.000000,-212.159576,-30.000000,-1.000000,109.000000,69.000000,10.000000,-74.000000
1044,-108.861702,-40.000000,-150.861710,23.000000,1.000000,-213.723404,-30.000000,-1.000000,109.000000,69.000000,10.000000,-74.000000
1045,-109.648933,-40.000000,-151.648941,23.000000,1.000000,-215.297867,-30.000000,-1.000000,109.000000,69.000000,10.000000,-74.000000
1046,-110.441490,-40.000000,-152.441483,23.000000,1.000000,-216.882980,-30.000000,-1.000000,109.000000,69.000000,10.000000,-74.000000
1047,-111.239365,-40.000000,-153.239365,23.000000,1.000000,-218.478729,-30.000000,-1.000000,109.000000,69.000000,10.000000,-74.000000
1048,-112.042557,-40.000000,-154.042557,23.000000,1.000000,-220.085114,-30.000000,-1.000000,109.000000,69.000000,10.000000,-74.000000
1049,-112.851067,-40.000000,-154.851059,23.000000,1.000000,-221.702133,-30.000000,-1.000000,109.000000,69.000000,10.000000,-74.000000
1050,-113.664894,-40.000000,-155.664886,23.000000,1.000000,-223.329788,-30.000000,-1.000000,109.000000,69.000000,10.000000,-74.000000
1051,-114.484039,-40.000000,-156.484039,23.000000,1.000000,-224.968079,-30.000000,-1.000000,109.000000,69.000000,10.000000,-74.000000
1052,-115.308510,-40.000000,-157.308517,23.000000,1.000000,-226.617020,-30.000000,-1.000000,109.000000,69.000000,10.000000,-74.000000
1053,-116.138298,-40.000000,-158.138290,23.000000,1.000000,-228.276596,-30.000000,-1.000000,109.000000,69.000000,10.000000,-74.000000
1054,-116.973404,-40.000000,-158.973404,23.000000,1.000000,-229.946808,-30.000000,-1.000000,109.000000,69.000000,10.000000,-74.000000
1055,-117.813828,-40.000000,-159.813828,23.000000,1.000000,-231.627655,-30.000000,-1.000000,109.000000,69.000000,10.000000,-74.000000
1056,-118.659576,-40.000000,-160.659576,23.000000,1.000000,-233.319153,-30.000000,-1.000000,109.000000,69.000000,10.000000,-74.000000
1057,-119.510635,-40.000000,-161.510635,23.000000,1.000000,-235.021271,-30.000000,-1.000000,109.000000,69.000000,10.000000,-74.000000
1058,-120.367020,-40.000000,-162.367020,23.000000,1.000000,-236.734039,-30.000000,-1.000000,109.000000,69.000000,10.000000,-74.000000
1059,-121.228722,-40.000000,-163.228729,23.000000,1.000000,-238.457443,-30.000000,-1.000000,109.000000,69.000000,10.000000,-74.000000
1060,-122.095741,-40.000000,-164.095749,23.000000,1.000000,-240.191483,-30.000000,-1.000000,109.000000,69.000000,10.000000,-74.000000
1061,-122.968086,-40.000000,-164.968079,23.000000,1.000000,-241.936172,-30.000000,-1.000000,109.000000,69.000000,10.000000,-74.000000
1062,-123.845741,-40.000000,-165.845749,23.000000,1.000000,-243.691483,-30.000000,-1.000000,109.000000,69.000000,10.000000,-74.000000
1063,-124.728722,-40.000000,-166.728729,23.000000,1.000000,-245.457443,-30.000000,-1.000000,109.000000,69.000000,10.000000,-74.000000
1064,-125.617020,-40.000000,-167.617020,23.000000,1.000000,-247.234039,-30.000000,-1.000000,109.000000,69.000000,10.000000,-74.000000
1065,-126.510635,-40.000000,-168.510635,23.000000,1.000000,-249.021271,-30.000000,-1.000000,109.000000,69.000000,10.000000,-74.000000
1066,-127.409576,-40.000000,-169.409576,23.000000,1.000000,-250.819153,-30.000000,-1.000000,109.000000,69.000000,10.000000,-74.000000
1067,-128.313828,-40.000000,-170.313828,23.000000,1.000000,-252.627655,-30.000000,-1.000000,109.000000,69.000000,10.000000,-74.000000
1068,-129.223404,-40.000000,-171.223404,23.000000,1.000000,-254.446808,-30.000000,-1.000000,109.000000,69.000000,10.000000,-74.000000
1069,-130.138290,-40.000000,-172.138290,23.000000,1.000000,-256.276581,-30.000000,-1.000000,109.000000,69.000000,10.000000,-74.000000
1070,-131.058517,-40.000000,-173.058517,23.000000,1.000000,-258.117035,-30.000000,-1.000000,109.000000,69.000000,10.000000,-74.000000
1071,-131.984039,-40.000000,-173.984039,23.000000,1.000000,-259.968079,-30.000000,-1.000000,109.000000,69.000000,10.000000,-74.000000
1072,-132.914886,-40.000000,-174.914886,23.000000,1.000000,-261.829773,-30.000000,-1.000000,109.000000,69.000000,10.000000,-74.000000
1073,-133.851059,-40.000000,-175.851059,23.000000,1.000000,-263.702118,-30.000000,-1.000000,109.000000,69.000000,10.000000,-74.000000
1074,-134.792557,-40.000000,-176.792557,23.000000,1.000000,-265.585114,-30.000000,-1.000000,109.000000,69.000000,10.000000,-74.000000
1075,-135.739365,-40.000000,-177.739365,23.000000,1.000000,-267.478729,-30.000000,-1.000000,109.000000,69.000000,10.000000,-74.000000
1076,-136.691483,-40.000000,-178.691483,23.000000,1.000000,-269.382965,-30.000000,-1.000000,109.000000,69.000000,10.000000,-74.000000
1077,-137.648941,-40.000000,-179.648941,23.000000,1.000000,-271.297882,-30.000000,-1.000000,109.000000,69.000000,10.000000,-74.000000
1078,-6.000000,-21.000000,-114.000000,16.000000,-1.000000,-93.000000,-44.000000,4.000000,113.000000,29.000000,7.000000,-80.000000
1079,-6.333333,-21.000000,-114.333336,16.000000,-1.000000,-93.666664,-44.000000,4.000000,113.000000,29.000000,7.000000,-80.000000
1080,-6.666667,-21.000000,-114.666664,16.000000,-1.000000,-94.333336,-44.000000,4.000000,113.000000,29.000000,7.000000,-80.000000
1081,-7.000000,-21.000000,-115.000000,16.000000,-1.000000,-95.000000,-44.000000,4.000000,113.000000,29.000000,7.000000,-80.000000
1082,-7.000000,-21.000000,-115.000000,16.000000,-1.000000,-95.000000,-44.000000,4.000000,113.000000,29.000000,7.000000,-80.000000
1083,-7.000000,-21.000000,-115.000000,16.000000,-1.000000,-95.000000,-44.000000,4.000000,113.000000,29.000000,7.000000,-80.000000
1084,-7.000000,-21.000000,-115.000000,16.000000,-1.000000,-95.000000,-44.000000,4.000000,113.000000,29.000000,7.000000,-80.000000
1085,-7.000000,-21.000000,-115.000000,16.000000,-1.000000,-95.000000,-42.000000,4.000000,113.000000,29.000000,7.000000,-80.000000
1086,-7.000000,-21.000000,-115.000000,16.000000,-1.000000,-95.000000,-42.000000,4.000000,113.000000,29.000000,7.000000,-80.000000
1087,-7.000000,-21.000000,-115.000000,16.000000,-1.000000,-95.000000,-42.000000,4.000000,113.000000,29.000000,7.000000,-80.000000
1088,-7.000000,-21.000000,-115.000000,16.000000,-1.000000,-95.000000,-42.000000,4.000000,113.000000,29.000000,7.000000,-80.000000
1089,-7.000000,-21.000000,-115.000000,16.000000,-1.000000,-95.000000,-42.000000,4.000000,113.000000,29.000000,7.000000,-80.000000
1090,-7.000000,-21.000000,-115.000000,16.000000,-1.000000,-95.000000,-42.000000,4.000000,113.000000,29.000000,7.000000,-80.000000
1091,-7.000000,-21.000000,-115.000000,16.000000,-1.000000,-95.000000,-42.000000,4.000000,113.000000,29.000000,7.000000,-80.000000
1092,-7.000000,-21.000000,-115.000000,16.000000,-1.000000,-95.000000,-42.000000,4.000000,113.000000,29.000000,7.000000,-80.000000
1093,-7.000000,-21.000000,-115.000000,16.000000,-1.000000,-95.000000,-42.000000,4.000000,113.000000,34.000000,7.000000,-81.000000
1094,-7.000000,-21.000000,-115.000000,17.000000,-1.000000,-97.000000,-42.000000,4.000000,113.000000,34.000000,7.000000,-81.000000
1095,-10.000000,-22.000000,-116.000000,17.000000,-1.000000,-97.000000,-42.000000,4.000000,113.000000,34.000000,7.000000,-81.000000
1096,-10.000000,-22.000000,-116.000000,17.000000,-1.000000,-97.000000,-42.000000,4.000000,113.000000,34.000000,7.000000,-81.000000
1097,-10.000000,-22.000000,-116.000000,17.000000,-1.000000,-97.000000,-42.000000,4.000000,113.000000,34.000000,7.000000,-81.000000
1098,-10.000000,-22.000000,-116.000000,17.000000,-1.000000,-97.000000,-42.000000,4.000000,113.000000,34.000000,7.000000,-81.000000
1099,-10.000000,-22.000000,-116.000000,17.000000,-1.000000,-97.000000,-42.000000,4.000000,113.000000,34.000000,7.000000,-81.000000
1100,-10.000000,-22.000000,-116.000000,17.000000,-1.000000,-97.000000,-40.000000,3.000000,112.000000,34.000000,7.000000,-81.000000
1101,-10.000000,-22.000000,-116.000000,17.000000,-1.000000,-97.000000,-40.000000,3.000000,112.000000,34.000000,7.000000,-81.000000
1102,-10.000000,-22.000000,-116.000000,17.000000,-1.000000,-97.000000,-40.000000,3.000000,112.000000,34.000000,7.000000,-81.000000
1103,-10.000000,-22.000000,-116.000000,17.000000,-1.000000,-97.000000,-40.000000,3.000000,112.000000,34.000000,7.000000,-81.000000
1104,-10.000000,-22.000000,-116.000000,17.000000,-1.000000,-97.000000,-40.000000,3.000000,112.000000,34.000000,7.000000,-81.000000
1105,-10.000000,-22.000000,-116.000000,17.000000,-1.000000,-97.000000,-40.000000,3.000000,112.000000,34.000000,7.000000,-81.000000
1106,-10.000000,-22.000000,-116.000000,17.000000,-1.000000,-97.000000,-40.000000,3.000000,112.000000,34.000000,7.000000,-81.000000
1107,-10.000000,-22.000000,-116.000000,17.000000,-1.000000,-97.000000,-40.000000,3.000000,112.000000,34.000000,7.000000,-81.000000
1108,-10.000000,-22.000000,-116.000000,17.000000,-1.000000,-97.000000,-40.000000,3.000000,112.000000,39.000000,8.000000,-81.000000
1109,-10.000000,-22.000000,-116.000000,18.000000,0.000000,-99.000000,-40.000000,3.000000,112.000000,39.000000,8.000000,-81.000000
1110,-12.000000,-23.000000,-117.000000,18.000000,0.000000,-99.000000,-40.000000,3.000000,112.000000,39.000000,8.000000,-81.000000
1111,-12.000000,-23.000000,-117.000000,18.000000,0.000000,-99.000000,-40.000000,3.000000,112.000000,39.000000,8.000000,-81.000000
1112,-12.000000,-23.000000,-117.000000,18.000000,0.000000,-99.000000,-40.000000,3.000000,112.000000,39.000000,8.000000,-81.000000
1113,-12.000000,-23.000000,-117.000000,18.000000,0.000000,-99.000000,-40.000000,3.000000,112.000000,39.000000,8.000000,-81.000000
1114,-12.000000,-23.000000,-117.000000,18.000000,0.000000,-99.000000,-40.000000,3.000000,112.000000,39.000000,8.000000,-81.000000
1115,-12.000000,-23.000000,-117.000000,18.000000,0.000000,-99.000000,-37.000000,0.000000,111.000000,39.000000,8.000000,-81.000000
1116,-12.000000,-23.000000,-117.000000,18.000000,0.000000,-99.000000,-37.000000,0.000000,111.000000,39.000000,8.000000,-81.000000
1117,-12.000000,-23.000000,-117.000000,18.000000,0.000000,-99.000000,-37.000000,0.000000,111.000000,39.000000,8.000000,-81.000000
1118,-12.000000,-23.000000,-117.000000,18.000000,0.000000,-99.000000,-37.000000,0.000000,111.000000,39.000000,8.000000,-81.000000
1119,-12.000000,-23.000000,-117.000000,18.000000,0.000000,-99.000000,-37.000000,0.000000,111.000000,39.000000,8.000000,-81.000000
1120,-12.000000,-23.000000,-117.000000,18.000000,0.000000,-99.000000,-37.000000,0.000000,111.000000,39.000000,8.000000,-81.000000
1121,-12.000000,-23.000000,-117.000000,18.000000,0.000000,-99.000000,-37.000000,0.000000,111.000000,39.000000,8.000000,-81.000000
1122,-12.000000,-23.000000,-117.000000,18.000000,0.000000,-99.000000,-37.000000,0.000000,111.000000,39.000000,8.000000,-81.000000
1123,-12.000000,-23.000000,-117.000000,18.000000,0.000000,-99.000000,-37.000000,0.000000,111.000000,39.000000,8.000000,-81.000000
1124,-12.000000,-23.000000,-117.000000,18.000000,0.000000,-99.000000,-37.000000,0.000000,111.000000,46.000000,9.000000,-82.000000
1125,-12.000000,-23.000000,-117.000000,18.000000,0.000000,-101.000000,-37.000000,0.000000,111.000000,46.000000,9.000000,-82.000000
1126,-14.000000,-23.000000,-116.000000,18.000000,0.000000,-101.000000,-37.000000,0.000000,111.000000,46.000000,9.000000,-82.000000
1127,-14.000000,-23.000000,-116.000000,18.000000,0.000000,-101.000000,-37.000000,0.000000,111.000000,46.000000,9.000000,-82.000000
1128,-14.000000,-23.000000,-116.000000,18.000000,0.000000,-101.000000,-37.000000,0.000000,111.000000,46.000000,9.000000,-82.000000
1129,-14.000000,-23.000000,-116.000000,18.000000,0.000000,-101.000000,-37.000000,0.000000,111.000000,46.000000,9.000000,-82.000000
1130,-14.000000,-23.000000,-116.000000,18.000000,0.000000,-101.000000,-37.000000,0.000000,111.000000,46.000000,9.000000,-82.000000
1131,-14.000000,-23.000000,-116.000000,18.000000,0.000000,-101.000000,-34.000000,-2.000000,109.000000,46.000000,9.000000,-82.000000
1132,-14.000000,-23.000000,-116.000000,18.000000,0.000000,-101.000000,-34.000000,-2.000000,109.000000,46.000000,9.000000,-82.000000
1133,-14.000000,-23.000000,-116.000000,18.000000,0.000000,-101.000000,-34.000000,-2.000000,109.000000,46.000000,9.000000,-82.000000
1134,-14.000000,-23.000000,-116.000000,18.000000,0.000000,-101.000000,-34.000000,-2.000000,109.000000,46.000000,9.000000,-82.000000
1135,-14.000000,-23.000000,-116.000000,18.000000,0.000000,-101.000000,-34.000000,-2.000000,109.000000,46.000000,9.000000,-82.000000
1136,-14.000000,-23.000000,-116.000000,18.000000,0.000000,-101.000000,-34.000000,-2.000000,109.000000,46.000000,9.000000,-82.000000
1137,-14.000000,-23.000000,-116.000000,18.000000,0.000000,-101.000000,-34.000000,-2.000000,109.000000,46.000000,9.000000,-82.000000
1138,-14.000000,-23.000000,-116.000000,18.000000,0.000000,-101.000000,-34.000000,-2.000000,109.000000,46.000000,9.000000,-82.000000
1139,-14.000000,-23.000000,-116.000000,18.000000,0.000000,-101.000000,-34.000000,-2.000000,109.000000,46.000000,9.000000,-82.000000
1140,-14.000000,-23.000000,-116.000000,18.000000,0.000000,-101.000000,-34.000000,-2.000000,109.000000,46.000000,9.000000,-82.000000
1141,-14.000000,-23.000000,-116.000000,18.000000,0.000000,-101.000000,-34.000000,-2.000000,109.000000,46.000000,9.000000,-82.000000
1142,-14.000000,-23.000000,-116.000000,18.000000,0.000000,-101.000000,-34.000000,-2.000000,109.000000,46.000000,9.000000,-82.000000
1143,-14.000000,-23.000000,-116.000000,18.000000,0.000000,-101.000000,-34.000000,-2.000000,109.000000,46.000000,9.000000,-82.000000
1144,-14.000000,-23.000000,-116.000000,18.000000,0.000000,-101.000000,-34.000000,-2.000000,109.000000,46.000000,9.000000,-82.000000
1145,-14.000000,-23.000000,-116.000000,18.000000,0.000000,-101.000000,-34.000000,-2.000000,109.000000,46.000000,9.000000,-82.000000
1146,-14.000000,-23.000000,-116.000000,18.000000,0.000000,-101.000000,-34.000000,-2.000000,109.000000,46.000000,9.000000,-82.000000
1147,-14.000000,-23.000000,-116.000000,18.000000,0.000000,-101.000000,-34.000000,-2.000000,109.000000,46.000000,9.000000,-82.000000
1148,-14.000000,-23.000000,-116.000000,18.000000,0.000000,-101.000000,-34.000000,-2.000000,109.000000,46.000000,9.000000,-82.000000
1149,-14.000000,-23.000000,-116.000000,18.000000,0.000000,-101.000000,-34.000000,-2.000000,109.000000,46.000000,9.000000,-82.000000
1150,-14.000000,-23.000000,-116.000000,18.000000,0.000000,-101.000000,-34.000000,-2.000000,109.000000,46.000000,9.000000,-82.000000
1151,-14.000000,-23.000000,-116.000000,18.000000,0.000000,-101.000000,-34.000000,-2.000000,109.000000,46.000000,9.000000,-82.000000
1152,-14.000000,-23.000000,-116.000000,18.000000,0.000000,-101.000000,-34.000000,-2.000000,109.000000,46.000000,9.000000,-82.000000
1153,-14.000000,-23.000000,-116.000000,18.000000,0.000000,-101.000000,-34.000000,-2.000000,109.000000,46.000000,9.000000,-82.000000
1154,-14.000000,-23.000000,-116.000000,18.000000,0.000000,-101.000000,-34.000000,-2.000000,109.000000,46.000000,9.000000,-82.000000
1155,-14.000000,-23.000000,-116.000000,18.000000,0.000000,-101.000000,-34.000000,-2.000000,109.000000,46.000000,9.000000,-82.000000
1156,-14.000000,-23.000000,-116.000000,18.000000,0.000000,-101.000000,-34.000000,-2.000000,109.000000,46.000000,9.000000,-82.000000
1157,-14.000000,-23.000000,-116.000000,18.000000,0.000000,-101.000000,-34.000000,-2.000000,109.000000,46.000000,9.000000,-82.000000
1158,-14.000000,-23.000000,-116.000000,18.000000,0.000000,-101.000000,-34.000000,-2.000000,109.000000,46.000000,9.000000,-82.000000
1159,-14.000000,-23.000000,-116.000000,18.000000,0.000000,-101.000000,-34.000000,-2.000000,109.000000,46.000000,9.000000,-82.000000
1160,-14.000000,-23.000000,-116.000000,18.000000,0.000000,-101.000000,-34.000000,-2.000000,109.000000,46.000000,9.000000,-82.000000
1161,-14.000000,-23.000000,-116.000000,18.000000,0.000000,-101.000000,-34.000000,-2.000000,109.000000,46.000000,9.000000,-82.000000
1162,-14.000000,-23.000000,-116.000000,18.000000,0.000000,-101.000000,-34.000000,-2.000000,109.000000,46.000000,9.000000,-82.000000
1163,-14.000000,-23.000000,-116.000000,18.000000,0.000000,-101.000000,-34.000000,-2.000000,109.000000,46.000000,9.000000,-82.000000
1164,-14.000000,-23.000000,-116.000000,18.000000,0.000000,-101.000000,-34.000000,-2.000000,109.000000,46.000000,9.000000,-82.000000
1165,-14.000000,-23.000000,-116.000000,18.000000,0.000000,-101.000000,-34.000000,-2.000000,109.000000,46.000000,9.000000,-82.000000
1166,-14.000000,-23.000000,-116.000000,18.000000,0.000000,-101.000000,-34.000000,-2.000000,109.000000,46.000000,9.000000,-82.000000
1167,-14.000000,-23.000000,-116.000000,18.000000,0.000000,-101.000000,-34.000000,-2.000000,109.000000,46.000000,9.000000,-82.000000
1168,-14.000000,-23.000000,-116.000000,18.000000,0.000000,-101.000000,-34.000000,-2.000000,109.000000,46.000000,9.000000,-82.000000
1169,-14.000000,-23.000000,-116.000000,18.000000,0.000000,-101.000000,-34.000000,-2.000000,109.000000,46.000000,9.000000,-82.000000
1170,-14.000000,-23.000000,-116.000000,18.000000,0.000000,-101.000000,-34.000000,-2.000000,109.000000,46.000000,9.000000,-82.000000
1171,-14.000000,-23.000000,-116.000000,18.000000,0.000000,-101.000000,-34.000000,-2.000000,109.000000,46.000000,9.000000,-82.000000
1172,-14.000000,-23.000000,-116.000000,18.000000,0.000000,-101.000000,-34.000000,-2.000000,109.000000,46.000000,9.000000,-82.000000
1173,-14.000000,-23.000000,-116.000000,18.000000,0.000000,-101.000000,-34.000000,-2.000000,109.000000,46.000000,9.000000,-82.000000
1174,-14.000000,-23.000000,-116.000000,18.000000,0.000000,-101.000000,-34.000000,-2.000000,109.000000,46.000000,9.000000,-82.000000
1175,-14.000000,-23.000000,-116.000000,18.000000,0.000000,-101.000000,-34.000000,-2.000000,109.000000,46.000000,9.000000,-82.000000
1176,-14.000000,-23.000000,-116.000000,18.000000,0.000000,-101.000000,-34.000000,-2.000000,109.000000,46.000000,9.000000,-82.000000
1177,-14.000000,-23.000000,-116.000000,18.000000,0.000000,-101.000000,-34.000000,-2.000000,109.000000,46.000000,9.000000,-82.000000
1178,-14.000000,-23.000000,-116.000000,18.000000,0.000000,-101.000000,-34.000000,-2.000000,109.000000,46.000000,9.000000,-82.000000
1179,-14.000000,-23.000000,-116.000000,18.000000,0.000000,-101.000000,-34.000000,-2.000000,109.000000,46.000000,9.000000,-82.000000
1180,-14.000000,-23.000000,-116.000000,18.000000,0.000000,-101.000000,-34.000000,-2.000000,109.000000,46.000000,9.000000,-82.000000
1181,-14.000000,-23.000000,-116.000000,18.000000,0.000000,-101.000000,-34.000000,-2.000000,109.000000,46.000000,9.000000,-82.000000
1182,-14.000000,-23.000000,-116.000000,18.000000,0.000000,-101.000000,-34.000000,-2.000000,109.000000,46.000000,9.000000,-82.000000
1183,-14.000000,-23.000000,-116.000000,18.000000,0.000000,-101.000000,-34.000000,-2.000000,109.000000,46.000000,9.000000,-82.000000
1184,-14.000000,-23.000000,-116.000000,18.000000,0.000000,-101.000000,-34.000000,-2.000000,109.000000,46.000000,9.000000,-82.000000
1185,-14.000000,-23.000000,-116.000000,18.000000,0.000000,-101.000000,-34.000000,-2.000000,109.000000,46.000000,9.000000,-82.000000
1186,-14.000000,-23.000000,-116.000000,18.000000,0.000000,-101.000000,-34.000000,-2.000000,109.000000,46.000000,9.000000,-82.000000
1187,-14.000000,-23.000000,-116.000000,18.000000,0.000000,-101.000000,-34.000000,-2.000000,109.000000,46.000000,9.000000,-82.000000
1188,-14.000000,-23.000000,-116.000000,18.000000,0.000000,-101.000000,-34.000000,-2.000000,109.000000,46.000000,9.000000,-82.000000
1189,-14.000000,-23.000000,-116.000000,18.000000,0.000000,-101.000000,-34.000000,-2.000000,109.000000,46.000000,9.000000,-82.000000
1190,-14.000000,-23.000000,-116.000000,18.000000,0.000000,-101.000000,-34.000000,-2.000000,109.000000,46.000000,9.000000,-82.000000
1191,-14.000000,-23.000000,-116.000000,18.000000,0.000000,-101.000000,-34.000000,-2.000000,109.000000,46.000000,9.000000,-82.000000
1192,-14.000000,-23.000000,-116.000000,18.000000,0.000000,-101.000000,-34.000000,-2.000000,109.000000,46.000000,9.000000,-82.000000
1193,-14.000000,-23.000000,-116.000000,18.000000,0.000000,-101.000000,-34.000000,-2.000000,109.000000,46.000000,9.000000,-82.000000
1194,-14.000000,-23.000000,-116.000000,18.000000,0.000000,-101.000000,-34.000000,-2.000000,109.000000,46.000000,9.000000,-82.000000
1195,-14.000000,-23.000000,-116.000000,18.000000,0.000000,-101.000000,-34.000000,-2.000000,109.000000,46.000000,9.000000,-82.000000
1196,-14.000000,-23.000000,-116.000000,18.000000,0.000000,-101.000000,-34.000000,-2.000000,109.000000,46.000000,9.000000,-82.000000
1197,-14.000000,-23.000000,-116.000000,18.000000,0.000000,-101.000000,-34.000000,-2.000000,109.000000,46.000000,9.000000,-82.000000
1198,-14.000000,-23.000000,-116.000000,18.000000,0.000000,-101.000000,-34.000000,-2.000000,109.000000,46.000000,9.000000,-82.000000
1199,-14.000000,-23.000000,-116.000000,18.000000,0.000000,-101.000000,-34.000000,-2.000000,109.000000,46.000000,9.000000,-82.000000
1200,-14.000000,-23.000000,-116.000000,18.000000,0.000000,-101.000000,-34.000000,-2.000000,109.000000,46.000000,9.000000,-82.000000
1201,-14.000000,-23.000000,-116.000000,18.000000,0.000000,-101.000000,-34.000000,-2.000000,109.000000,46.000000,9.000000,-82.000000
1202,-14.000000,-23.000000,-116.000000,18.000000,0.000000,-101.000000,-34.000000,-2.000000,109.000000,46.000000,9.000000,-82.000000
1203,-14.000000,-23.000000,-116.000000,18.000000,0.000000,-101.000000,-34.000000,-2.000000,109.000000,46.000000,9.000000,-82.000000
1204,-14.000000,-23.000000,-116.000000,18.000000,0.000000,-101.000000,-34.000000,-2.000000,109.000000,46.000000,9.000000,-82.000000
1205,-14.000000,-23.000000,-116.000000,18.000000,0.000000,-101.000000,-34.000000,-2.000000,109.000000,46.000000,9.000000,-82.000000
1206,-14.000000,-23.000000,-116.000000,18.000000,0.000000,-101.000000,-34.000000,-2.000000,109.000000,46.000000,9.000000,-82.000000
1207,-14.000000,-23.000000,-116.000000,18.000000,0.000000,-101.000000,-34.000000,-2.000000,109.000000,46.000000,9.000000,-82.000000
1208,-14.000000,-23.000000,-116.000000,18.000000,0.000000,-101.000000,-34.000000,-2.000000,109.000000,46.000000,9.000000,-82.000000
1209,-14.000000,-23.000000,-116.000000,18.000000,0.000000,-101.000000,-34.000000,-2.000000,109.000000,46.000000,9.000000,-82.000000
1210,-14.000000,-23.000000,-116.000000,18.000000,0.000000,-101.000000,-34.000000,-2.000000,109.000000,46.000000,9.000000,-82.000000
1211,-14.000000,-23.000000,-116.000000,18.000000,0.000000,-101.000000,-34.000000,-2.000000,109.000000,46.000000,9.000000,-82.000000
1212,-14.000000,-23.000000,-116.000000,18.000000,0.000000,-101.000000,-34.000000,-2.000000,109.000000,46.000000,9.000000,-82.000000
1213,-14.000000,-23.000000,-116.000000,18.000000,0.000000,-101.000000,-34.000000,-2.000000,109.000000,46.000000,9.000000,-82.000000
1214,-14.000000,-23.000000,-116.000000,18.000000,0.000000,-101.000000,-34.000000,-2.000000,109.000000,46.000000,9.000000,-82.000000
1215,-14.000000,-23.000000,-116.000000,18.000000,0.000000,-101.000000,-34.000000,-2.000000,109.000000,46.000000,9.000000,-82.000000
1216,-14.000000,-23.000000,-116.000000,18.000000,0.000000,-101.000000,-34.000000,-2.000000,109.000000,46.000000,9.000000,-82.000000
1217,-14.000000,-23.000000,-116.000000,18.000000,0.000000,-101.000000,-34.000000,-2.000000,109.000000,46.000000,9.000000,-82.000000
1218,-14.000000,-23.000000,-116.000000,18.000000,0.000000,-101.000000,-34.000000,-2.000000,109.000000,46.000000,9.000000,-82.000000
1219,-14.000000,-23.000000,-116.000000,18.000000,0.000000,-101.000000,-34.000000,-2.000000,109.000000,46.000000,9.000000,-82.000000
1220,-14.000000,-23.000000,-116.000000,18.000000,0.000000,-101.000000,-34.000000,-2.000000,109.000000,46.000000,9.000000,-82.000000
1221,-14.000000,-23.000000,-116.000000,18.000000,0.000000,-101.000000,-34.000000,-2.000000,109.000000,46.000000,9.000000,-82.000000
1222,-14.000000,-23.000000,-116.000000,18.000000,0.000000,-101.000000,-34.000000,-2.000000,109.000000,46.000000,9.000000,-82.000000
1223,-14.000000,-23.000000,-116.000000,18.000000,0.000000,-101.000000,-34.000000,-2.000000,109.000000,46.000000,9.000000,-82.000000
1224,-14.000000,-23.000000,-116.000000,18.000000,0.000000,-101.000000,-34.000000,-2.000000,109.000000,46.000000,9.000000,-82.000000
1225,-14.000000,-23.000000,-116.000000,18.000000,0.000000,-101.000000,-34.000000,-2.000000,109.000000,46.000000,9.000000,-82.000000
1226,-14.000000,-23.000000,-116.000000,18.000000,0.000000,-101.000000,-34.000000,-2.000000,109.000000,46.000000,9.000000,-82.000000
1227,-14.000000,-23.000000,-116.000000,18.000000,0.000000,-101.000000,-34.000000,-2.000000,109.000000,46.000000,9.000000,-82.000000
1228,-14.000000,-23.000000,-116.000000,18.000000,0.000000,-101.000000,-34.000000,-2.000000,109.000000,46.000000,9.000000,-82.000000
1229,-14.000000,-23.000000,-116.000000,18.000000,0.000000,-101.000000,-34.000000,-2.000000,109.000000,46.000000,9.000000,-82.000000
1230,-14.000000,-23.000000,-116.000000,18.000000,0.000000,-101.000000,-34.000000,-2.000000,109.000000,46.000000,9.000000,-82.000000
1231,-14.000000,-23.000000,-116.000000,18.000000,0.000000,-101.000000,-34.000000,-2.000000,109.000000,46.000000,9.000000,-82.000000
1232,-14.000000,-23.000000,-116.000000,18.000000,0.000000,-101.000000,-34.000000,-2.000000,109.000000,46.000000,9.000000,-82.000000
1233,-14.000000,-23.000000,-116.000000,18.000000,0.000000,-101.000000,-34.000000,-2.000000,109.000000,46.000000,9.000000,-82.000000
1234,-14.000000,-23.000000,-116.000000,18.000000,0.000000,-101.000000,-34.000000,-2.000000,109.000000,46.000000,9.000000,-82.000000
1235,-14.000000,-23.000000,-116.000000,18.000000,0.000000,-101.000000,-34.000000,-2.000000,109.000000,46.000000,9.000000,-82.000000
1236,-14.000000,-23.000000,-116.000000,18.000000,0.000000,-101.000000,-34.000000,-2.000000,109.000000,46.000000,9.000000,-82.000000
1237,-14.000000,-23.000000,-116.000000,18.000000,0.000000,-101.000000,-34.000000,-2.000000,109.000000,46.000000,9.000000,-82.000000
1238,-14.000000,-23.000000,-116.000000,18.000000,0.000000,-101.000000,-34.000000,-2.000000,109.000000,46.000000,9.000000,-82.000000
1239,-14.000000,-23.000000,-116.000000,18.000000,0.000000,-101.000000,-34.000000,-2.000000,109.000000,46.000000,9.000000,-82.000000
1240,-14.000000,-23.000000,-116.000000,18.000000,0.000000,-101.000000,-34.000000,-2.000000,109.000000,46.000000,9.000000,-82.000000
1241,-14.000000,-23.000000,-116.000000,18.000000,0.000000,-101.000000,-34.000000,-2.000000,109.000000,46.000000,9.000000,-82.000000
1242,-14.000000,-23.000000,-116.000000,18.000000,0.000000,-101.000000,-34.000000,-2.000000,109.000000,46.000000,9.000000,-82.000000
1243,-14.000000,-23.000000,-116.000000,18.000000,0.000000,-101.000000,-34.000000,-2.000000,109.000000,46.000000,9.000000,-82.000000
1244,-14.000000,-23.000000,-116.000000,18.000000,0.000000,-101.000000,-34.000000,-2.000000,109.000000,46.000000,9.000000,-82.000000
1245,-14.000000,-23.000000,-116.000000,18.000000,0.000000,-101.000000,-34.000000,-2.000000,109.000000,46.000000,9.000000,-82.000000
1246,-14.000000,-23.000000,-116.000000,18.000000,0.000000,-101.000000,-34.000000,-2.000000,109.000000,46.000000,9.000000,-82.000000
1247,-14.000000,-23.000000,-116.000000,18.000000,0.000000,-101.000000,-34.000000,-2.000000,109.000000,46.000000,9.000000,-82.000000
1248,-14.000000,-23.000000,-116.000000,18.000000,0.000000,-101.000000,-34.000000,-2.000000,109.000000,46.000000,9.000000,-82.000000
1249,-14.000000,-23.000000,-116.000000,18.000000,0.000000,-101.000000,-34.000000,-2.000000,109.000000,46.000000,9.000000,-82.000000
1250,-14.000000,-23.000000,-116.000000,18.000000,0.000000,-101.000000,-34.000000,-2.000000,109.000000,46.000000,9.000000,-82.000000
1251,-14.000000,-23.000000,-116.000000,18.000000,0.000000,-101.000000,-34.000000,-2.000000,109.000000,46.000000,9.000000,-82.000000
1252,-14.000000,-23.000000,-116.000000,18.000000,0.000000,-101.000000,-34.000000,-2.000000,109.000000,46.000000,9.000000,-82.000000
1253,-14.000000,-23.000000,-116.000000,18.000000,0.000000,-101.000000,-34.000000,-2.000000,109.000000,46.000000,9.000000,-82.000000
1254,-14.000000,-23.000000,-116.000000,18.000000,0.000000,-101.000000,-34.000000,-2.000000,109.000000,46.000000,9.000000,-82.000000
1255,-14.000000,-23.000000,-116.000000,18.000000,0.000000,-101.000000,-34.000000,-2.000000,109.000000,46.000000,9.000000,-82.000000
1256,-14.000000,-23.000000,-116.000000,18.000000,0.000000,-101.000000,-34.000000,-2.000000,109.000000,46.000000,9.000000,-82.000000
1257,-14.000000,-23.000000,-116.000000,18.000000,0.000000,-101.000000,-34.000000,-2.000000,109.000000,46.000000,9.000000,-82.000000
1258,-14.000000,-23.000000,-116.000000,18.000000,0.000000,-101.000000,-34.000000,-2.000000,109.000000,46.000000,9.000000,-82.000000
1259,-14.000000,-23.000000,-116.000000,18.000000,0.000000,-101.000000,-34.000000,-2.000000,109.000000,46.000000,9.000000,-82.000000
1260,-14.000000,-23.000000,-116.000000,18.000000,0.000000,-101.000000,-34.000000,-2.000000,109.000000,46.000000,9.000000,-82.000000
1261,-14.000000,-23.000000,-116.000000,18.000000,0.000000,-101.000000,-34.000000,-2.000000,109.000000,46.000000,9.000000,-82.000000
1262,-14.000000,-23.000000,-116.000000,18.000000,0.000000,-101.000000,-34.000000,-2.000000,109.000000,46.000000,9.000000,-82.000000
1263,-14.000000,-23.000000,-116.000000,18.000000,0.000000,-101.000000,-34.000000,-2.000000,109.000000,46.000000,9.000000,-82.000000
1264,-14.000000,-23.000000,-116.000000,18.000000,0.000000,-101.000000,-34.000000,-2.000000,109.000000,46.000000,9.000000,-82.000000
1265,-14.000000,-23.000000,-116.000000,18.000000,0.000000,-101.000000,-34.000000,-2.000000,109.000000,46.000000,9.000000,-82.000000
1266,-14.000000,-23.000000,-116.000000,18.000000,0.000000,-101.000000,-34.000000,-2.000000,109.000000,46.000000,9.000000,-82.000000
1267,-14.000000,-23.000000,-116.000000,18.000000,0.000000,-101.000000,-34.000000,-2.000000,109.000000,46.000000,9.000000,-82.000000
1268,-14.000000,-23.000000,-116.000000,18.000000,0.000000,-101.000000,-34.000000,-2.000000,109.000000,46.000000,9.000000,-82.000000
1269,-14.000000,-23.000000,-116.000000,18.000000,0.000000,-101.000000,-34.000000,-2.000000,109.000000,46.000000,9.000000,-82.000000
1270,-14.000000,-23.000000,-116.000000,18.000000,0.000000,-101.000000,-34.000000,-2.000000,109.000000,46.000000,9.000000,-82.000000
1271,-14.000000,-23.000000,-116.000000,18.000000,0.000000,-101.000000,-34.000000,-2.000000,109.000000,46.000000,9.000000,-82.000000
1272,-14.000000,-23.000000,-116.000000,18.000000,0.000000,-101.000000,-34.000000,-2.000000,109.000000,46.000000,9.000000,-82.000000
1273,-14.000000,-23.000000,-116.000000,18.000000,0.000000,-101.000000,-34.000000,-2.000000,109.000000,46.000000,9.000000,-82.000000
1274,-14.000000,-23.000000,-116.000000,18.000000,0.000000,-101.000000,-34.000000,-2.000000,109.000000,46.000000,9.000000,-82.000000
1275,-14.000000,-23.000000,-116.000000,18.000000,0.000000,-101.000000,-34.000000,-2.000000,109.000000,46.000000,9.000000,-82.000000
1276,-14.000000,-23.000000,-116.000000,18.000000,0.000000,-101.000000,-34.000000,-2.000000,109.000000,46.000000,9.000000,-82.000000
1277,-14.000000,-23.000000,-116.000000,18.000000,0.000000,-101.000000,-34.000000,-2.000000,109.000000,46.000000,9.000000,-82.000000
1278,-14.000000,-23.000000,-116.000000,18.000000,0.000000,-101.000000,-34.000000,-2.000000,109.000000,46.000000,9.000000,-82.000000
1279,-14.000000,-23.000000,-116.000000,18.000000,0.000000,-101.000000,-34.000000,-2.000000,109.000000,46.000000,9.000000,-82.000000
1280,-14.000000,-23.000000,-116.000000,18.000000,0.000000,-101.000000,-34.000000,-2.000000,109.000000,46.000000,9.000000,-82.000000
1281,-14.000000,-23.000000,-116.000000,18.000000,0.000000,-101.000000,-34.000000,-2.000000,109.000000,46.000000,9.000000,-82.000000
1282,-14.000000,-23.000000,-116.000000,18.000000,0.000000,-101.000000,-34.000000,-2.000000,109.000000,46.000000,9.000000,-82.000000
1283,-14.000000,-23.000000,-116.000000,18.000000,0.000000,-101.000000,-34.000000,-2.000000,109.000000,46.000000,9.000000,-82.000000
1284,-14.000000,-23.000000,-116.000000,18.000000,0.000000,-101.000000,-34.000000,-2.000000,109.000000,46.000000,9.000000,-82.000000
1285,-14.000000,-23.000000,-116.000000,18.000000,0.000000,-101.000000,-34.000000,-2.000000,109.000000,46.000000,9.000000,-82.000000
1286,-14.000000,-23.000000,-116.000000,18.000000,0.000000,-101.000000,-34.000000,-2.000000,109.000000,46.000000,9.000000,-82.000000
1287,-14.000000,-23.000000,-116.000000,18.000000,0.000000,-101.000000,-34.000000,-2.000000,109.000000,46.000000,9.000000,-82.000000
1288,-14.000000,-23.000000,-116.000000,18.000000,0.000000,-101.000000,-34.000000,-2.000000,109.000000,46.000000,9.000000,-82.000000
1289,-14.000000,-23.000000,-116.000000,18.000000,0.000000,-101.000000,-34.000000,-2.000000,109.000000,46.000000,9.000000,-82.000000
1290,-14.000000,-23.000000,-116.000000,18.000000,0.000000,-101.000000,-34.000000,-2.000000,109.000000,46.000000,9.000000,-82.000000
1291,-14.000000,-23.000000,-116.000000,18.000000,0.000000,-101.000000,-34.000000,-2.000000,109.000000,46.000000,9.000000,-82.000000
1292,-14.000000,-23.000000,-116.000000,18.000000,0.000000,-101.000000,-34.000000,-2.000000,109.000000,46.000000,9.000000,-82.000000
1293,-14.000000,-23.000000,-116.000000,18.000000,0.000000,-101.000000,-34.000000,-2.000000,109.000000,46.000000,9.000000,-82.000000
1294,-14.000000,-23.000000,-116.000000,18.000000,0.000000,-101.000000,-34.000000,-2.000000,109.000000,46.000000,9.000000,-82.000000
1295,-14.000000,-23.000000,-116.000000,18.000000,0.000000,-101.000000,-34.000000,-2.000000,109.000000,46.000000,9.000000,-82.000000
1296,-14.000000,-23.000000,-116.000000,18.000000,0.000000,-101.000000,-34.000000,-2.000000,109.000000,46.000000,9.000000,-82.000000
1297,-14.000000,-23.000000,-116.000000,18.000000,0.000000,-101.000000,-34.000000,-2.000000,109.000000,46.000000,9.000000,-82.000000
1298,-14.000000,-23.000000,-116.000000,18.000000,0.000000,-101.000000,-34.000000,-2.000000,109.000000,46.000000,9.000000,-82.000000
1299,-14.000000,-23.000000,-116.000000,18.000000,0.000000,-101.000000,-34.000000,-2.000000,109.000000,46.000000,9.000000,-82.000000
1300,-14.000000,-23.000000,-116.000000,18.000000,0.000000,-101.000000,-34.000000,-2.000000,109.000000,46.000000,9.000000,-82.000000
1301,-14.000000,-23.000000,-116.000000,18.000000,0.000000,-101.000000,-34.000000,-2.000000,109.000000,46.000000,9.000000,-82.000000
1302,-14.000000,-23.000000,-116.000000,18.000000,0.000000,-101.000000,-34.000000,-2.000000,109.000000,46.000000,9.000000,-82.000000
1303,-14.000000,-23.000000,-116.000000,18.000000,0.000000,-101.000000,-34.000000,-2.000000,109.000000,46.000000,9.000000,-82.000000
1304,-14.000000,-23.000000,-116.000000,18.000000,0.000000,-101.000000,-34.000000,-2.000000,109.000000,46.000000,9.000000,-82.000000
1305,-14.000000,-23.000000,-116.000000,18.000000,0.000000,-101.000000,-34.000000,-2.000000,109.000000,46.000000,9.000000,-82.000000
1306,-14.000000,-23.000000,-116.000000,18.000000,0.000000,-101.000000,-34.000000,-2.000000,109.000000,46.000000,9.000000,-82.000000
1307,-14.000000,-23.000000,-116.000000,18.000000,0.000000,-101.000000,-34.000000,-2.000000,109.000000,46.000000,9.000000,-82.000000
1308,-14.000000,-23.000000,-116.000000,18.000000,0.000000,-101.000000,-34.000000,-2.000000,109.000000,46.000000,9.000000,-82.000000
1309,-14.000000,-23.000000,-116.000000,18.000000,0.000000,-101.000000,-34.000000,-2.000000,109.000000,46.000000,9.000000,-82.000000
1310,-14.000000,-23.000000,-116.000000,18.000000,0.000000,-101.000000,-34.000000,-2.000000,109.000000,46.000000,9.000000,-82.000000
1311,-14.000000,-23.000000,-116.000000,18.000000,0.000000,-101.000000,-34.000000,-2.000000,109.000000,46.000000,9.000000,-82.000000
1312,-14.000000,-23.000000,-116.000000,18.000000,0.000000,-101.000000,-34.000000,-2.000000,109.000000,46.000000,9.000000,-82.000000
1313,-14.000000,-23.000000,-116.000000,18.000000,0.000000,-101.000000,-34.000000,-2.000000,109.000000,46.000000,9.000000,-82.000000
1314,-14.000000,-23.000000,-116.000000,18.000000,0.000000,-101.000000,-34.000000,-2.000000,109.000000,46.000000,9.000000,-82.000000
1315,-14.000000,-23.000000,-116.000000,18.000000,0.000000,-101.000000,-34.000000,-2.000000,109.000000,46.000000,9.000000,-82.000000
1316,-21.000000,-14.000000,-105.000000,29.000000,-3.000000,-84.000000,2.000000,-24.000000,113.000000,90.000000,18.000000,-68.000000
1317,-21.000000,-14.000000,-105.000000,29.000000,-3.000000,-84.000000,2.000000,-24.000000,113.000000,90.000000,18.000000,-68.000000
1318,-21.000000,-14.000000,-105.000000,29.000000,-3.000000,-84.000000,2.000000,-24.000000,113.000000,90.000000,18.000000,-68.000000
1319,-21.000000,-14.000000,-105.000000,30.000000,-2.000000,-85.000000,2.000000,-24.000000,113.000000,86.000000,20.000000,-69.000000
1320,-20.000000,-13.000000,-104.000000,30.000000,-2.000000,-85.000000,2.000000,-24.000000,113.000000,86.000000,20.000000,-69.000000
1321,-20.000000,-13.000000,-104.000000,30.000000,-2.000000,-85.000000,2.000000,-24.000000,113.000000,86.000000,20.000000,-69.000000
1322,-20.000000,-13.000000,-104.000000,30.000000,-2.000000,-85.000000,2.000000,-24.000000,113.000000,86.000000,20.000000,-69.000000
1323,-20.000000,-13.000000,-104.000000,30.000000,-2.000000,-85.000000,2.000000,-24.000000,113.000000,86.000000,20.000000,-69.000000
1324,-20.000000,-13.000000,-104.000000,30.000000,-2.000000,-85.000000,2.000000,-24.000000,113.000000,86.000000,20.000000,-69.000000
1325,-20.000000,-13.000000,-104.000000,30.000000,-2.000000,-85.000000,3.000000,-25.000000,111.000000,86.000000,20.000000,-69.000000
1326,-20.000000,-13.000000,-104.000000,30.000000,-2.000000,-85.000000,3.000000,-25.000000,111.000000,86.000000,20.000000,-69.000000
1327,-20.000000,-13.000000,-104.000000,30.000000,-2.000000,-85.000000,3.000000,-25.000000,111.000000,86.000000,20.000000,-69.000000
1328,-20.000000,-13.000000,-104.000000,30.000000,-2.000000,-85.000000,3.000000,-25.000000,111.000000,86.000000,20.000000,-69.000000
1329,-20.000000,-13.000000,-104.000000,30.000000,-2.000000,-85.000000,3.000000,-25.000000,111.000000,86.000000,20.000000,-69.000000
1330,-20.000000,-13.000000,-104.000000,30.000000,-2.000000,-85.000000,3.000000,-25.000000,111.000000,86.000000,20.000000,-69.000000
1331,-20.000000,-13.000000,-104.000000,30.000000,-2.000000,-85.000000,3.000000,-25.000000,111.000000,86.000000,20.000000,-69.000000
1332,-20.000000,-13.000000,-104.000000,30.000000,-2.000000,-85.000000,3.000000,-25.000000,111.000000,86.000000,20.000000,-69.000000
1333,-20.000000,-13.000000,-104.000000,30.000000,-2.000000,-85.000000,3.000000,-25.000000,111.000000,86.000000,20.000000,-69.000000
1334,-20.000000,-13.000000,-104.000000,35.000000,-1.000000,-86.000000,3.000000,-25.000000,111.000000,76.000000,21.000000,-72.000000
1335,-19.000000,-13.000000,-104.000000,35.000000,-1.000000,-86.000000,3.000000,-25.000000,111.000000,76.000000,21.000000,-72.000000
1336,-19.000000,-13.000000,-104.000000,35.000000,-1.000000,-86.000000,3.000000,-25.000000,111.000000,76.000000,21.000000,-72.000000
1337,-19.000000,-13.000000,-104.000000,35.000000,-1.000000,-86.000000,3.000000,-25.000000,111.000000,76.000000,21.000000,-72.000000
1338,-19.000000,-13.000000,-104.000000,35.000000,-1.000000,-86.000000,3.000000,-25.000000,111.000000,76.000000,21.000000,-72.000000
1339,-19.000000,-13.000000,-104.000000,35.000000,-1.000000,-86.000000,3.000000,-25.000000,111.000000,76.000000,21.000000,-72.000000
1340,-19.000000,-13.000000,-104.000000,35.000000,-1.000000,-86.000000,-1.000000,-23.000000,110.000000,76.000000,21.000000,-72.000000
1341,-19.000000,-13.000000,-104.000000,35.000000,-1.000000,-86.000000,-1.000000,-23.000000,110.000000,76.000000,21.000000,-72.000000
1342,-19.000000,-13.000000,-104.000000,35.000000,-1.000000,-86.000000,-1.000000,-23.000000,110.000000,76.000000,21.000000,-72.000000
1343,-19.000000,-13.000000,-104.000000,35.000000,-1.000000,-86.000000,-1.000000,-23.000000,110.000000,76.000000,21.000000,-72.000000
1344,-19.000000,-13.000000,-104.000000,35.000000,-1.000000,-86.000000,-1.000000,-23.000000,110.000000,76.000000,21.000000,-72.000000
1345,-19.000000,-13.000000,-104.000000,35.000000,-1.000000,-86.000000,-1.000000,-23.000000,110.000000,76.000000,21.000000,-72.000000
1346,-19.000000,-13.000000,-104.000000,35.000000,-1.000000,-86.000000,-1.000000,-23.000000,110.000000,76.000000,21.000000,-72.000000
1347,-19.000000,-13.000000,-104.000000,35.000000,-1.000000,-86.000000,-1.000000,-23.000000,110.000000,76.000000,21.000000,-72.000000
1348,-19.000000,-13.000000,-104.000000,35.000000,-1.000000,-86.000000,-1.000000,-23.000000,110.000000,76.000000,21.000000,-72.000000
1349,-19.000000,-13.000000,-104.000000,39.000000,1.000000,-88.000000,-1.000000,-23.000000,110.000000,68.000000,20.000000,-74.000000
1350,-20.000000,-13.000000,-104.000000,39.000000,1.000000,-88.000000,-1.000000,-23.000000,110.000000,68.000000,20.000000,-74.000000
1351,-20.000000,-13.000000,-104.000000,39.000000,1.000000,-88.000000,-1.000000,-23.000000,110.000000,68.000000,20.000000,-74.000000
1352,-20.000000,-13.000000,-104.000000,39.000000,1.000000,-88.000000,-1.000000,-23.000000,110.000000,68.000000,20.000000,-74.000000
1353,-20.000000,-13.000000,-104.000000,39.000000,1.000000,-88.000000,-1.000000,-23.000000,110.000000,68.000000,20.000000,-74.000000
1354,-20.000000,-13.000000,-104.000000,39.000000,1.000000,-88.000000,-1.500000,-23.000000,110.199997,68.000000,20.000000,-74.000000
1355,-20.000000,-13.000000,-104.000000,39.000000,1.000000,-88.000000,-1.000000,-23.000000,110.000000,68.000000,20.000000,-74.000000
1356,-20.000000,-13.000000,-104.000000,39.000000,1.000000,-88.000000,-6.000000,-23.000000,112.000000,68.000000,20.000000,-74.000000
1357,-20.000000,-13.000000,-104.000000,39.000000,1.000000,-88.000000,-6.000000,-23.000000,112.000000,68.000000,20.000000,-74.000000
1358,-20.000000,-13.000000,-104.000000,39.000000,1.000000,-88.000000,-6.000000,-23.000000,112.000000,68.000000,20.000000,-74.000000
1359,-20.000000,-13.000000,-104.000000,39.000000,1.000000,-88.000000,-6.000000,-23.000000,112.000000,68.000000,20.000000,-74.000000
1360,-20.000000,-13.000000,-104.000000,39.000000,1.000000,-88.000000,-6.000000,-23.000000,112.000000,68.000000,20.000000,-74.000000
1361,-20.000000,-13.000000,-104.000000,39.000000,1.000000,-88.000000,-6.000000,-23.000000,112.000000,68.000000,20.000000,-74.000000
1362,-20.000000,-13.000000,-104.000000,39.000000,1.000000,-88.000000,-6.000000,-23.000000,112.000000,68.000000,20.000000,-74.000000
1363,-20.000000,-13.000000,-104.000000,39.000000,1.000000,-88.000000,-6.000000,-23.000000,112.000000,68.000000,20.000000,-74.000000
1364,-20.000000,-13.000000,-104.000000,39.000000,1.000000,-88.000000,-6.000000,-23.000000,112.000000,68.000000,20.000000,-74.000000
1365,-20.000000,-13.000000,-104.000000,39.000000,1.000000,-88.000000,-6.000000,-23.000000,112.000000,68.000000,20.000000,-74.000000
1366,-20.000000,-13.000000,-104.000000,39.000000,2.000000,-89.000000,-6.000000,-23.000000,112.000000,70.000000,19.000000,-74.000000
1367,-20.000000,-15.000000,-105.000000,39.000000,2.000000,-89.000000,-6.000000,-23.000000,112.000000,70.000000,19.000000,-74.000000
1368,-20.000000,-15.000000,-105.000000,39.000000,2.000000,-89.000000,-6.000000,-23.000000,112.000000,70.000000,19.000000,-74.000000
1369,-20.000000,-15.000000,-105.000000,39.000000,2.000000,-89.000000,-6.000000,-23.000000,112.000000,70.000000,19.000000,-74.000000
1370,-20.000000,-15.000000,-105.000000,39.000000,2.000000,-89.000000,-6.000000,-23.000000,112.000000,70.000000,19.000000,-74.000000
1371,-20.000000,-15.000000,-105.000000,39.000000,2.000000,-89.000000,-6.000000,-23.000000,112.000000,70.000000,19.000000,-74.000000
1372,-20.000000,-15.000000,-105.000000,39.000000,2.000000,-89.000000,-6.000000,-23.000000,112.000000,70.000000,19.000000,-74.000000
1373,-20.000000,-15.000000,-105.000000,39.000000,2.000000,-89.000000,-6.000000,-23.000000,112.000000,70.000000,19.000000,-74.000000
1374,-20.000000,-15.000000,-105.000000,39.000000,2.000000,-89.000000,-6.000000,-23.000000,112.000000,70.000000,19.000000,-74.000000
1375,-20.000000,-15.000000,-105.000000,39.000000,2.000000,-89.000000,-6.000000,-23.000000,112.000000,70.000000,19.000000,-74.000000
1376,-20.000000,-15.000000,-105.000000,39.000000,2.000000,-89.000000,-6.000000,-23.000000,112.000000,70.000000,19.000000,-74.000000
1377,-20.000000,-15.000000,-105.000000,39.000000,2.000000,-89.000000,-6.000000,-23.000000,112.000000,70.000000,19.000000,-74.000000
1378,-20.000000,-15.000000,-105.000000,39.000000,2.000000,-89.000000,-6.000000,-23.000000,112.000000,70.000000,19.000000,-74.000000
1379,-20.000000,-15.000000,-105.000000,39.000000,2.000000,-89.000000,-6.000000,-23.000000,112.000000,70.000000,19.000000,-74.000000
1380,-20.000000,-15.000000,-105.000000,39.000000,2.000000,-89.000000,-6.000000,-23.000000,112.000000,70.000000,19.000000,-74.000000
1381,-20.000000,-15.000000,-105.000000,39.000000,2.000000,-89.000000,-6.000000,-23.000000,112.000000,70.000000,19.000000,-74.000000
1382,-20.000000,-15.000000,-105.000000,39.000000,2.000000,-89.000000,-6.000000,-23.000000,112.000000,70.000000,19.000000,-74.000000
1383,-20.000000,-15.000000,-105.000000,39.000000,2.000000,-89.000000,-6.000000,-23.000000,112.000000,70.000000,19.000000,-74.000000
1384,-20.000000,-15.000000,-105.000000,39.000000,2.000000,-89.000000,-6.000000,-23.000000,112.000000,70.000000,19.000000,-74.000000
1385,-20.000000,-15.000000,-105.000000,39.000000,2.000000,-89.000000,-6.000000,-23.000000,112.000000,70.000000,19.000000,-74.000000
1386,-20.000000,-15.000000,-105.000000,39.000000,2.000000,-89.000000,-6.000000,-23.000000,112.000000,70.000000,19.000000,-74.000000
1387,-20.000000,-15.000000,-105.000000,39.000000,2.000000,-89.000000,-6.000000,-23.000000,112.000000,70.000000,19.000000,-74.000000
1388,-20.000000,-15.000000,-105.000000,39.000000,2.000000,-89.000000,-6.000000,-23.000000,112.000000,70.000000,19.000000,-74.000000
1389,-20.000000,-15.000000,-105.000000,39.000000,2.000000,-89.000000,-6.000000,-23.000000,112.000000,70.000000,19.000000,-74.000000
1390,-20.000000,-15.000000,-105.000000,39.000000,2.000000,-89.000000,-6.000000,-23.000000,112.000000,70.000000,19.000000,-74.000000
1391,-20.000000,-15.000000,-105.000000,39.000000,2.000000,-89.000000,-6.000000,-23.000000,112.000000,70.000000,19.000000,-74.000000
1392,-20.000000,-15.000000,-105.000000,39.000000,2.000000,-89.000000,-6.000000,-23.000000,112.000000,70.000000,19.000000,-74.000000
1393,-20.000000,-15.000000,-105.000000,39.000000,2.000000,-89.000000,-6.000000,-23.000000,112.000000,70.000000,19.000000,-74.000000
1394,-20.000000,-15.000000,-105.000000,39.000000,2.000000,-89.000000,-6.000000,-23.000000,112.000000,70.000000,19.000000,-74.000000
1395,-20.000000,-15.000000,-105.000000,39.000000,2.000000,-89.000000,-6.000000,-23.000000,112.000000,70.000000,19.000000,-74.000000
1396,-20.000000,-15.000000,-105.000000,39.000000,2.000000,-89.000000,-6.000000,-23.000000,112.000000,70.000000,19.000000,-74.000000
1397,-20.000000,-15.000000,-105.000000,39.000000,2.000000,-89.000000,-6.000000,-23.000000,112.000000,70.000000,19.000000,-74.000000
1398,-20.000000,-15.000000,-105.000000,39.000000,2.000000,-89.000000,-6.000000,-23.000000,112.000000,70.000000,19.000000,-74.000000
1399,-20.000000,-15.000000,-105.000000,39.000000,2.000000,-89.000000,-6.000000,-23.000000,112.000000,70.000000,19.000000,-74.000000
1400,-20.000000,-15.000000,-105.000000,39.000000,2.000000,-89.000000,-6.000000,-23.000000,112.000000,70.000000,19.000000,-74.000000
1401,-20.000000,-15.000000,-105.000000,39.000000,2.000000,-89.000000,-6.000000,-23.000000,112.000000,70.000000,19.000000,-74.000000
1402,-20.000000,-15.000000,-105.000000,39.000000,2.000000,-89.000000,-6.000000,-23.000000,112.000000,70.000000,19.000000,-74.000000
1403,-20.000000,-15.000000,-105.000000,39.000000,2.000000,-89.000000,-6.000000,-23.000000,112.000000,70.000000,19.000000,-74.000000
1404,-20.000000,-15.000000,-105.000000,39.000000,2.000000,-89.000000,-6.000000,-23.000000,112.000000,70.000000,19.000000,-74.000000
1405,-20.000000,-15.000000,-105.000000,39.000000,2.000000,-89.000000,-6.000000,-23.000000,112.000000,70.000000,19.000000,-74.000000
1406,-20.000000,-15.000000,-105.000000,39.000000,2.000000,-89.000000,-6.000000,-23.000000,112.000000,70.000000,19.000000,-74.000000
1407,-20.000000,-15.000000,-105.000000,39.000000,2.000000,-89.000000,-6.000000,-23.000000,112.000000,70.000000,19.000000,-74.000000
1408,-20.000000,-15.000000,-105.000000,39.000000,2.000000,-89.000000,-6.000000,-23.000000,112.000000,70.000000,19.000000,-74.000000
1409,-20.000000,-15.000000,-105.000000,39.000000,2.000000,-89.000000,-6.000000,-23.000000,112.000000,70.000000,19.000000,-74.000000
1410,-20.000000,-15.000000,-105.000000,39.000000,2.000000,-89.000000,-6.000000,-23.000000,112.000000,70.000000,19.000000,-74.000000
1411,-20.000000,-15.000000,-105.000000,39.000000,2.000000,-89.000000,-6.000000,-23.000000,112.000000,70.000000,19.000000,-74.000000
1412,-20.000000,-15.000000,-105.000000,39.000000,2.000000,-89.000000,-6.000000,-23.000000,112.000000,70.000000,19.000000,-74.000000
1413,-20.000000,-15.000000,-105.000000,39.000000,2.000000,-89.000000,-6.000000,-23.000000,112.000000,70.000000,19.000000,-74.000000
1414,-20.000000,-15.000000,-105.000000,39.000000,2.000000,-89.000000,-6.000000,-23.000000,112.000000,70.000000,19.000000,-74.000000
1415,-20.000000,-15.000000,-105.000000,39.000000,2.000000,-89.000000,-6.000000,-23.000000,112.000000,70.000000,19.000000,-74.000000
1416,-20.000000,-15.000000,-105.000000,39.000000,2.000000,-89.000000,-6.000000,-23.000000,112.000000,70.000000,19.000000,-74.000000
1417,-20.000000,-15.000000,-105.000000,39.000000,2.000000,-89.000000,-6.000000,-23.000000,112.000000,70.000000,19.000000,-74.000000
1418,-20.000000,-15.000000,-105.000000,39.000000,2.000000,-89.000000,-6.000000,-23.000000,112.000000,70.000000,19.000000,-74.000000
1419,-20.000000,-15.000000,-105.000000,39.000000,2.000000,-89.000000,-6.000000,-23.000000,112.000000,70.000000,19.000000,-74.000000
1420,-20.000000,-15.000000,-105.000000,39.000000,2.000000,-89.000000,-6.000000,-23.000000,112.000000,70.000000,19.000000,-74.000000
1421,-20.000000,-15.000000,-105.000000,39.000000,2.000000,-89.000000,-6.000000,-23.000000,112.000000,70.000000,19.000000,-74.000000
1422,-20.000000,-15.000000,-105.000000,39.000000,2.000000,-89.000000,-6.000000,-23.000000,112.000000,70.000000,19.000000,-74.000000
1423,-20.000000,-15.000000,-105.000000,39.000000,2.000000,-89.000000,-6.000000,-23.000000,112.000000,70.000000,19.000000,-74.000000
1424,-20.000000,-15.000000,-105.000000,39.000000,2.000000,-89.000000,-6.000000,-23.000000,112.000000,70.000000,19.000000,-74.000000
1425,-20.000000,-15.000000,-105.000000,39.000000,2.000000,-89.000000,-6.000000,-23.000000,112.000000,70.000000,19.000000,-74.000000
1426,-20.000000,-15.000000,-105.000000,39.000000,2.000000,-89.000000,-6.000000,-23.000000,112.000000,70.000000,19.000000,-74.000000
1427,-20.000000,-15.000000,-105.000000,39.000000,2.000000,-89.000000,-6.000000,-23.000000,112.000000,70.000000,19.000000,-74.000000
1428,-20.000000,-15.000000,-105.000000,39.000000,2.000000,-89.000000,-6.000000,-23.000000,112.000000,70.000000,19.000000,-74.000000
1429,-20.000000,-15.000000,-105.000000,39.000000,2.000000,-89.000000,-6.000000,-23.000000,112.000000,70.000000,19.000000,-74.000000
1430,-20.000000,-15.000000,-105.000000,39.000000,2.000000,-89.000000,-6.000000,-23.000000,112.000000,70.000000,19.000000,-74.000000
1431,-20.000000,-15.000000,-105.000000,39.000000,2.000000,-89.000000,-6.000000,-23.000000,112.000000,70.000000,19.000000,-74.000000
1432,-20.000000,-15.000000,-105.000000,39.000000,2.000000,-89.000000,-6.000000,-23.000000,112.000000,70.000000,19.000000,-74.000000
1433,-20.000000,-15.000000,-105.000000,39.000000,2.000000,-89.000000,-6.000000,-23.000000,112.000000,70.000000,19.000000,-74.000000
1434,-20.000000,-15.000000,-105.000000,39.000000,2.000000,-89.000000,-6.000000,-23.000000,112.000000,70.000000,19.000000,-74.000000
1435,-20.000000,-15.000000,-105.000000,39.000000,2.000000,-89.000000,-6.000000,-23.000000,112.000000,70.000000,19.000000,-74.000000
1436,-20.000000,-15.000000,-105.000000,39.000000,2.000000,-89.000000,-6.000000,-23.000000,112.000000,70.000000,19.000000,-74.000000
1437,-20.000000,-15.000000,-105.000000,39.000000,2.000000,-89.000000,-6.000000,-23.000000,112.000000,70.000000,19.000000,-74.000000
1438,-20.000000,-15.000000,-105.000000,39.000000,2.000000,-89.000000,-6.000000,-23.000000,112.000000,70.000000,19.000000,-74.000000
1439,-20.000000,-15.000000,-105.000000,39.000000,2.000000,-89.000000,-6.000000,-23.000000,112.000000,70.000000,19.000000,-74.000000
1440,-20.000000,-15.000000,-105.000000,39.000000,2.000000,-89.000000,-6.000000,-23.000000,112.000000,70.000000,19.000000,-74.000000
1441,-20.000000,-15.000000,-105.000000,39.000000,2.000000,-89.000000,-6.000000,-23.000000,112.000000,70.000000,19.000000,-74.000000
1442,-20.000000,-15.000000,-105.000000,39.000000,2.000000,-89.000000,-6.000000,-23.000000,112.000000,70.000000,19.000000,-74.000000
1443,-20.000000,-15.000000,-105.000000,39.000000,2.000000,-89.000000,-6.000000,-23.000000,112.000000,70.000000,19.000000,-74.000000
1444,-20.000000,-15.000000,-105.000000,39.000000,2.000000,-89.000000,-6.000000,-23.000000,112.000000,70.000000,19.000000,-74.000000
1445,-20.000000,-15.000000,-105.000000,39.000000,2.000000,-89.000000,-6.000000,-23.000000,112.000000,70.000000,19.000000,-74.000000
1446,-20.000000,-15.000000,-105.000000,39.000000,2.000000,-89.000000,-6.000000,-23.000000,112.000000,70.000000,19.000000,-74.000000
1447,-20.000000,-15.000000,-105.000000,39.000000,2.000000,-89.000000,-6.000000,-23.000000,112.000000,70.000000,19.000000,-74.000000
1448,-20.000000,-15.000000,-105.000000,39.000000,2.000000,-89.000000,-6.000000,-23.000000,112.000000,70.000000,19.000000,-74.000000
1449,-20.000000,-15.000000,-105.000000,39.000000,2.000000,-89.000000,-6.000000,-23.000000,112.000000,70.000000,19.000000,-74.000000
1450,-20.000000,-15.000000,-105.000000,39.000000,2.000000,-89.000000,-6.000000,-23.000000,112.000000,70.000000,19.000000,-74.000000
1451,-20.000000,-15.000000,-105.000000,39.000000,2.000000,-89.000000,-6.000000,-23.000000,112.000000,70.000000,19.000000,-74.000000
1452,-20.000000,-15.000000,-105.000000,39.000000,2.000000,-89.000000,-6.000000,-23.000000,112.000000,70.000000,19.000000,-74.000000
1453,-20.000000,-15.000000,-105.000000,39.000000,2.000000,-89.000000,-6.000000,-23.000000,112.000000,70.000000,19.000000,-74.000000
1454,-20.000000,-15.000000,-105.000000,39.000000,2.000000,-89.000000,-6.000000,-23.000000,112.000000,70.000000,19.000000,-74.000000
1455,-20.000000,-15.000000,-105.000000,39.000000,2.000000,-89.000000,-6.000000,-23.000000,112.000000,70.000000,19.000000,-74.000000
1456,-20.000000,-15.000000,-105.000000,39.000000,2.000000,-89.000000,-6.000000,-23.000000,112.000000,70.000000,19.000000,-74.000000
1457,-20.000000,-15.000000,-105.000000,39.000000,2.000000,-89.000000,-6.000000,-23.000000,112.000000,70.000000,19.000000,-74.000000
1458,-20.000000,-15.000000,-105.000000,39.000000,2.000000,-89.000000,-6.000000,-23.000000,112.000000,70.000000,19.000000,-74.000000
1459,-20.000000,-15.000000,-105.000000,39.000000,2.000000,-89.000000,-6.000000,-23.000000,112.000000,70.000000,19.000000,-74.000000
1460,-20.000000,-15.000000,-105.000000,39.000000,2.000000,-89.000000,-6.000000,-23.000000,112.000000,70.000000,19.000000,-74.000000
1461,-20.000000,-15.000000,-105.000000,39.000000,2.000000,-89.000000,-6.000000,-23.000000,112.000000,70.000000,19.000000,-74.000000
1462,-20.000000,-15.000000,-105.000000,39.000000,2.000000,-89.000000,-6.000000,-23.000000,112.000000,70.000000,19.000000,-74.000000
1463,-20.000000,-15.000000,-105.000000,39.000000,2.000000,-89.000000,-6.000000,-23.000000,112.000000,70.000000,19.000000,-74.000000
1464,-20.000000,-15.000000,-105.000000,39.000000,2.000000,-89.000000,-6.000000,-23.000000,112.000000,70.000000,19.000000,-74.000000
1465,-20.000000,-15.000000,-105.000000,39.000000,2.000000,-89.000000,-6.000000,-23.000000,112.000000,70.000000,19.000000,-74.000000
1466,-20.000000,-15.000000,-105.000000,39.000000,2.000000,-89.000000,-6.000000,-23.000000,112.000000,70.000000,19.000000,-74.000000
1467,-20.000000,-15.000000,-105.000000,39.000000,2.000000,-89.000000,-6.000000,-23.000000,112.000000,70.000000,19.000000,-74.000000
1468,-20.000000,-15.000000,-105.000000,39.000000,2.000000,-89.000000,-6.000000,-23.000000,112.000000,70.000000,19.000000,-74.000000
1469,-20.000000,-15.000000,-105.000000,39.000000,2.000000,-89.000000,-6.000000,-23.000000,112.000000,70.000000,19.000000,-74.000000
1470,-20.000000,-15.000000,-105.000000,39.000000,2.000000,-89.000000,-6.000000,-23.000000,112.000000,70.000000,19.000000,-74.000000
1471,-20.000000,-15.000000,-105.000000,39.000000,2.000000,-89.000000,-6.000000,-23.000000,112.000000,70.000000,19.000000,-74.000000
1472,-20.000000,-15.000000,-105.000000,39.000000,2.000000,-89.000000,-6.000000,-23.000000,112.000000,70.000000,19.000000,-74.000000
1473,-20.000000,-15.000000,-105.000000,39.000000,2.000000,-89.000000,-6.000000,-23.000000,112.000000,70.000000,19.000000,-74.000000
1474,-20.000000,-15.000000,-105.000000,39.000000,2.000000,-89.000000,-6.000000,-23.000000,112.000000,70.000000,19.000000,-74.000000
1475,-20.000000,-15.000000,-105.000000,39.000000,2.000000,-89.000000,-6.000000,-23.000000,112.000000,70.000000,19.000000,-74.000000
1476,-20.000000,-15.000000,-105.000000,39.000000,2.000000,-89.000000,-6.000000,-23.000000,112.000000,70.000000,19.000000,-74.000000
1477,-20.000000,-15.000000,-105.000000,39.000000,2.000000,-89.000000,-6.000000,-23.000000,112.000000,70.000000,19.000000,-74.000000
1478,-20.000000,-15.000000,-105.000000,39.000000,2.000000,-89.000000,-6.000000,-23.000000,112.000000,70.000000,19.000000,-74.000000
1479,-20.000000,-15.000000,-105.000000,39.000000,2.000000,-89.000000,-6.000000,-23.000000,112.000000,70.000000,19.000000,-74.000000
1480,-20.000000,-15.000000,-105.000000,39.000000,2.000000,-89.000000,-6.000000,-23.000000,112.000000,70.000000,19.000000,-74.000000
1481,-20.000000,-15.000000,-105.000000,39.000000,2.000000,-89.000000,-6.000000,-23.000000,112.000000,70.000000,19.000000,-74.000000
1482,-20.000000,-15.000000,-105.000000,39.000000,2.000000,-89.000000,-6.000000,-23.000000,112.000000,70.000000,19.000000,-74.000000
1483,-20.000000,-15.000000,-105.000000,39.000000,2.000000,-89.000000,-6.000000,-23.000000,112.000000,70.000000,19.000000,-74.000000
1484,-20.000000,-15.000000,-105.000000,39.000000,2.000000,-89.000000,-6.000000,-23.000000,112.000000,70.000000,19.000000,-74.000000
1485,-20.000000,-15.000000,-105.000000,39.000000,2.000000,-89.000000,-6.000000,-23.000000,112.000000,70.000000,19.000000,-74.000000
1486,-20.000000,-15.000000,-105.000000,39.000000,2.000000,-89.000000,-6.000000,-23.000000,112.000000,70.000000,19.000000,-74.000000
1487,-20.000000,-15.000000,-105.000000,39.000000,2.000000,-89.000000,-6.000000,-23.000000,112.000000,70.000000,19.000000,-74.000000
1488,-20.000000,-15.000000,-105.000000,39.000000,2.000000,-89.000000,-6.000000,-23.000000,112.000000,70.000000,19.000000,-74.000000
1489,-20.000000,-15.000000,-105.000000,39.000000,2.000000,-89.000000,-6.000000,-23.000000,112.000000,70.000000,19.000000,-74.000000
1490,-20.000000,-15.000000,-105.000000,39.000000,2.000000,-89.000000,-6.000000,-23.000000,112.000000,70.000000,19.000000,-74.000000
1491,-20.000000,-15.000000,-105.000000,39.000000,2.000000,-89.000000,-6.000000,-23.000000,112.000000,70.000000,19.000000,-74.000000
1492,-20.000000,-15.000000,-105.000000,39.000000,2.000000,-89.000000,-6.000000,-23.000000,112.000000,70.000000,19.000000,-74.000000
1493,-20.000000,-15.000000,-105.000000,39.000000,2.000000,-89.000000,-6.000000,-23.000000,112.000000,70.000000,19.000000,-74.000000
1494,-20.000000,-15.000000,-105.000000,39.000000,2.000000,-89.000000,-6.000000,-23.000000,112.000000,70.000000,19.000000,-74.000000
1495,-20.000000,-15.000000,-105.000000,39.000000,2.000000,-89.000000,-6.000000,-23.000000,112.000000,70.000000,19.000000,-74.000000
1496,-20.000000,-15.000000,-105.000000,39.000000,2.000000,-89.000000,-6.000000,-23.000000,112.000000,70.000000,19.000000,-74.000000
1497,-20.000000,-15.000000,-105.000000,39.000000,2.000000,-89.000000,-6.000000,-23.000000,112.000000,70.000000,19.000000,-74.000000
1498,-20.000000,-15.000000,-105.000000,39.000000,2.000000,-89.000000,-6.000000,-23.000000,112.000000,70.000000,19.000000,-74.000000
1499,-20.000000,-15.000000,-105.000000,39.000000,2.000000,-89.000000,-6.000000,-23.000000,112.000000,70.000000,19.000000,-74.000000
1500,-20.000000,-15.000000,-105.000000,39.000000,2.000000,-89.000000,-6.000000,-23.000000,112.000000,70.000000,19.000000,-74.000000
1501,-20.000000,-15.000000,-105.000000,39.000000,2.000000,-89.000000,-6.000000,-23.000000,112.000000,70.000000,19.000000,-74.000000
1502,-20.000000,-15.000000,-105.000000,39.000000,2.000000,-89.000000,-6.000000,-23.000000,112.000000,70.000000,19.000000,-74.000000
1503,-20.000000,-15.000000,-105.000000,39.000000,2.000000,-89.000000,-6.000000,-23.000000,112.000000,70.000000,19.000000,-74.000000
1504,-20.000000,-15.000000,-105.000000,39.000000,2.000000,-89.000000,-6.000000,-23.000000,112.000000,70.000000,19.000000,-74.000000
1505,-20.000000,-15.000000,-105.000000,39.000000,2.000000,-89.000000,-6.000000,-23.000000,112.000000,70.000000,19.000000,-74.000000
1506,-20.000000,-15.000000,-105.000000,39.000000,2.000000,-89.000000,-6.000000,-23.000000,112.000000,70.000000,19.000000,-74.000000
1507,-20.000000,-15.000000,-105.000000,39.000000,2.000000,-89.000000,-6.000000,-23.000000,112.000000,70.000000,19.000000,-74.000000
1508,-20.000000,-15.000000,-105.000000,39.000000,2.000000,-89.000000,-6.000000,-23.000000,112.000000,70.000000,19.000000,-74.000000
1509,-20.000000,-15.000000,-105.000000,39.000000,2.000000,-89.000000,-6.000000,-23.000000,112.000000,70.000000,19.000000,-74.000000
1510,-20.000000,-15.000000,-105.000000,39.000000,2.000000,-89.000000,-6.000000,-23.000000,112.000000,70.000000,19.000000,-74.000000
1511,-20.000000,-15.000000,-105.000000,39.000000,2.000000,-89.000000,-6.000000,-23.000000,112.000000,70.000000,19.000000,-74.000000
1512,-20.000000,-15.000000,-105.000000,39.000000,2.000000,-89.000000,-6.000000,-23.000000,112.000000,70.000000,19.000000,-74.000000
1513,-20.000000,-15.000000,-105.000000,39.000000,2.000000,-89.000000,-6.000000,-23.000000,112.000000,70.000000,19.000000,-74.000000
1514,-20.000000,-15.000000,-105.000000,39.000000,2.000000,-89.000000,-6.000000,-23.000000,112.000000,70.000000,19.000000,-74.000000
1515,-20.000000,-15.000000,-105.000000,39.000000,2.000000,-89.000000,-6.000000,-23.000000,112.000000,70.000000,19.000000,-74.000000
1516,-20.000000,-15.000000,-105.000000,39.000000,2.000000,-89.000000,-6.000000,-23.000000,112.000000,70.000000,19.000000,-74.000000
1517,-20.000000,-15.000000,-105.000000,39.000000,2.000000,-89.000000,-6.000000,-23.000000,112.000000,70.000000,19.000000,-74.000000
1518,-17.000000,-14.000000,-113.000000,34.000000,5.000000,-92.000000,-35.000000,-15.000000,125.000000,62.000000,17.000000,-76.000000
1519,-17.000000,-14.000000,-113.000000,34.000000,5.000000,-92.000000,-35.000000,-15.000000,125.000000,62.000000,17.000000,-76.000000
1520,-17.000000,-14.000000,-113.000000,34.000000,5.000000,-92.000000,-35.000000,-15.000000,125.000000,62.000000,17.000000,-76.000000
1521,-17.000000,-14.000000,-113.000000,34.000000,5.000000,-92.000000,-35.000000,-15.000000,125.000000,62.000000,17.000000,-76.000000
1522,-17.000000,-14.000000,-113.000000,34.000000,5.000000,-92.000000,-35.000000,-16.000000,124.000000,62.000000,17.000000,-76.000000
1523,-17.000000,-14.000000,-113.000000,34.000000,5.000000,-92.000000,-35.000000,-16.000000,124.000000,62.000000,17.000000,-76.000000
1524,-17.000000,-14.000000,-113.000000,34.000000,5.000000,-92.000000,-35.000000,-16.000000,124.000000,62.000000,17.000000,-76.000000
1525,-17.000000,-14.000000,-113.000000,34.000000,5.000000,-92.000000,-35.000000,-16.000000,124.000000,62.000000,17.000000,-76.000000
1526,-17.000000,-14.000000,-113.000000,34.000000,5.000000,-92.000000,-35.000000,-16.000000,124.000000,62.000000,17.000000,-76.000000
1527,-17.000000,-14.000000,-113.000000,34.000000,5.000000,-92.000000,-35.000000,-16.000000,124.000000,62.000000,17.000000,-76.000000
1528,-17.000000,-14.000000,-113.000000,34.000000,5.000000,-92.000000,-35.000000,-16.000000,124.000000,62.000000,17.000000,-76.000000
1529,-17.000000,-14.000000,-113.000000,34.000000,5.000000,-92.000000,-35.000000,-16.000000,124.000000,62.000000,17.000000,-76.000000
1530,-17.000000,-14.000000,-113.000000,32.000000,6.000000,-93.000000,-35.000000,-16.000000,124.000000,62.000000,17.000000,-76.000000
1531,-19.000000,-15.000000,-112.000000,32.000000,6.000000,-93.000000,-35.000000,-16.000000,124.000000,61.000000,17.000000,-77.000000
1532,-19.000000,-15.000000,-112.000000,32.000000,6.000000,-93.000000,-35.000000,-16.000000,124.000000,61.000000,17.000000,-77.000000
1533,-19.000000,-15.000000,-112.000000,32.000000,6.000000,-93.000000,-35.000000,-16.000000,124.000000,61.000000,17.000000,-77.000000
1534,-19.000000,-15.000000,-112.000000,32.000000,6.000000,-93.000000,-35.000000,-16.000000,124.000000,61.000000,17.000000,-77.000000
1535,-19.000000,-15.000000,-112.000000,32.000000,6.000000,-93.000000,-35.000000,-16.000000,124.000000,61.000000,17.000000,-77.000000
1536,-19.000000,-15.000000,-112.000000,32.000000,6.000000,-93.000000,-35.000000,-16.000000,124.000000,61.000000,17.000000,-77.000000
1537,-19.000000,-15.000000,-112.000000,32.000000,6.000000,-93.000000,-35.000000,-16.000000,124.000000,61.000000,17.000000,-77.000000
1538,-19.000000,-15.000000,-112.000000,32.000000,6.000000,-93.000000,-35.000000,-16.000000,124.000000,61.000000,17.000000,-77.000000
1539,-19.000000,-15.000000,-112.000000,32.000000,6.000000,-93.000000,-35.000000,-16.000000,124.000000,61.000000,17.000000,-77.000000
1540,-19.000000,-15.000000,-112.000000,32.000000,6.000000,-93.000000,-35.000000,-16.000000,124.000000,61.000000,17.000000,-77.000000
1541,-19.000000,-15.000000,-112.000000,32.000000,6.000000,-93.000000,-35.000000,-16.000000,124.000000,61.000000,17.000000,-77.000000
1542,-19.000000,-15.000000,-112.000000,32.000000,6.000000,-93.000000,-35.000000,-16.000000,124.000000,61.000000,17.000000,-77.000000
1543,-19.000000,-15.000000,-112.000000,32.000000,6.000000,-93.000000,-35.000000,-16.000000,124.000000,61.000000,17.000000,-77.000000
1544,-19.000000,-15.000000,-112.000000,32.000000,6.000000,-93.000000,-35.000000,-16.000000,124.000000,61.000000,17.000000,-77.000000
1545,-19.000000,-15.000000,-112.000000,31.000000,6.000000,-93.000000,-35.000000,-16.000000,124.000000,61.000000,17.000000,-77.000000
1546,-20.000000,-16.000000,-112.000000,31.000000,6.000000,-93.000000,-35.000000,-16.000000,124.000000,60.000000,16.000000,-77.000000
1547,-20.000000,-16.000000,-112.000000,31.000000,6.000000,-93.000000,-35.000000,-16.000000,124.000000,60.000000,16.000000,-77.000000
1548,-20.000000,-16.000000,-112.000000,31.000000,6.000000,-93.000000,-35.000000,-16.000000,124.000000,60.000000,16.000000,-77.000000
1549,-20.000000,-16.000000,-112.000000,31.000000,6.000000,-93.000000,-35.000000,-16.000000,124.000000,60.000000,16.000000,-77.000000
1550,-20.000000,-16.000000,-112.000000,31.000000,6.000000,-93.000000,-35.000000,-16.000000,124.000000,60.000000,16.000000,-77.000000
1551,-20.000000,-16.000000,-112.000000,31.000000,6.000000,-93.000000,-35.000000,-16.000000,124.000000,60.000000,16.000000,-77.000000
1552,-20.000000,-16.000000,-112.000000,31.000000,6.000000,-93.000000,-35.000000,-16.000000,125.000000,60.000000,16.000000,-77.000000
1553,-20.000000,-16.000000,-112.000000,31.000000,6.000000,-93.000000,-35.000000,-16.000000,125.000000,60.000000,16.000000,-77.000000
1554,-20.000000,-16.000000,-112.000000,31.000000,6.000000,-93.000000,-35.000000,-16.000000,125.000000,60.000000,16.000000,-77.000000
1555,-20.000000,-16.000000,-112.000000,31.000000,6.000000,-93.000000,-35.000000,-16.000000,125.000000,60.000000,16.000000,-77.000000
1556,-20.000000,-16.000000,-112.000000,31.000000,6.000000,-93.000000,-35.000000,-16.000000,125.000000,60.000000,16.000000,-77.000000
1557,-20.000000,-16.000000,-112.000000,31.000000,6.000000,-93.000000,-35.000000,-16.000000,125.000000,60.000000,16.000000,-77.000000
1558,-20.000000,-16.000000,-112.000000,31.000000,6.000000,-93.000000,-35.000000,-16.000000,125.000000,60.000000,16.000000,-77.000000
1559,-20.000000,-16.000000,-112.000000,31.000000,6.000000,-93.000000,-35.000000,-16.000000,125.000000,60.000000,16.000000,-77.000000
1560,-20.000000,-16.000000,-112.000000,29.000000,6.000000,-92.000000,-35.000000,-16.000000,125.000000,60.000000,16.000000,-77.000000
1561,-21.000000,-17.000000,-111.000000,29.000000,6.000000,-92.000000,-35.000000,-16.000000,125.000000,58.000000,16.000000,-77.000000
1562,-21.000000,-17.000000,-111.000000,29.000000,6.000000,-92.000000,-35.000000,-16.000000,125.000000,58.000000,16.000000,-77.000000
1563,-21.000000,-17.000000,-111.000000,29.000000,6.000000,-92.000000,-35.000000,-16.000000,125.000000,58.000000,16.000000,-77.000000
1564,-21.000000,-17.000000,-111.000000,29.000000,6.000000,-92.000000,-35.000000,-16.000000,125.000000,58.000000,16.000000,-77.000000
1565,-21.000000,-17.000000,-111.000000,29.000000,6.000000,-92.000000,-35.000000,-16.000000,125.000000,58.000000,16.000000,-77.000000
1566,-21.000000,-17.000000,-111.000000,29.000000,6.000000,-92.000000,-35.000000,-16.000000,125.000000,58.000000,16.000000,-77.000000
1567,-21.000000,-17.000000,-111.000000,29.000000,6.000000,-92.000000,-35.000000,-16.000000,126.000000,58.000000,16.000000,-77.000000
1568,-21.000000,-17.000000,-111.000000,29.000000,6.000000,-92.000000,-35.000000,-16.000000,126.000000,58.000000,16.000000,-77.000000
1569,-21.000000,-17.000000,-111.000000,29.000000,6.000000,-92.000000,-35.000000,-16.000000,126.000000,58.000000,16.000000,-77.000000
1570,-21.000000,-17.000000,-111.000000,29.000000,6.000000,-92.000000,-35.000000,-16.000000,126.000000,58.000000,16.000000,-77.000000
1571,-21.000000,-17.000000,-111.000000,29.000000,6.000000,-92.000000,-35.000000,-16.000000,126.000000,58.000000,16.000000,-77.000000
1572,-21.000000,-17.000000,-111.000000,29.000000,6.000000,-92.000000,-35.000000,-16.000000,126.000000,58.000000,16.000000,-77.000000
1573,-21.000000,-17.000000,-111.000000,29.000000,6.000000,-92.000000,-35.000000,-16.000000,126.000000,58.000000,16.000000,-77.000000
1574,-21.000000,-17.000000,-111.000000,29.000000,6.000000,-92.000000,-35.000000,-16.000000,126.000000,58.000000,16.000000,-77.000000
1575,-21.000000,-17.000000,-111.000000,29.000000,6.000000,-92.000000,-35.000000,-16.000000,126.000000,58.000000,16.000000,-77.000000
1576,-21.000000,-17.000000,-111.000000,29.000000,6.000000,-92.000000,-35.000000,-16.000000,126.000000,58.000000,16.000000,-77.000000
1577,-21.000000,-17.000000,-111.000000,29.000000,6.000000,-92.000000,-35.000000,-16.000000,126.000000,58.000000,16.000000,-77.000000
1578,-21.000000,-17.000000,-111.000000,29.000000,6.000000,-92.000000,-35.000000,-16.000000,126.000000,58.000000,16.000000,-77.000000
1579,-21.000000,-17.000000,-111.000000,29.000000,6.000000,-92.000000,-35.000000,-16.000000,126.000000,58.000000,16.000000,-77.000000
1580,-21.000000,-17.000000,-111.000000,29.000000,6.000000,-92.000000,-35.000000,-16.000000,126.000000,58.000000,16.000000,-77.000000
1581,-21.000000,-17.000000,-111.000000,29.000000,6.000000,-92.000000,-35.000000,-16.000000,126.000000,58.000000,16.000000,-77.000000
1582,-21.000000,-17.000000,-111.000000,29.000000,6.000000,-92.000000,-35.000000,-16.000000,126.000000,58.000000,16.000000,-77.000000
1583,-21.000000,-17.000000,-111.000000,29.000000,6.000000,-92.000000,-35.000000,-16.000000,126.000000,58.000000,16.000000,-77.000000
1584,-21.000000,-17.000000,-111.000000,29.000000,6.000000,-92.000000,-35.000000,-16.000000,126.000000,58.000000,16.000000,-77.000000
1585,-21.000000,-17.000000,-111.000000,29.000000,6.000000,-92.000000,-35.000000,-16.000000,126.000000,58.000000,16.000000,-77.000000
1586,-21.000000,-17.000000,-111.000000,29.000000,6.000000,-92.000000,-35.000000,-16.000000,126.000000,58.000000,16.000000,-77.000000
1587,-21.000000,-17.000000,-111.000000,29.000000,6.000000,-92.000000,-35.000000,-16.000000,126.000000,58.000000,16.000000,-77.000000
1588,-21.000000,-17.000000,-111.000000,29.000000,6.000000,-92.000000,-35.000000,-16.000000,126.000000,58.000000,16.000000,-77.000000
1589,-21.000000,-17.000000,-111.000000,29.000000,6.000000,-92.000000,-35.000000,-16.000000,126.000000,58.000000,16.000000,-77.000000
1590,-21.000000,-17.000000,-111.000000,29.000000,6.000000,-92.000000,-35.000000,-16.000000,126.000000,58.000000,16.000000,-77.000000
1591,-21.000000,-17.000000,-111.000000,29.000000,6.000000,-92.000000,-35.000000,-16.000000,126.000000,58.000000,16.000000,-77.000000
1592,-21.000000,-17.000000,-111.000000,29.000000,6.000000,-92.000000,-35.000000,-16.000000,126.000000,58.000000,16.000000,-77.000000
1593,-21.000000,-17.000000,-111.000000,29.000000,6.000000,-92.000000,-35.000000,-16.000000,126.000000,58.000000,16.000000,-77.000000
1594,-21.000000,-17.000000,-111.000000,29.000000,6.000000,-92.000000,-35.000000,-16.000000,126.000000,58.000000,16.000000,-77.000000
1595,-21.000000,-17.000000,-111.000000,29.000000,6.000000,-92.000000,-35.000000,-16.000000,126.000000,58.000000,16.000000,-77.000000
1596,-21.000000,-17.000000,-111.000000,29.000000,6.000000,-92.000000,-35.000000,-16.000000,126.000000,58.000000,16.000000,-77.000000
1597,-21.000000,-17.000000,-111.000000,29.000000,6.000000,-92.000000,-35.000000,-16.000000,126.000000,58.000000,16.000000,-77.000000
1598,-21.000000,-17.000000,-111.000000,29.000000,6.000000,-92.000000,-35.000000,-16.000000,126.000000,58.000000,16.000000,-77.000000
1599,-21.000000,-17.000000,-111.000000,29.000000,6.000000,-92.000000,-35.000000,-16.000000,126.000000,58.000000,16.000000,-77.000000
1600,-21.000000,-17.000000,-111.000000,29.000000,6.000000,-92.000000,-35.000000,-16.000000,126.000000,58.000000,16.000000,-77.000000
1601,-21.000000,-17.000000,-111.000000,29.000000,6.000000,-92.000000,-35.000000,-16.000000,126.000000,58.000000,16.000000,-77.000000
1602,-21.000000,-17.000000,-111.000000,29.000000,6.000000,-92.000000,-35.000000,-16.000000,126.000000,58.000000,16.000000,-77.000000
1603,-21.000000,-17.000000,-111.000000,29.000000,6.000000,-92.000000,-35.000000,-16.000000,126.000000,58.000000,16.000000,-77.000000
1604,-21.000000,-17.000000,-111.000000,29.000000,6.000000,-92.000000,-35.000000,-16.000000,126.000000,58.000000,16.000000,-77.000000
1605,-21.000000,-17.000000,-111.000000,29.000000,6.000000,-92.000000,-35.000000,-16.000000,126.000000,58.000000,16.000000,-77.000000
1606,-21.000000,-17.000000,-111.000000,29.000000,6.000000,-92.000000,-35.000000,-16.000000,126.000000,58.000000,16.000000,-77.000000
1607,-21.000000,-17.000000,-111.000000,29.000000,6.000000,-92.000000,-35.000000,-16.000000,126.000000,58.000000,16.000000,-77.000000
1608,-21.000000,-17.000000,-111.000000,29.000000,6.000000,-92.000000,-35.000000,-16.000000,126.000000,58.000000,16.000000,-77.000000
1609,-21.000000,-17.000000,-111.000000,29.000000,6.000000,-92.000000,-35.000000,-16.000000,126.000000,58.000000,16.000000,-77.000000
1610,-21.000000,-17.000000,-111.000000,29.000000,6.000000,-92.000000,-35.000000,-16.000000,126.000000,58.000000,16.000000,-77.000000
1611,-21.000000,-17.000000,-111.000000,29.000000,6.000000,-92.000000,-35.000000,-16.000000,126.000000,58.000000,16.000000,-77.000000
1612,-21.000000,-17.000000,-111.000000,29.000000,6.000000,-92.000000,-35.000000,-16.000000,126.000000,58.000000,16.000000,-77.000000
1613,-21.000000,-17.000000,-111.000000,29.000000,6.000000,-92.000000,-35.000000,-16.000000,126.000000,58.000000,16.000000,-77.000000
1614,-21.000000,-17.000000,-111.000000,29.000000,6.000000,-92.000000,-35.000000,-16.000000,126.000000,58.000000,16.000000,-77.000000
1615,-21.000000,-17.000000,-111.000000,29.000000,6.000000,-92.000000,-35.000000,-16.000000,126.000000,58.000000,16.000000,-77.000000
1616,-21.000000,-17.000000,-111.000000,29.000000,6.000000,-92.000000,-35.000000,-16.000000,126.000000,58.000000,16.000000,-77.000000
1617,-21.000000,-17.000000,-111.000000,29.000000,6.000000,-92.000000,-35.000000,-16.000000,126.000000,58.000000,16.000000,-77.000000
1618,-21.000000,-17.000000,-111.000000,29.000000,6.000000,-92.000000,-35.000000,-16.000000,126.000000,58.000000,16.000000,-77.000000
1619,-21.000000,-17.000000,-111.000000,29.000000,6.000000,-92.000000,-35.000000,-16.000000,126.000000,58.000000,16.000000,-77.000000
1620,-21.000000,-17.000000,-111.000000,29.000000,6.000000,-92.000000,-35.000000,-16.000000,126.000000,58.000000,16.000000,-77.000000
1621,-21.000000,-17.000000,-111.000000,29.000000,6.000000,-92.000000,-35.000000,-16.000000,126.000000,58.000000,16.000000,-77.000000
1622,-21.000000,-17.000000,-111.000000,29.000000,6.000000,-92.000000,-35.000000,-16.000000,126.000000,58.000000,16.000000,-77.000000
1623,-21.000000,-17.000000,-111.000000,29.000000,6.000000,-92.000000,-35.000000,-16.000000,126.000000,58.000000,16.000000,-77.000000
1624,-21.000000,-17.000000,-111.000000,29.000000,6.000000,-92.000000,-35.000000,-16.000000,126.000000,58.000000,16.000000,-77.000000
1625,-21.000000,-17.000000,-111.000000,29.000000,6.000000,-92.000000,-35.000000,-16.000000,126.000000,58.000000,16.000000,-77.000000
1626,-21.000000,-17.000000,-111.000000,29.000000,6.000000,-92.000000,-35.000000,-16.000000,126.000000,58.000000,16.000000,-77.000000
1627,-21.000000,-17.000000,-111.000000,29.000000,6.000000,-92.000000,-35.000000,-16.000000,126.000000,58.000000,16.000000,-77.000000
1628,-21.000000,-17.000000,-111.000000,29.000000,6.000000,-92.000000,-35.000000,-16.000000,126.000000,58.000000,16.000000,-77.000000
1629,-21.000000,-17.000000,-111.000000,29.000000,6.000000,-92.000000,-35.000000,-16.000000,126.000000,58.000000,16.000000,-77.000000
1630,-21.000000,-17.000000,-111.000000,29.000000,6.000000,-92.000000,-35.000000,-16.000000,126.000000,58.000000,16.000000,-77.000000
1631,-21.000000,-17.000000,-111.000000,29.000000,6.000000,-92.000000,-35.000000,-16.000000,126.000000,58.000000,16.000000,-77.000000
1632,-21.000000,-17.000000,-111.000000,29.000000,6.000000,-92.000000,-35.000000,-16.000000,126.000000,58.000000,16.000000,-77.000000
1633,-21.000000,-17.000000,-111.000000,29.000000,6.000000,-92.000000,-35.000000,-16.000000,126.000000,58.000000,16.000000,-77.000000
1634,-21.000000,-17.000000,-111.000000,29.000000,6.000000,-92.000000,-35.000000,-16.000000,126.000000,58.000000,16.000000,-77.000000
1635,-21.000000,-17.000000,-111.000000,29.000000,6.000000,-92.000000,-35.000000,-16.000000,126.000000,58.000000,16.000000,-77.000000
1636,-21.000000,-17.000000,-111.000000,29.000000,6.000000,-92.000000,-35.000000,-16.000000,126.000000,58.000000,16.000000,-77.000000
1637,-21.000000,-17.000000,-111.000000,29.000000,6.000000,-92.000000,-35.000000,-16.000000,126.000000,58.000000,16.000000,-77.000000
1638,-21.000000,-17.000000,-111.000000,29.000000,6.000000,-92.000000,-35.000000,-16.000000,126.000000,58.000000,16.000000,-77.000000
1639,-21.000000,-17.000000,-111.000000,29.000000,6.000000,-92.000000,-35.000000,-16.000000,126.000000,58.000000,16.000000,-77.000000
1640,-21.000000,-17.000000,-111.000000,29.000000,6.000000,-92.000000,-35.000000,-16.000000,126.000000,58.000000,16.000000,-77.000000
1641,-21.000000,-17.000000,-111.000000,29.000000,6.000000,-92.000000,-35.000000,-16.000000,126.000000,58.000000,16.000000,-77.000000
1642,-21.000000,-17.000000,-111.000000,29.000000,6.000000,-92.000000,-35.000000,-16.000000,126.000000,58.000000,16.000000,-77.000000
1643,-21.000000,-17.000000,-111.000000,29.000000,6.000000,-92.000000,-35.000000,-16.000000,126.000000,58.000000,16.000000,-77.000000
1644,-21.000000,-17.000000,-111.000000,29.000000,6.000000,-92.000000,-35.000000,-16.000000,126.000000,58.000000,16.000000,-77.000000
1645,-21.000000,-17.000000,-111.000000,29.000000,6.000000,-92.000000,-35.000000,-16.000000,126.000000,58.000000,16.000000,-77.000000
1646,-21.000000,-17.000000,-111.000000,29.000000,6.000000,-92.000000,-35.000000,-16.000000,126.000000,58.000000,16.000000,-77.000000
1647,-21.000000,-17.000000,-111.000000,29.000000,6.000000,-92.000000,-35.000000,-16.000000,126.000000,58.000000,16.000000,-77.000000
1648,-21.000000,-17.000000,-111.000000,29.000000,6.000000,-92.000000,-35.000000,-16.000000,126.000000,58.000000,16.000000,-77.000000
1649,-21.000000,-17.000000,-111.000000,29.000000,6.000000,-92.000000,-35.000000,-16.000000,126.000000,58.000000,16.000000,-77.000000
1650,-21.000000,-17.000000,-111.000000,29.000000,6.000000,-92.000000,-35.000000,-16.000000,126.000000,58.000000,16.000000,-77.000000
1651,-21.000000,-17.000000,-111.000000,29.000000,6.000000,-92.000000,-35.000000,-16.000000,126.000000,58.000000,16.000000,-77.000000
1652,-21.000000,-17.000000,-111.000000,29.000000,6.000000,-92.000000,-35.000000,-16.000000,126.000000,58.000000,16.000000,-77.000000
1653,-21.000000,-17.000000,-111.000000,29.000000,6.000000,-92.000000,-35.000000,-16.000000,126.000000,58.000000,16.000000,-77.000000
1654,-21.000000,-17.000000,-111.000000,29.000000,6.000000,-92.000000,-35.000000,-16.000000,126.000000,58.000000,16.000000,-77.000000
1655,-21.000000,-17.000000,-111.000000,29.000000,6.000000,-92.000000,-35.000000,-16.000000,126.000000,58.000000,16.000000,-77.000000
1656,-21.000000,-17.000000,-111.000000,29.000000,6.000000,-92.000000,-35.000000,-16.000000,126.000000,58.000000,16.000000,-77.000000
1657,-21.000000,-17.000000,-111.000000,29.000000,6.000000,-92.000000,-35.000000,-16.000000,126.000000,58.000000,16.000000,-77.000000
1658,-21.000000,-17.000000,-111.000000,29.000000,6.000000,-92.000000,-35.000000,-16.000000,126.000000,58.000000,16.000000,-77.000000
1659,-21.000000,-17.000000,-111.000000,29.000000,6.000000,-92.000000,-35.000000,-16.000000,126.000000,58.000000,16.000000,-77.000000
1660,-21.000000,-17.000000,-111.000000,29.000000,6.000000,-92.000000,-35.000000,-16.000000,126.000000,58.000000,16.000000,-77.000000
1661,-21.000000,-17.000000,-111.000000,29.000000,6.000000,-92.000000,-35.000000,-16.000000,126.000000,58.000000,16.000000,-77.000000
1662,-21.000000,-17.000000,-111.000000,29.000000,6.000000,-92.000000,-35.000000,-16.000000,126.000000,58.000000,16.000000,-77.000000
1663,-21.000000,-17.000000,-111.000000,29.000000,6.000000,-92.000000,-35.000000,-16.000000,126.000000,58.000000,16.000000,-77.000000
1664,-21.000000,-17.000000,-111.000000,29.000000,6.000000,-92.000000,-35.000000,-16.000000,126.000000,58.000000,16.000000,-77.000000
1665,-21.000000,-17.000000,-111.000000,29.000000,6.000000,-92.000000,-35.000000,-16.000000,126.000000,58.000000,16.000000,-77.000000
1666,-21.000000,-17.000000,-111.000000,29.000000,6.000000,-92.000000,-35.000000,-16.000000,126.000000,58.000000,16.000000,-77.000000
1667,-21.000000,-17.000000,-111.000000,29.000000,6.000000,-92.000000,-35.000000,-16.000000,126.000000,58.000000,16.000000,-77.000000
1668,-21.000000,-17.000000,-111.000000,29.000000,6.000000,-92.000000,-35.000000,-16.000000,126.000000,58.000000,16.000000,-77.000000
1669,-21.000000,-17.000000,-111.000000,29.000000,6.000000,-92.000000,-35.000000,-16.000000,126.000000,58.000000,16.000000,-77.000000
1670,-21.000000,-17.000000,-111.000000,29.000000,6.000000,-92.000000,-35.000000,-16.000000,126.000000,58.000000,16.000000,-77.000000
1671,-21.000000,-17.000000,-111.000000,29.000000,6.000000,-92.000000,-35.000000,-16.000000,126.000000,58.000000,16.000000,-77.000000
1672,-21.000000,-17.000000,-111.000000,29.000000,6.000000,-92.000000,-35.000000,-16.000000,126.000000,58.000000,16.000000,-77.000000
1673,-21.000000,-17.000000,-111.000000,29.000000,6.000000,-92.000000,-35.000000,-16.000000,126.000000,58.000000,16.000000,-77.000000
1674,-21.000000,-17.000000,-111.000000,29.000000,6.000000,-92.000000,-35.000000,-16.000000,126.000000,58.000000,16.000000,-77.000000
1675,-21.000000,-17.000000,-111.000000,29.000000,6.000000,-92.000000,-35.000000,-16.000000,126.000000,58.000000,16.000000,-77.000000
1676,-21.000000,-17.000000,-111.000000,29.000000,6.000000,-92.000000,-35.000000,-16.000000,126.000000,58.000000,16.000000,-77.000000
1677,-21.000000,-17.000000,-111.000000,29.000000,6.000000,-92.000000,-35.000000,-16.000000,126.000000,58.000000,16.000000,-77.000000
1678,-21.000000,-17.000000,-111.000000,29.000000,6.000000,-92.000000,-35.000000,-16.000000,126.000000,58.000000,16.000000,-77.000000
1679,-21.000000,-17.000000,-111.000000,29.000000,6.000000,-92.000000,-35.000000,-16.000000,126.000000,58.000000,16.000000,-77.000000
1680,-21.000000,-17.000000,-111.000000,29.000000,6.000000,-92.000000,-35.000000,-16.000000,126.000000,58.000000,16.000000,-77.000000
1681,-21.000000,-17.000000,-111.000000,29.000000,6.000000,-92.000000,-35.000000,-16.000000,126.000000,58.000000,16.000000,-77.000000
1682,-21.000000,-17.000000,-111.000000,29.000000,6.000000,-92.000000,-35.000000,-16.000000,126.000000,58.000000,16.000000,-77.000000
1683,-21.000000,-17.000000,-111.000000,29.000000,6.000000,-92.000000,-35.000000,-16.000000,126.000000,58.000000,16.000000,-77.000000
1684,-21.000000,-17.000000,-111.000000,29.000000,6.000000,-92.000000,-35.000000,-16.000000,126.000000,58.000000,16.000000,-77.000000
1685,-21.000000,-17.000000,-111.000000,29.000000,6.000000,-92.000000,-35.000000,-16.000000,126.000000,58.000000,16.000000,-77.000000
1686,-21.000000,-17.000000,-111.000000,29.000000,6.000000,-92.000000,-35.000000,-16.000000,126.000000,58.000000,16.000000,-77.000000
1687,-21.000000,-17.000000,-111.000000,29.000000,6.000000,-92.000000,-35.000000,-16.000000,126.000000,58.000000,16.000000,-77.000000
1688,-21.000000,-17.000000,-111.000000,29.000000,6.000000,-92.000000,-35.000000,-16.000000,126.000000,58.000000,16.000000,-77.000000
1689,-21.000000,-17.000000,-111.000000,29.000000,6.000000,-92.000000,-35.000000,-16.000000,126.000000,58.000000,16.000000,-77.000000
1690,-21.000000,-17.000000,-111.000000,29.000000,6.000000,-92.000000,-35.000000,-16.000000,126.000000,58.000000,16.000000,-77.000000
1691,-21.000000,-17.000000,-111.000000,29.000000,6.000000,-92.000000,-35.000000,-16.000000,126.000000,58.000000,16.000000,-77.000000
1692,-21.000000,-17.000000,-111.000000,29.000000,6.000000,-92.000000,-35.000000,-16.000000,126.000000,58.000000,16.000000,-77.000000
1693,-21.000000,-17.000000,-111.000000,29.000000,6.000000,-92.000000,-35.000000,-16.000000,126.000000,58.000000,16.000000,-77.000000
1694,-21.000000,-17.000000,-111.000000,29.000000,6.000000,-92.000000,-35.000000,-16.000000,126.000000,58.000000,16.000000,-77.000000
1695,-21.000000,-17.000000,-111.000000,29.000000,6.000000,-92.000000,-35.000000,-16.000000,126.000000,58.000000,16.000000,-77.000000
1696,-21.000000,-17.000000,-111.000000,29.000000,6.000000,-92.000000,-35.000000,-16.000000,126.000000,58.000000,16.000000,-77.000000
1697,-21.000000,-17.000000,-111.000000,29.000000,6.000000,-92.000000,-35.000000,-16.000000,126.000000,58.000000,16.000000,-77.000000
1698,-21.000000,-17.000000,-111.000000,29.000000,6.000000,-92.000000,-35.000000,-16.000000,126.000000,58.000000,16.000000,-77.000000
1699,-21.000000,-17.000000,-111.000000,29.000000,6.000000,-92.000000,-35.000000,-16.000000,126.000000,58.000000,16.000000,-77.000000
1700,-21.000000,-17.000000,-111.000000,29.000000,6.000000,-92.000000,-35.000000,-16.000000,126.000000,58.000000,16.000000,-77.000000
1701,-21.000000,-17.000000,-111.000000,29.000000,6.000000,-92.000000,-35.000000,-16.000000,126.000000,58.000000,16.000000,-77.000000
1702,-21.000000,-17.000000,-111.000000,29.000000,6.000000,-92.000000,-35.000000,-16.000000,126.000000,58.000000,16.000000,-77.000000
1703,-21.000000,-17.000000,-111.000000,29.000000,6.000000,-92.000000,-35.000000,-16.000000,126.000000,58.000000,16.000000,-77.000000
1704,-26.000000,-25.000000,-113.000000,19.000000,0.000000,-89.000000,-30.000000,-17.000000,128.000000,63.000000,20.000000,-74.000000
1705,-26.000000,-25.000000,-113.000000,19.000000,0.000000,-89.000000,-30.000000,-17.000000,128.000000,63.000000,20.000000,-74.000000
1706,-26.000000,-25.000000,-113.000000,19.000000,0.000000,-89.000000,-30.000000,-17.000000,128.000000,63.000000,20.000000,-74.000000
1707,-26.000000,-25.000000,-113.000000,19.000000,0.000000,-89.000000,-30.000000,-17.000000,128.000000,63.000000,20.000000,-74.000000
1708,-26.000000,-25.000000,-113.000000,19.000000,0.000000,-89.000000,-30.000000,-17.000000,128.000000,63.000000,20.000000,-74.000000
1709,-26.000000,-25.000000,-113.000000,19.000000,0.000000,-89.000000,-30.000000,-17.000000,128.000000,63.000000,20.000000,-74.000000
1710,-26.000000,-25.000000,-113.000000,18.000000,0.000000,-89.000000,-30.000000,-17.000000,128.000000,63.000000,20.000000,-74.000000
1711,-27.000000,-26.000000,-113.000000,18.000000,0.000000,-89.000000,-30.000000,-17.000000,128.000000,64.000000,19.000000,-73.000000
1712,-27.000000,-26.000000,-113.000000,18.000000,0.000000,-89.000000,-30.000000,-17.000000,128.000000,64.000000,19.000000,-73.000000
1713,-27.000000,-26.000000,-113.000000,18.000000,0.000000,-89.000000,-30.000000,-17.000000,128.000000,64.000000,19.000000,-73.000000
1714,-27.000000,-26.000000,-113.000000,18.000000,0.000000,-89.000000,-30.000000,-17.000000,128.000000,64.000000,19.000000,-73.000000
1715,-27.000000,-26.000000,-113.000000,18.000000,0.000000,-89.000000,-30.000000,-17.000000,128.000000,64.000000,19.000000,-73.000000
1716,-27.000000,-26.000000,-113.000000,18.000000,0.000000,-89.000000,-28.000000,-17.000000,128.000000,64.000000,19.000000,-73.000000
1717,-27.000000,-26.000000,-113.000000,18.000000,0.000000,-89.000000,-28.000000,-17.000000,128.000000,64.000000,19.000000,-73.000000
1718,-27.000000,-26.000000,-113.000000,18.000000,0.000000,-89.000000,-28.000000,-17.000000,128.000000,64.000000,19.000000,-73.000000
1719,-27.000000,-26.000000,-113.000000,18.000000,0.000000,-89.000000,-28.000000,-17.000000,128.000000,64.000000,19.000000,-73.000000
1720,-27.000000,-26.000000,-113.000000,18.000000,0.000000,-89.000000,-28.000000,-17.000000,128.000000,64.000000,19.000000,-73.000000
1721,-27.000000,-26.000000,-113.000000,18.000000,0.000000,-89.000000,-28.000000,-17.000000,128.000000,64.000000,19.000000,-73.000000
1722,-27.000000,-26.000000,-113.000000,18.000000,0.000000,-89.000000,-28.000000,-17.000000,128.000000,64.000000,19.000000,-73.000000
1723,-27.000000,-26.000000,-113.000000,18.000000,0.000000,-89.000000,-28.000000,-17.000000,128.000000,64.000000,19.000000,-73.000000
1724,-27.000000,-26.000000,-113.000000,18.000000,0.000000,-87.000000,-28.000000,-17.000000,128.000000,64.000000,19.000000,-73.000000
1725,-27.000000,-26.000000,-113.000000,18.000000,0.000000,-87.000000,-28.000000,-17.000000,128.000000,64.000000,19.000000,-73.000000
1726,-28.000000,-26.000000,-113.000000,18.000000,0.000000,-87.000000,-28.000000,-17.000000,128.000000,64.000000,17.000000,-73.000000
1727,-28.000000,-26.000000,-113.000000,18.000000,0.000000,-87.000000,-28.000000,-17.000000,128.000000,64.000000,17.000000,-73.000000
1728,-28.000000,-26.000000,-113.000000,18.000000,0.000000,-87.000000,-28.000000,-17.000000,128.000000,64.000000,17.000000,-73.000000
1729,-28.000000,-26.000000,-113.000000,18.000000,0.000000,-87.000000,-28.000000,-17.000000,128.000000,64.000000,17.000000,-73.000000
1730,-28.000000,-26.000000,-113.000000,18.000000,0.000000,-87.000000,-28.000000,-17.000000,128.000000,64.000000,17.000000,-73.000000
1731,-28.000000,-26.000000,-113.000000,18.000000,0.000000,-87.000000,-27.000000,-17.000000,127.000000,64.000000,17.000000,-73.000000
1732,-28.000000,-26.000000,-113.000000,18.000000,0.000000,-87.000000,-27.000000,-17.000000,127.000000,64.000000,17.000000,-73.000000
1733,-28.000000,-26.000000,-113.000000,18.000000,0.000000,-87.000000,-27.000000,-17.000000,127.000000,64.000000,17.000000,-73.000000
1734,-28.000000,-26.000000,-113.000000,18.000000,0.000000,-87.000000,-27.000000,-17.000000,127.000000,64.000000,17.000000,-73.000000
1735,-28.000000,-26.000000,-113.000000,18.000000,0.000000,-87.000000,-27.000000,-17.000000,127.000000,64.000000,17.000000,-73.000000
1736,-28.000000,-26.000000,-113.000000,18.000000,0.000000,-87.000000,-27.000000,-17.000000,127.000000,64.000000,17.000000,-73.000000
1737,-28.000000,-26.000000,-113.000000,18.000000,0.000000,-87.000000,-27.000000,-17.000000,127.000000,64.000000,17.000000,-73.000000
1738,-28.000000,-26.000000,-113.000000,18.000000,0.000000,-87.000000,-27.000000,-17.000000,127.000000,64.000000,17.000000,-73.000000
1739,-28.000000,-26.000000,-113.000000,18.000000,0.000000,-86.000000,-27.000000,-17.000000,127.000000,64.000000,17.000000,-73.000000
1740,-28.000000,-26.000000,-113.000000,18.000000,0.000000,-86.000000,-27.000000,-17.000000,127.000000,64.000000,17.000000,-73.000000
1741,-28.000000,-27.000000,-113.000000,18.000000,0.000000,-86.000000,-27.000000,-17.000000,127.000000,63.000000,17.000000,-74.000000
1742,-28.000000,-27.000000,-113.000000,18.000000,0.000000,-86.000000,-27.000000,-17.000000,127.000000,63.000000,17.000000,-74.000000
1743,-28.000000,-27.000000,-113.000000,18.000000,0.000000,-86.000000,-27.000000,-17.000000,127.000000,63.000000,17.000000,-74.000000
1744,-28.000000,-27.000000,-113.000000,18.000000,0.000000,-86.000000,-27.000000,-17.000000,127.000000,63.000000,17.000000,-74.000000
1745,-28.000000,-27.000000,-113.000000,18.000000,0.000000,-86.000000,-27.000000,-17.000000,127.000000,63.000000,17.000000,-74.000000
1746,-28.000000,-27.000000,-113.000000,18.000000,0.000000,-86.000000,-26.000000,-17.000000,128.000000,63.000000,17.000000,-74.000000
1747,-28.000000,-27.000000,-113.000000,18.000000,0.000000,-86.000000,-26.000000,-17.000000,128.000000,63.000000,17.000000,-74.000000
1748,-28.000000,-27.000000,-113.000000,18.000000,0.000000,-86.000000,-26.000000,-17.000000,128.000000,63.000000,17.000000,-74.000000
1749,-28.000000,-27.000000,-113.000000,18.000000,0.000000,-86.000000,-26.000000,-17.000000,128.000000,63.000000,17.000000,-74.000000
1750,-28.000000,-27.000000,-113.000000,18.000000,0.000000,-86.000000,-26.000000,-17.000000,128.000000,63.000000,17.000000,-74.000000
1751,-28.000000,-27.000000,-113.000000,18.000000,0.000000,-86.000000,-26.000000,-17.000000,128.000000,63.000000,17.000000,-74.000000
1752,-28.000000,-27.000000,-113.000000,18.000000,0.000000,-86.000000,-26.000000,-17.000000,128.000000,63.000000,17.000000,-74.000000
1753,-28.000000,-27.000000,-113.000000,18.000000,0.000000,-86.000000,-26.000000,-17.000000,128.000000,63.000000,17.000000,-74.000000
1754,-28.000000,-27.000000,-113.000000,19.000000,-1.000000,-85.000000,-26.000000,-17.000000,128.000000,63.000000,17.000000,-74.000000
1755,-28.000000,-27.000000,-113.000000,19.000000,-1.000000,-85.000000,-26.000000,-17.000000,128.000000,63.000000,17.000000,-74.000000
1756,-28.000000,-27.000000,-113.000000,19.000000,-1.000000,-85.000000,-26.000000,-17.000000,128.000000,63.000000,17.000000,-75.000000
1757,-28.000000,-27.000000,-113.000000,19.000000,-1.000000,-85.000000,-26.000000,-17.000000,128.000000,63.000000,17.000000,-75.000000
1758,-28.000000,-27.000000,-113.000000,19.000000,-1.000000,-85.000000,-26.000000,-17.000000,128.000000,63.000000,17.000000,-75.000000
1759,-28.000000,-27.000000,-113.000000,19.000000,-1.000000,-85.000000,-26.000000,-17.000000,128.000000,63.000000,17.000000,-75.000000
1760,-28.000000,-27.000000,-113.000000,18.993196,-1.000000,-85.006805,-26.000000,-17.000000,128.000000,63.000000,17.000000,-75.000000
1761,-28.000000,-27.000000,-113.000000,18.979591,-1.000000,-85.020409,-26.000000,-17.000000,128.000000,63.000000,17.000000,-75.000000
1762,-28.000000,-27.000000,-113.000000,18.959183,-1.000000,-85.040817,-26.000000,-17.000000,128.000000,63.000000,17.000000,-75.000000
1763,-28.000000,-27.000000,-113.000000,18.931973,-1.000000,-85.068024,-26.000000,-17.000000,128.000000,63.000000,17.000000,-75.000000
1764,-28.000000,-27.000000,-113.000000,18.897959,-1.000000,-85.102043,-26.000000,-17.000000,128.000000,63.000000,17.000000,-75.000000
1765,-28.000000,-27.000000,-113.000000,18.857143,-1.000000,-85.142860,-26.000000,-17.000000,128.000000,63.000000,17.000000,-75.000000
1766,-28.000000,-27.000000,-113.000000,18.809525,-1.000000,-85.190475,-26.000000,-17.000000,128.000000,63.000000,17.000000,-75.000000
1767,-28.000000,-27.000000,-113.000000,18.755102,-1.000000,-85.244896,-26.000000,-17.000000,128.000000,63.000000,17.000000,-75.000000
1768,-28.000000,-27.000000,-113.000000,18.693878,-1.000000,-85.306122,-26.000000,-17.000000,128.000000,63.000000,17.000000,-75.000000
1769,-28.000000,-27.000000,-113.000000,18.625851,-1.000000,-85.374153,-26.000000,-17.000000,128.000000,63.000000,17.000000,-75.000000
1770,-28.000000,-27.000000,-113.000000,18.551020,-1.000000,-85.448982,-26.000000,-17.000000,128.000000,63.000000,17.000000,-75.000000
1771,-28.000000,-27.000000,-113.000000,18.469387,-1.000000,-85.530609,-26.000000,-17.000000,128.000000,63.000000,17.000000,-75.000000
1772,-28.000000,-27.000000,-113.000000,18.380953,-1.000000,-85.619049,-26.000000,-17.000000,128.000000,63.000000,17.000000,-75.000000
1773,-28.000000,-27.000000,-113.000000,18.285715,-1.000000,-85.714287,-26.000000,-17.000000,128.000000,63.000000,17.000000,-75.000000
1774,-28.000000,-27.000000,-113.000000,18.183674,-1.000000,-85.816330,-26.000000,-17.000000,128.000000,63.000000,17.000000,-75.000000
1775,-28.000000,-27.000000,-113.000000,18.074829,-1.000000,-85.925171,-26.000000,-17.000000,128.000000,63.000000,17.000000,-75.000000
1776,-28.000000,-27.000000,-113.000000,17.959183,-1.000000,-86.040817,-26.000000,-17.000000,128.000000,63.000000,17.000000,-75.000000
1777,-28.000000,-27.000000,-113.000000,17.836735,-1.000000,-86.163269,-26.000000,-17.000000,128.000000,63.000000,17.000000,-75.000000
1778,-28.000000,-27.000000,-113.000000,17.707483,-1.000000,-86.292519,-26.000000,-17.000000,128.000000,63.000000,17.000000,-75.000000
1779,-28.000000,-27.000000,-113.000000,17.571428,-1.000000,-86.428574,-26.000000,-17.000000,128.000000,63.000000,17.000000,-75.000000
1780,-28.000000,-27.000000,-113.000000,17.428572,-1.000000,-86.571426,-26.000000,-17.000000,128.000000,63.000000,17.000000,-75.000000
1781,-28.000000,-27.000000,-113.000000,17.278912,-1.000000,-86.721092,-26.000000,-17.000000,128.000000,63.000000,17.000000,-75.000000
1782,-28.000000,-27.000000,-113.000000,17.122450,-1.000000,-86.877548,-26.000000,-17.000000,128.000000,63.000000,17.000000,-75.000000
1783,-28.000000,-27.000000,-113.000000,16.959183,-1.000000,-87.040817,-26.000000,-17.000000,128.000000,63.000000,17.000000,-75.000000
1784,-28.000000,-27.000000,-113.000000,16.789116,-1.000000,-87.210884,-26.000000,-17.000000,128.000000,63.000000,17.000000,-75.000000
1785,-28.000000,-27.000000,-113.000000,16.612246,-1.000000,-87.387756,-26.000000,-17.000000,128.000000,63.000000,17.000000,-75.000000
1786,-28.000000,-27.000000,-113.000000,16.428572,-1.000000,-87.571426,-26.000000,-17.000000,128.000000,63.000000,17.000000,-75.000000
1787,-28.000000,-27.000000,-113.000000,16.238094,-1.000000,-87.761902,-26.000000,-17.000000,128.000000,63.000000,17.000000,-75.000000
1788,-28.000000,-27.000000,-113.000000,16.040817,-1.000000,-87.959183,-26.000000,-17.000000,128.000000,63.000000,17.000000,-75.000000
1789,-28.000000,-27.000000,-113.000000,15.836735,-1.000000,-88.163269,-26.000000,-17.000000,128.000000,63.000000,17.000000,-75.000000
1790,-28.000000,-27.000000,-113.000000,15.625851,-1.000000,-88.374153,-26.000000,-17.000000,128.000000,63.000000,17.000000,-75.000000
1791,-28.000000,-27.000000,-113.000000,15.408163,-1.000000,-88.591835,-26.000000,-17.000000,128.000000,63.000000,17.000000,-75.000000
1792,-28.000000,-27.000000,-113.000000,15.183674,-1.000000,-88.816330,-26.000000,-17.000000,128.000000,63.000000,17.000000,-75.000000
1793,-28.000000,-27.000000,-113.000000,14.952381,-1.000000,-89.047623,-26.000000,-17.000000,128.000000,63.000000,17.000000,-75.000000
1794,-28.000000,-27.000000,-113.000000,14.714286,-1.000000,-89.285713,-26.000000,-17.000000,128.000000,63.000000,17.000000,-75.000000
1795,-28.000000,-27.000000,-113.000000,14.469388,-1.000000,-89.530609,-26.000000,-17.000000,128.000000,63.000000,17.000000,-75.000000
1796,-28.000000,-27.000000,-113.000000,14.217687,-1.000000,-89.782310,-26.000000,-17.000000,128.000000,63.000000,17.000000,-75.000000
1797,-28.000000,-27.000000,-113.000000,13.959184,-1.000000,-90.040817,-26.000000,-17.000000,128.000000,63.000000,17.000000,-75.000000
1798,-28.000000,-27.000000,-113.000000,13.693877,-1.000000,-90.306122,-26.000000,-17.000000,128.000000,63.000000,17.000000,-75.000000
1799,-28.000000,-27.000000,-113.000000,13.421769,-1.000000,-90.578232,-26.000000,-17.000000,128.000000,63.000000,17.000000,-75.000000
1800,-28.000000,-27.000000,-113.000000,13.142858,-1.000000,-90.857140,-26.000000,-17.000000,128.000000,63.000000,17.000000,-75.000000
1801,-28.000000,-27.000000,-113.000000,12.857142,-1.000000,-91.142860,-26.000000,-17.000000,128.000000,63.000000,17.000000,-75.000000
1802,-28.000000,-27.000000,-113.000000,12.564626,-1.000000,-91.435371,-26.000000,-17.000000,128.000000,63.000000,17.000000,-75.000000
1803,-28.000000,-27.000000,-113.000000,12.265306,-1.000000,-91.734695,-26.000000,-17.000000,128.000000,63.000000,17.000000,-75.000000
1804,-28.000000,-27.000000,-113.000000,11.959184,-1.000000,-92.040817,-26.000000,-17.000000,128.000000,63.000000,17.000000,-75.000000
1805,-28.000000,-27.000000,-113.000000,11.646258,-1.000000,-92.353745,-26.000000,-17.000000,128.000000,63.000000,17.000000,-75.000000
1806,-28.000000,-27.000000,-113.000000,11.326530,-1.000000,-92.673470,-26.000000,-17.000000,128.000000,63.000000,17.000000,-75.000000
1807,-28.000000,-27.000000,-113.000000,11.000000,-1.000000,-93.000000,-26.000000,-17.000000,128.000000,63.000000,17.000000,-75.000000
1808,-28.000000,-27.000000,-113.000000,10.666667,-1.000000,-93.333336,-26.000000,-17.000000,128.000000,63.000000,17.000000,-75.000000
1809,-28.000000,-27.000000,-113.000000,10.326530,-1.000000,-93.673470,-26.000000,-17.000000,128.000000,63.000000,17.000000,-75.000000
1810,-28.000000,-27.000000,-113.000000,9.979591,-1.000000,-94.020409,-26.000000,-17.000000,128.000000,63.000000,17.000000,-75.000000
1811,-28.000000,-27.000000,-113.000000,9.625851,-1.000000,-94.374153,-26.000000,-17.000000,128.000000,63.000000,17.000000,-75.000000
1812,-28.000000,-27.000000,-113.000000,9.265306,-1.000000,-94.734695,-26.000000,-17.000000,128.000000,63.000000,17.000000,-75.000000
1813,-28.000000,-27.000000,-113.000000,8.897959,-1.000000,-95.102043,-26.000000,-17.000000,128.000000,63.000000,17.000000,-75.000000
1814,-28.000000,-27.000000,-113.000000,8.523809,-1.000000,-95.476189,-26.000000,-17.000000,128.000000,63.000000,17.000000,-75.000000
1815,-28.000000,-27.000000,-113.000000,8.142858,-1.000000,-95.857140,-26.000000,-17.000000,128.000000,63.000000,17.000000,-75.000000
1816,-28.000000,-27.000000,-113.000000,7.755102,-1.000000,-96.244896,-26.000000,-17.000000,128.000000,63.000000,17.000000,-75.000000
1817,-28.000000,-27.000000,-113.000000,7.360544,-1.000000,-96.639458,-26.000000,-17.000000,128.000000,63.000000,17.000000,-75.000000
1818,-28.000000,-27.000000,-113.000000,6.959184,-1.000000,-97.040817,-26.000000,-17.000000,128.000000,63.000000,17.000000,-75.000000
1819,-28.000000,-27.000000,-113.000000,6.551021,-1.000000,-97.448982,-26.000000,-17.000000,128.000000,63.000000,17.000000,-75.000000
1820,-28.000000,-27.000000,-113.000000,6.136055,-1.000000,-97.863945,-26.000000,-17.000000,128.000000,63.000000,17.000000,-75.000000
1821,-28.000000,-27.000000,-113.000000,5.714286,-1.000000,-98.285713,-26.000000,-17.000000,128.000000,63.000000,17.000000,-75.000000
1822,-28.000000,-27.000000,-113.000000,5.285714,-1.000000,-98.714287,-26.000000,-17.000000,128.000000,63.000000,17.000000,-75.000000
1823,-28.000000,-27.000000,-113.000000,4.850340,-1.000000,-99.149658,-26.000000,-17.000000,128.000000,63.000000,17.000000,-75.000000
1824,-28.000000,-27.000000,-113.000000,4.408163,-1.000000,-99.591835,-26.000000,-17.000000,128.000000,63.000000,17.000000,-75.000000
1825,-28.000000,-27.000000,-113.000000,3.959184,-1.000000,-100.040817,-26.000000,-17.000000,128.000000,63.000000,17.000000,-75.000000
1826,-28.000000,-27.000000,-113.000000,3.503401,-1.000000,-100.496597,-26.000000,-17.000000,128.000000,63.000000,17.000000,-75.000000
1827,-28.000000,-27.000000,-113.000000,3.040816,-1.000000,-100.959183,-26.000000,-17.000000,128.000000,63.000000,17.000000,-75.000000
1828,-28.000000,-27.000000,-113.000000,2.571429,-1.000000,-101.428574,-26.000000,-17.000000,128.000000,63.000000,17.000000,-75.000000
1829,-28.000000,-27.000000,-113.000000,2.095238,-1.000000,-101.904762,-26.000000,-17.000000,128.000000,63.000000,17.000000,-75.000000
1830,-28.000000,-27.000000,-113.000000,1.612245,-1.000000,-102.387756,-26.000000,-17.000000,128.000000,63.000000,17.000000,-75.000000
1831,-28.000000,-27.000000,-113.000000,1.122449,-1.000000,-102.877548,-26.000000,-17.000000,128.000000,63.000000,17.000000,-75.000000
1832,-28.000000,-27.000000,-113.000000,0.625850,-1.000000,-103.374153,-26.000000,-17.000000,128.000000,63.000000,17.000000,-75.000000
1833,-28.000000,-27.000000,-113.000000,0.122449,-1.000000,-103.877548,-26.000000,-17.000000,128.000000,63.000000,17.000000,-75.000000
1834,-28.000000,-27.000000,-113.000000,-0.387755,-1.000000,-104.387756,-26.000000,-17.000000,128.000000,63.000000,17.000000,-75.000000
1835,-28.000000,-27.000000,-113.000000,-0.904762,-1.000000,-104.904762,-26.000000,-17.000000,128.000000,63.000000,17.000000,-75.000000
1836,-28.000000,-27.000000,-113.000000,-1.428571,-1.000000,-105.428574,-26.000000,-17.000000,128.000000,63.000000,17.000000,-75.000000
1837,-28.000000,-27.000000,-113.000000,-1.959184,-1.000000,-105.959183,-26.000000,-17.000000,128.000000,63.000000,17.000000,-75.000000
1838,-28.000000,-27.000000,-113.000000,-2.496599,-1.000000,-106.496597,-26.000000,-17.000000,128.000000,63.000000,17.000000,-75.000000
1839,-28.000000,-27.000000,-113.000000,-3.040816,-1.000000,-107.040817,-26.000000,-17.000000,128.000000,63.000000,17.000000,-75.000000
1840,-28.000000,-27.000000,-113.000000,-3.591837,-1.000000,-107.591835,-26.000000,-17.000000,128.000000,63.000000,17.000000,-75.000000
1841,-28.000000,-27.000000,-113.000000,-4.149660,-1.000000,-108.149658,-26.000000,-17.000000,128.000000,63.000000,17.000000,-75.000000
1842,-28.000000,-27.000000,-113.000000,-4.714286,-1.000000,-108.714287,-26.000000,-17.000000,128.000000,63.000000,17.000000,-75.000000
1843,-28.000000,-27.000000,-113.000000,-5.285714,-1.000000,-109.285713,-26.000000,-17.000000,128.000000,63.000000,17.000000,-75.000000
1844,-28.000000,-27.000000,-113.000000,-5.863945,-1.000000,-109.863945,-26.000000,-17.000000,128.000000,63.000000,17.000000,-75.000000
1845,-28.000000,-27.000000,-113.000000,-6.448979,-1.000000,-110.448982,-26.000000,-17.000000,128.000000,63.000000,17.000000,-75.000000
1846,-28.000000,-27.000000,-113.000000,-7.040816,-1.000000,-111.040817,-26.000000,-17.000000,128.000000,63.000000,17.000000,-75.000000
1847,-28.000000,-27.000000,-113.000000,-7.639456,-1.000000,-111.639458,-26.000000,-17.000000,128.000000,63.000000,17.000000,-75.000000
1848,-28.000000,-27.000000,-113.000000,-8.244898,-1.000000,-112.244896,-26.000000,-17.000000,128.000000,63.000000,17.000000,-75.000000
1849,-28.000000,-27.000000,-113.000000,-8.857142,-1.000000,-112.857140,-26.000000,-17.000000,128.000000,63.000000,17.000000,-75.000000
1850,-28.000000,-27.000000,-113.000000,-9.476191,-1.000000,-113.476189,-26.000000,-17.000000,128.000000,63.000000,17.000000,-75.000000
1851,-28.000000,-27.000000,-113.000000,-10.102041,-1.000000,-114.102043,-26.000000,-17.000000,128.000000,63.000000,17.000000,-75.000000
1852,-28.000000,-27.000000,-113.000000,-10.734694,-1.000000,-114.734695,-26.000000,-17.000000,128.000000,63.000000,17.000000,-75.000000
1853,-28.000000,-27.000000,-113.000000,-11.374149,-1.000000,-115.374153,-26.000000,-17.000000,128.000000,63.000000,17.000000,-75.000000
1854,-28.000000,-27.000000,-113.000000,-12.020409,-1.000000,-116.020409,-26.000000,-17.000000,128.000000,63.000000,17.000000,-75.000000
1855,-28.000000,-27.000000,-113.000000,-12.673470,-1.000000,-116.673470,-26.000000,-17.000000,128.000000,63.000000,17.000000,-75.000000
1856,-28.000000,-27.000000,-113.000000,-13.333333,-1.000000,-117.333336,-26.000000,-17.000000,128.000000,63.000000,17.000000,-75.000000
1857,-28.000000,-27.000000,-113.000000,-14.000000,-1.000000,-118.000000,-26.000000,-17.000000,128.000000,63.000000,17.000000,-75.000000
1858,-28.000000,-27.000000,-113.000000,-14.673470,-1.000000,-118.673470,-26.000000,-17.000000,128.000000,63.000000,17.000000,-75.000000
1859,-28.000000,-27.000000,-113.000000,-15.353742,-1.000000,-119.353745,-26.000000,-17.000000,128.000000,63.000000,17.000000,-75.000000
1860,-28.000000,-27.000000,-113.000000,-16.040817,-1.000000,-120.040817,-26.000000,-17.000000,128.000000,63.000000,17.000000,-75.000000
1861,-28.000000,-27.000000,-113.000000,-16.734694,-1.000000,-120.734695,-26.000000,-17.000000,128.000000,63.000000,17.000000,-75.000000
1862,-28.000000,-27.000000,-113.000000,-17.435373,-1.000000,-121.435371,-26.000000,-17.000000,128.000000,63.000000,17.000000,-75.000000
1863,-28.000000,-27.000000,-113.000000,-18.142857,-1.000000,-122.142860,-26.000000,-17.000000,128.000000,63.000000,17.000000,-75.000000
1864,-28.000000,-27.000000,-113.000000,-18.857143,-1.000000,-122.857140,-26.000000,-17.000000,128.000000,63.000000,17.000000,-75.000000
1865,-28.000000,-27.000000,-113.000000,-19.578232,-1.000000,-123.578232,-26.000000,-17.000000,128.000000,63.000000,17.000000,-75.000000
1866,-28.000000,-27.000000,-113.000000,-20.306122,-1.000000,-124.306122,-26.000000,-17.000000,128.000000,63.000000,17.000000,-75.000000
1867,-28.000000,-27.000000,-113.000000,-21.040817,-1.000000,-125.040817,-26.000000,-17.000000,128.000000,63.000000,17.000000,-75.000000
1868,-28.000000,-27.000000,-113.000000,-21.782312,-1.000000,-125.782310,-26.000000,-17.000000,128.000000,63.000000,17.000000,-75.000000
1869,-28.000000,-27.000000,-113.000000,-22.530613,-1.000000,-126.530609,-26.000000,-17.000000,128.000000,63.000000,17.000000,-75.000000
1870,-28.000000,-27.000000,-113.000000,-23.285715,-1.000000,-127.285713,-26.000000,-17.000000,128.000000,63.000000,17.000000,-75.000000
1871,-28.000000,-27.000000,-113.000000,-24.047619,-1.000000,-128.047623,-26.000000,-17.000000,128.000000,63.000000,17.000000,-75.000000
1872,-28.000000,-27.000000,-113.000000,-24.816326,-1.000000,-128.816330,-26.000000,-17.000000,128.000000,63.000000,17.000000,-75.000000
1873,-28.000000,-27.000000,-113.000000,-25.591837,-1.000000,-129.591843,-26.000000,-17.000000,128.000000,63.000000,17.000000,-75.000000
1874,-28.000000,-27.000000,-113.000000,-26.374149,-1.000000,-130.374146,-26.000000,-17.000000,128.000000,63.000000,17.000000,-75.000000
1875,-28.000000,-27.000000,-113.000000,-27.163265,-1.000000,-131.163269,-26.000000,-17.000000,128.000000,63.000000,17.000000,-75.000000
1876,-28.000000,-27.000000,-113.000000,-27.959183,-1.000000,-131.959183,-26.000000,-17.000000,128.000000,63.000000,17.000000,-75.000000
1877,-28.000000,-27.000000,-113.000000,-28.761906,-1.000000,-132.761902,-26.000000,-17.000000,128.000000,63.000000,17.000000,-75.000000
1878,-28.000000,-27.000000,-113.000000,-29.571428,-1.000000,-133.571426,-26.000000,-17.000000,128.000000,63.000000,17.000000,-75.000000
1879,-28.000000,-27.000000,-113.000000,-30.387754,-1.000000,-134.387756,-26.000000,-17.000000,128.000000,63.000000,17.000000,-75.000000
1880,-28.000000,-27.000000,-113.000000,-31.210884,-1.000000,-135.210892,-26.000000,-17.000000,128.000000,63.000000,17.000000,-75.000000
1881,-28.000000,-27.000000,-113.000000,-32.040817,-1.000000,-136.040817,-26.000000,-17.000000,128.000000,63.000000,17.000000,-75.000000
1882,-28.000000,-27.000000,-113.000000,-32.877552,-1.000000,-136.877548,-26.000000,-17.000000,128.000000,63.000000,17.000000,-75.000000
1883,-28.000000,-27.000000,-113.000000,-33.721088,-1.000000,-137.721085,-26.000000,-17.000000,128.000000,63.000000,17.000000,-75.000000
1884,-28.000000,-27.000000,-113.000000,-34.571430,-1.000000,-138.571426,-26.000000,-17.000000,128.000000,63.000000,17.000000,-75.000000
1885,-28.000000,-27.000000,-113.000000,-35.428570,-1.000000,-139.428574,-26.000000,-17.000000,128.000000,63.000000,17.000000,-75.000000
1886,-28.000000,-27.000000,-113.000000,-36.292519,-1.000000,-140.292511,-26.000000,-17.000000,128.000000,63.000000,17.000000,-75.000000
1887,-28.000000,-27.000000,-113.000000,-37.163265,-1.000000,-141.163269,-26.000000,-17.000000,128.000000,63.000000,17.000000,-75.000000
1888,-28.000000,-27.000000,-113.000000,-38.040817,-1.000000,-142.040817,-26.000000,-17.000000,128.000000,63.000000,17.000000,-75.000000
1889,-28.000000,-27.000000,-113.000000,-38.925171,-1.000000,-142.925171,-26.000000,-17.000000,128.000000,63.000000,17.000000,-75.000000
1890,-28.000000,-27.000000,-113.000000,-39.816326,-1.000000,-143.816330,-26.000000,-17.000000,128.000000,63.000000,17.000000,-75.000000
1891,-28.000000,-27.000000,-113.000000,-40.714287,-1.000000,-144.714279,-26.000000,-17.000000,128.000000,63.000000,17.000000,-75.000000
1892,-28.000000,-27.000000,-113.000000,-41.619049,-1.000000,-145.619049,-26.000000,-17.000000,128.000000,63.000000,17.000000,-75.000000
1893,-28.000000,-27.000000,-113.000000,-42.530613,-1.000000,-146.530609,-26.000000,-17.000000,128.000000,63.000000,17.000000,-75.000000
1894,-28.000000,-27.000000,-113.000000,-43.448978,-1.000000,-147.448975,-26.000000,-17.000000,128.000000,63.000000,17.000000,-75.000000
1895,-28.000000,-27.000000,-113.000000,-44.374149,-1.000000,-148.374146,-26.000000,-17.000000,128.000000,63.000000,17.000000,-75.000000
1896,-28.000000,-27.000000,-113.000000,-45.306122,-1.000000,-149.306122,-26.000000,-17.000000,128.000000,63.000000,17.000000,-75.000000
1897,-28.000000,-27.000000,-113.000000,-46.244900,-1.000000,-150.244904,-26.000000,-17.000000,128.000000,63.000000,17.000000,-75.000000
1898,-28.000000,-27.000000,-113.000000,-47.190475,-1.000000,-151.190475,-26.000000,-17.000000,128.000000,63.000000,17.000000,-75.000000
1899,-28.000000,-27.000000,-113.000000,-48.142857,-1.000000,-152.142853,-26.000000,-17.000000,128.000000,63.000000,17.000000,-75.000000
1900,-33.000000,-27.000000,-109.000000,16.000000,-2.000000,-84.000000,-27.000000,-14.000000,129.000000,65.000000,16.000000,-75.000000
1901,-33.000000,-27.000000,-109.000000,15.750000,-2.000000,-84.250000,-27.000000,-14.000000,129.000000,65.000000,16.000000,-75.000000
1902,-33.000000,-27.000000,-109.000000,15.500000,-2.000000,-84.500000,-27.000000,-14.000000,129.000000,65.000000,16.000000,-75.000000
1903,-33.000000,-27.000000,-109.000000,15.250000,-2.000000,-84.750000,-27.000000,-14.000000,129.000000,65.000000,16.000000,-75.000000
1904,-33.000000,-27.000000,-109.000000,15.000000,-2.000000,-85.000000,-27.000000,-14.000000,129.000000,65.000000,16.000000,-75.000000
1905,-34.000000,-27.000000,-109.000000,15.000000,-2.000000,-85.000000,-27.000000,-14.000000,129.000000,65.000000,16.000000,-75.000000
1906,-34.000000,-27.000000,-109.000000,15.000000,-2.000000,-85.000000,-27.000000,-14.000000,129.000000,64.000000,16.000000,-75.000000
1907,-34.000000,-27.000000,-109.000000,15.000000,-2.000000,-85.000000,-27.000000,-14.000000,129.000000,64.000000,16.000000,-75.000000
1908,-34.000000,-27.000000,-109.000000,15.000000,-2.000000,-85.000000,-27.000000,-14.000000,129.000000,64.000000,16.000000,-75.000000
1909,-34.000000,-27.000000,-109.000000,15.000000,-2.000000,-85.000000,-27.000000,-14.000000,129.000000,64.000000,16.000000,-75.000000
1910,-34.000000,-27.000000,-109.000000,15.000000,-2.000000,-85.000000,-27.000000,-14.000000,129.000000,64.000000,16.000000,-75.000000
1911,-34.000000,-27.000000,-109.000000,15.000000,-2.000000,-85.000000,-27.000000,-14.000000,129.000000,64.000000,16.000000,-75.000000
1912,-34.000000,-27.000000,-109.000000,15.000000,-2.000000,-85.000000,-27.000000,-14.000000,129.000000,64.000000,16.000000,-75.000000
1913,-34.000000,-27.000000,-109.000000,15.000000,-2.000000,-85.000000,-27.000000,-14.000000,129.000000,64.000000,16.000000,-75.000000
1914,-34.000000,-27.000000,-109.000000,15.000000,-2.000000,-85.000000,-27.000000,-14.000000,129.000000,64.000000,16.000000,-75.000000
1915,-34.000000,-27.000000,-109.000000,15.000000,-2.000000,-85.000000,-27.000000,-14.000000,129.000000,64.000000,16.000000,-75.000000
1916,-34.000000,-27.000000,-109.000000,15.000000,-2.000000,-85.000000,-27.000000,-14.000000,129.000000,64.000000,16.000000,-75.000000
1917,-34.000000,-27.000000,-109.000000,15.000000,-2.000000,-85.000000,-27.000000,-14.000000,129.000000,64.000000,16.000000,-75.000000
1918,-34.000000,-27.000000,-109.000000,15.000000,-2.000000,-85.000000,-27.000000,-14.000000,129.000000,64.000000,16.000000,-75.000000
1919,-34.000000,-27.000000,-109.000000,14.000000,-1.000000,-86.000000,-27.000000,-14.000000,129.000000,64.000000,16.000000,-75.000000
1920,-34.000000,-27.000000,-109.000000,14.000000,-1.000000,-86.000000,-27.000000,-14.000000,129.000000,64.000000,16.000000,-75.000000
1921,-34.000000,-27.000000,-109.000000,14.000000,-1.000000,-86.000000,-27.000000,-14.000000,129.000000,64.000000,16.000000,-76.000000
1922,-34.000000,-27.000000,-109.000000,14.000000,-1.000000,-86.000000,-27.000000,-14.000000,129.000000,64.000000,16.000000,-76.000000
1923,-34.000000,-27.000000,-109.000000,14.000000,-1.000000,-86.000000,-27.000000,-14.000000,129.000000,64.000000,16.000000,-76.000000
1924,-34.000000,-27.000000,-109.000000,14.000000,-1.000000,-86.000000,-27.000000,-14.000000,129.000000,64.000000,16.000000,-76.000000
1925,-34.000000,-27.000000,-109.000000,14.000000,-1.000000,-86.000000,-27.000000,-14.000000,129.000000,64.000000,16.000000,-76.000000
1926,-34.000000,-27.000000,-109.000000,14.000000,-1.000000,-86.000000,-27.000000,-14.000000,129.000000,64.000000,16.000000,-76.000000
1927,-34.000000,-27.000000,-109.000000,14.000000,-1.000000,-86.000000,-27.000000,-14.000000,129.000000,64.000000,16.000000,-76.000000
1928,-34.000000,-27.000000,-109.000000,14.000000,-1.000000,-86.000000,-27.000000,-14.000000,129.000000,64.000000,16.000000,-76.000000
1929,-34.000000,-27.000000,-109.000000,14.000000,-1.000000,-86.000000,-27.000000,-14.000000,129.000000,64.000000,16.000000,-76.000000
1930,-34.000000,-27.000000,-109.000000,14.000000,-1.000000,-86.000000,-27.000000,-14.000000,129.000000,64.000000,16.000000,-76.000000
1931,-34.000000,-27.000000,-109.000000,14.000000,-1.000000,-86.000000,-27.000000,-14.000000,129.000000,64.000000,16.000000,-76.000000
1932,-34.000000,-27.000000,-109.000000,14.000000,-1.000000,-86.000000,-27.000000,-14.000000,129.000000,64.000000,16.000000,-76.000000
1933,-34.000000,-27.000000,-109.000000,14.000000,-1.000000,-86.000000,-27.000000,-14.000000,129.000000,64.000000,16.000000,-76.000000
1934,-34.000000,-27.000000,-109.000000,14.000000,-1.000000,-86.000000,-27.000000,-14.000000,129.000000,64.000000,16.000000,-76.000000
1935,-34.000000,-28.000000,-110.000000,14.000000,-1.000000,-86.000000,-27.000000,-14.000000,129.000000,64.000000,16.000000,-76.000000
1936,-34.000000,-28.000000,-110.000000,14.000000,-1.000000,-86.000000,-27.000000,-14.000000,129.000000,65.000000,16.000000,-76.000000
1937,-34.000000,-28.000000,-110.000000,14.000000,-1.000000,-86.000000,-27.000000,-14.000000,129.000000,65.000000,16.000000,-76.000000
1938,-34.000000,-28.000000,-110.000000,14.000000,-1.000000,-86.000000,-27.000000,-14.000000,129.000000,65.000000,16.000000,-76.000000
1939,-34.000000,-28.000000,-110.000000,14.000000,-1.000000,-86.000000,-27.000000,-14.000000,129.000000,65.000000,16.000000,-76.000000
1940,-34.000000,-28.000000,-110.000000,14.000000,-1.000000,-86.000000,-27.000000,-13.000000,129.000000,65.000000,16.000000,-76.000000
1941,-34.000000,-28.000000,-110.000000,14.000000,-1.000000,-86.000000,-27.000000,-13.000000,129.000000,65.000000,16.000000,-76.000000
1942,-34.000000,-28.000000,-110.000000,14.000000,-1.000000,-86.000000,-27.000000,-13.000000,129.000000,65.000000,16.000000,-76.000000
1943,-34.000000,-28.000000,-110.000000,14.000000,-1.000000,-86.000000,-27.000000,-13.000000,129.000000,65.000000,16.000000,-76.000000
1944,-34.000000,-28.000000,-110.000000,14.000000,-1.000000,-86.000000,-27.000000,-13.000000,129.000000,65.000000,16.000000,-76.000000
1945,-34.000000,-28.000000,-110.000000,14.000000,-1.000000,-86.000000,-27.000000,-13.000000,129.000000,65.000000,16.000000,-76.000000
1946,-34.000000,-28.000000,-110.000000,14.000000,-1.000000,-86.000000,-27.000000,-13.000000,129.000000,65.000000,16.000000,-76.000000
1947,-34.000000,-28.000000,-110.000000,14.000000,-1.000000,-86.000000,-27.000000,-13.000000,129.000000,65.000000,16.000000,-76.000000
1948,-34.000000,-28.000000,-110.000000,14.000000,-1.000000,-86.000000,-27.000000,-13.000000,129.000000,65.000000,16.000000,-76.000000
1949,-34.000000,-28.000000,-110.000000,14.000000,-1.000000,-86.000000,-27.000000,-13.000000,129.000000,65.000000,16.000000,-76.000000
1950,-34.000000,-28.000000,-110.000000,14.000000,-1.000000,-86.000000,-27.000000,-13.000000,129.000000,65.000000,16.000000,-76.000000
1951,-34.000000,-28.000000,-110.000000,14.000000,-1.000000,-86.000000,-27.000000,-13.000000,129.000000,65.000000,16.000000,-76.000000
1952,-34.000000,-28.000000,-110.000000,14.000000,-1.000000,-86.000000,-27.000000,-13.000000,129.000000,65.000000,16.000000,-76.000000
1953,-34.000000,-28.000000,-110.000000,14.000000,-1.000000,-86.000000,-27.000000,-13.000000,129.000000,65.000000,16.000000,-76.000000
1954,-34.000000,-28.000000,-110.000000,14.000000,-1.000000,-86.000000,-27.000000,-13.000000,129.000000,65.000000,16.000000,-76.000000
1955,-34.000000,-28.000000,-110.000000,14.000000,-1.000000,-86.000000,-27.000000,-13.000000,129.000000,65.000000,16.000000,-76.000000
1956,-34.000000,-28.000000,-110.000000,14.000000,-1.000000,-86.000000,-27.000000,-13.000000,129.000000,65.000000,16.000000,-76.000000
1957,-34.000000,-28.000000,-110.000000,14.000000,-1.000000,-86.000000,-27.000000,-13.000000,129.000000,65.000000,16.000000,-76.000000
1958,-34.000000,-28.000000,-110.000000,14.000000,-1.000000,-86.000000,-27.000000,-13.000000,129.000000,65.000000,16.000000,-76.000000
1959,-34.000000,-28.000000,-110.000000,14.000000,-1.000000,-86.000000,-27.000000,-13.000000,129.000000,65.000000,16.000000,-76.000000
1960,-34.000000,-28.000000,-110.000000,14.000000,-1.000000,-86.000000,-27.000000,-13.000000,129.000000,65.000000,16.000000,-76.000000
1961,-34.000000,-28.000000,-110.000000,14.000000,-1.000000,-86.000000,-27.000000,-13.000000,129.000000,65.000000,16.000000,-76.000000
1962,-34.000000,-28.000000,-110.000000,14.000000,-1.000000,-86.000000,-27.000000,-13.000000,129.000000,65.000000,16.000000,-76.000000
1963,-34.000000,-28.000000,-110.000000,14.000000,-1.000000,-86.000000,-27.000000,-13.000000,129.000000,65.000000,16.000000,-76.000000
1964,-34.000000,-28.000000,-110.000000,14.000000,-1.000000,-86.000000,-27.000000,-13.000000,129.000000,65.000000,16.000000,-76.000000
1965,-34.000000,-28.000000,-110.000000,14.000000,-1.000000,-86.000000,-27.000000,-13.000000,129.000000,65.000000,16.000000,-76.000000
1966,-34.000000,-28.000000,-110.000000,14.000000,-1.000000,-86.000000,-27.000000,-13.000000,129.000000,65.000000,16.000000,-76.000000
1967,-34.000000,-28.000000,-110.000000,14.000000,-1.000000,-86.000000,-27.000000,-13.000000,129.000000,65.000000,16.000000,-76.000000
1968,-34.000000,-28.000000,-110.000000,14.000000,-1.000000,-86.000000,-27.000000,-13.000000,129.000000,65.000000,16.000000,-76.000000
1969,-34.000000,-28.000000,-110.000000,14.000000,-1.000000,-86.000000,-27.000000,-13.000000,129.000000,65.000000,16.000000,-76.000000
1970,-34.000000,-28.000000,-110.000000,14.000000,-1.000000,-86.000000,-27.000000,-13.000000,129.000000,65.000000,16.000000,-76.000000
1971,-34.000000,-28.000000,-110.000000,14.000000,-1.000000,-86.000000,-27.000000,-13.000000,129.000000,65.000000,16.000000,-76.000000
1972,-34.000000,-28.000000,-110.000000,14.000000,-1.000000,-86.000000,-27.000000,-13.000000,129.000000,65.000000,16.000000,-76.000000
1973,-34.000000,-28.000000,-110.000000,14.000000,-1.000000,-86.000000,-27.000000,-13.000000,129.000000,65.000000,16.000000,-76.000000
1974,-34.000000,-28.000000,-110.000000,14.000000,-1.000000,-86.000000,-27.000000,-13.000000,129.000000,65.000000,16.000000,-76.000000
1975,-34.000000,-28.000000,-110.000000,14.000000,-1.000000,-86.000000,-27.000000,-13.000000,129.000000,65.000000,16.000000,-76.000000
1976,-34.000000,-28.000000,-110.000000,14.000000,-1.000000,-86.000000,-27.000000,-13.000000,129.000000,65.000000,16.000000,-76.000000
1977,-34.000000,-28.000000,-110.000000,14.000000,-1.000000,-86.000000,-27.000000,-13.000000,129.000000,65.000000,16.000000,-76.000000
1978,-34.000000,-28.000000,-110.000000,14.000000,-1.000000,-86.000000,-27.000000,-13.000000,129.000000,65.000000,16.000000,-76.000000
1979,-34.000000,-28.000000,-110.000000,14.000000,-1.000000,-86.000000,-27.000000,-13.000000,129.000000,65.000000,16.000000,-76.000000
1980,-34.000000,-28.000000,-110.000000,14.000000,-1.000000,-86.000000,-27.000000,-13.000000,129.000000,65.000000,16.000000,-76.000000
1981,-34.000000,-28.000000,-110.000000,14.000000,-1.000000,-86.000000,-27.000000,-13.000000,129.000000,65.000000,16.000000,-76.000000
1982,-34.000000,-28.000000,-110.000000,14.000000,-1.000000,-86.000000,-27.000000,-13.000000,129.000000,65.000000,16.000000,-76.000000
1983,-34.000000,-28.000000,-110.000000,14.000000,-1.000000,-86.000000,-27.000000,-13.000000,129.000000,65.000000,16.000000,-76.000000
1984,-34.000000,-28.000000,-110.000000,14.000000,-1.000000,-86.000000,-27.000000,-13.000000,129.000000,65.000000,16.000000,-76.000000
1985,-34.000000,-28.000000,-110.000000,14.000000,-1.000000,-86.000000,-27.000000,-13.000000,129.000000,65.000000,16.000000,-76.000000
1986,-34.000000,-28.000000,-110.000000,14.000000,-1.000000,-86.000000,-27.000000,-13.000000,129.000000,65.000000,16.000000,-76.000000
1987,-34.000000,-28.000000,-110.000000,14.000000,-1.000000,-86.000000,-27.000000,-13.000000,129.000000,65.000000,16.000000,-76.000000
1988,-34.000000,-28.000000,-110.000000,14.000000,-1.000000,-86.000000,-27.000000,-13.000000,129.000000,65.000000,16.000000,-76.000000
1989,-34.000000,-28.000000,-110.000000,14.000000,-1.000000,-86.000000,-27.000000,-13.000000,129.000000,65.000000,16.000000,-76.000000
1990,-34.000000,-28.000000,-110.000000,14.000000,-1.000000,-86.000000,-27.000000,-13.000000,129.000000,65.000000,16.000000,-76.000000
1991,-34.000000,-28.000000,-110.000000,14.000000,-1.000000,-86.000000,-27.000000,-13.000000,129.000000,65.000000,16.000000,-76.000000
1992,-34.000000,-28.000000,-110.000000,14.000000,-1.000000,-86.000000,-27.000000,-13.000000,129.000000,65.000000,16.000000,-76.000000
1993,-34.000000,-28.000000,-110.000000,14.000000,-1.000000,-86.000000,-27.000000,-13.000000,129.000000,65.000000,16.000000,-76.000000
1994,-34.000000,-28.000000,-110.000000,14.000000,-1.000000,-86.000000,-27.000000,-13.000000,129.000000,65.000000,16.000000,-76.000000
1995,-34.000000,-28.000000,-110.000000,14.000000,-1.000000,-86.000000,-27.000000,-13.000000,129.000000,65.000000,16.000000,-76.000000
1996,-34.000000,-28.000000,-110.000000,14.000000,-1.000000,-86.000000,-27.000000,-13.000000,129.000000,65.000000,16.000000,-76.000000
1997,-34.000000,-28.000000,-110.000000,14.000000,-1.000000,-86.000000,-27.000000,-13.000000,129.000000,65.000000,16.000000,-76.000000
1998,-34.000000,-28.000000,-110.000000,14.000000,-1.000000,-86.000000,-27.000000,-13.000000,129.000000,65.000000,16.000000,-76.000000
1999,-34.000000,-28.000000,-110.000000,14.000000,-1.000000,-86.000000,-27.000000,-13.000000,129.000000,65.000000,16.000000,-76.000000
