time_ms,Channel_1,Channel_2,Channel_3,Channel_4,Channel_5,Channel_6,Channel_7,Channel_8
0,1.000000,2.000000,-6.000000,0.000000,0.000000,0.000000,-11.000000,0.000000
1,0.000000,2.000000,-6.000000,0.000000,0.000000,0.000000,-11.000000,0.000000
2,0.000000,2.000000,-2.000000,-2.000000,-2.000000,1.000000,-11.000000,0.000000
3,0.000000,0.000000,-2.000000,-2.000000,-2.000000,2.000000,-11.000000,0.000000
4,4.000000,0.000000,-2.000000,1.000000,-2.000000,2.000000,-12.000000,-1.000000
5,6.000000,0.000000,1.000000,1.000000,-2.000000,0.000000,-12.000000,-1.000000
6,-4.000000,-2.000000,1.000000,1.000000,-2.000000,-2.000000,-12.000000,-1.000000
7,-3.000000,-2.000000,1.000000,1.000000,0.000000,-1.000000,-12.000000,0.000000
8,1.000000,-2.000000,2.000000,1.000000,0.000000,-1.000000,-12.000000,0.000000
9,-2.000000,0.000000,2.000000,1.000000,0.000000,0.000000,-3.000000,0.000000
10,0.000000,0.000000,2.000000,1.000000,0.000000,0.000000,-3.000000,0.000000
11,0.000000,0.000000,-2.000000,1.000000,-3.000000,0.000000,-3.000000,0.000000
12,-2.000000,0.000000,-2.000000,0.000000,-3.000000,0.000000,-3.000000,0.000000
13,0.000000,0.000000,-2.000000,0.000000,-3.000000,-1.000000,-8.000000,0.000000
14,-2.000000,-2.000000,0.000000,0.000000,-3.000000,-1.000000,-8.000000,-1.000000
15,0.000000,-2.000000,0.000000,0.000000,-3.000000,-1.000000,-8.000000,-1.000000
16,2.000000,-2.000000,0.000000,-1.000000,-3.000000,0.000000,-8.000000,-1.000000
17,1.000000,-1.000000,8.000000,-1.000000,-3.000000,0.000000,-8.000000,-1.000000
18,0.000000,-1.000000,8.000000,-1.000000,-3.000000,0.000000,-4.000000,-1.000000
19,0.000000,-1.000000,8.000000,-1.000000,-3.000000,0.000000,-4.000000,1.000000
20,1.000000,0.000000,0.000000,1.000000,12.000000,-1.000000,-4.000000,1.000000
21,1.000000,0.000000,0.000000,1.000000,12.000000,-1.000000,-4.000000,0.000000
22,0.000000,0.000000,0.000000,0.000000,12.000000,0.000000,0.000000,0.000000
23,-5.000000,0.000000,-6.000000,0.000000,12.000000,-1.000000,0.000000,0.000000
24,-8.000000,0.000000,-6.000000,0.000000,6.000000,-1.000000,0.000000,0.000000
25,3.000000,0.000000,0.000000,1.000000,6.000000,-2.000000,0.000000,0.000000
26,1.000000,-1.000000,0.000000,1.000000,6.000000,-1.000000,3.000000,0.000000
27,0.000000,-1.000000,0.000000,1.000000,6.000000,-1.000000,3.000000,0.000000
28,0.000000,-1.000000,6.000000,1.000000,6.000000,0.000000,3.000000,0.000000
29,0.000000,-1.000000,6.000000,2.000000,0.000000,0.000000,3.000000,0.000000
30,0.000000,-1.000000,6.000000,2.000000,0.000000,-2.000000,3.000000,0.000000
31,0.000000,-1.000000,1.000000,1.000000,0.000000,-2.000000,10.000000,0.000000
32,0.000000,-5.000000,1.000000,1.000000,0.000000,-7.000000,10.000000,0.000000
33,0.000000,-5.000000,1.000000,-1.000000,0.000000,-6.000000,10.000000,0.000000
34,0.000000,-5.000000,-2.000000,-1.000000,0.000000,-6.000000,10.000000,0.000000
35,0.000000,-6.000000,-2.000000,-1.000000,0.000000,2.000000,8.000000,0.000000
36,0.000000,-6.000000,-2.000000,-1.000000,0.000000,2.000000,8.000000,-1.000000
37,0.000000,-6.000000,2.000000,0.000000,-8.000000,2.000000,8.000000,-1.000000
38,0.000000,1.000000,2.000000,0.000000,-8.000000,-2.000000,8.000000,-5.000000
39,-1.000000,1.000000,2.000000,1.000000,-8.000000,0.000000,6.000000,-5.000000
40,0.000000,1.000000,-3.000000,1.000000,-8.000000,0.000000,6.000000,-5.000000
41,0.000000,1.000000,-3.000000,0.000000,-8.000000,0.000000,6.000000,-8.000000
42,0.000000,1.000000,-3.000000,0.000000,-4.000000,0.000000,6.000000,-8.000000
43,0.000000,0.000000,-5.000000,0.000000,-4.000000,0.000000,6.000000,0.000000
44,0.000000,0.000000,-5.000000,0.000000,-4.000000,0.000000,5.000000,0.000000
45,0.000000,0.000000,-5.000000,0.000000,-4.000000,0.000000,5.000000,0.000000
46,0.000000,-6.000000,5.000000,0.000000,0.000000,0.000000,5.000000,2.000000
47,0.000000,-6.000000,5.000000,0.000000,0.000000,0.000000,5.000000,2.000000
48,0.000000,-6.000000,5.000000,0.000000,0.000000,0.000000,4.000000,-6.000000
49,0.000000,-5.000000,1.000000,-1.000000,0.000000,0.000000,4.000000,-6.000000
50,0.000000,-5.000000,1.000000,-1.000000,0.000000,0.000000,4.000000,-6.000000
51,0.000000,-5.000000,1.000000,0.000000,4.000000,-1.000000,4.000000,-5.000000
52,0.000000,2.000000,-4.000000,0.000000,4.000000,-1.000000,4.000000,-5.000000
53,-2.000000,2.000000,-4.000000,-1.000000,4.000000,-1.000000,0.000000,0.000000
54,-2.000000,2.000000,-4.000000,-1.000000,4.000000,0.000000,0.000000,0.000000
55,-2.000000,1.000000,-2.000000,0.000000,5.000000,-2.000000,0.000000,3.000000
56,0.000000,1.000000,-2.000000,0.000000,5.000000,-2.000000,0.000000,3.000000
57,0.000000,1.000000,-2.000000,0.000000,5.000000,-6.000000,-6.000000,3.000000
58,0.000000,-3.000000,3.000000,0.000000,5.000000,0.000000,-6.000000,5.000000
59,-1.000000,-3.000000,3.000000,0.000000,2.000000,0.000000,-6.000000,5.000000
60,-1.000000,-3.000000,3.000000,0.000000,2.000000,2.000000,-6.000000,10.000000
61,0.000000,0.000000,7.000000,1.000000,2.000000,2.000000,-4.000000,10.000000
62,4.000000,0.000000,7.000000,2.000000,2.000000,2.000000,-4.000000,10.000000
63,4.000000,0.000000,7.000000,0.000000,2.000000,3.000000,-4.000000,14.000000
64,4.000000,0.000000,6.000000,-1.000000,3.000000,-2.000000,-4.000000,14.000000
65,-3.000000,0.000000,6.000000,0.000000,3.000000,0.000000,-4.000000,7.000000
66,-3.000000,0.000000,6.000000,0.000000,3.000000,0.000000,1.000000,7.000000
67,-4.000000,-2.000000,4.000000,0.000000,3.000000,1.000000,1.000000,7.000000
68,2.000000,-2.000000,4.000000,0.000000,-1.000000,1.000000,1.000000,-2.000000
69,2.000000,-2.000000,4.000000,-1.000000,-1.000000,1.000000,1.000000,-2.000000
70,1.000000,0.000000,4.000000,0.000000,-1.000000,-1.000000,5.000000,-2.000000
71,0.000000,0.000000,4.000000,1.000000,-1.000000,-10.000000,5.000000,-2.000000
72,0.000000,0.000000,4.000000,-1.000000,-1.000000,-10.000000,5.000000,-2.000000
73,-2.000000,-4.000000,-3.000000,-1.000000,-7.000000,-4.000000,5.000000,1.000000
74,-2.000000,-4.000000,-3.000000,0.000000,-7.000000,5.000000,4.000000,-1.000000
75,-4.000000,-4.000000,5.000000,-1.000000,-7.000000,5.000000,4.000000,-1.000000
76,-4.000000,-7.000000,5.000000,-2.000000,-7.000000,2.000000,4.000000,-3.000000
77,-4.000000,-7.000000,5.000000,-1.000000,-4.000000,0.000000,4.000000,-3.000000
78,0.000000,-7.000000,-1.000000,1.000000,-4.000000,0.000000,4.000000,-2.000000
79,0.000000,0.000000,-1.000000,0.000000,-4.000000,1.000000,0.000000,-2.000000
80,0.000000,0.000000,-1.000000,-2.000000,-4.000000,2.000000,0.000000,-1.000000
81,-3.000000,0.000000,1.000000,0.000000,0.000000,2.000000,0.000000,-1.000000
82,-3.000000,1.000000,1.000000,0.000000,0.000000,1.000000,0.000000,-1.000000
83,-3.000000,1.000000,1.000000,0.000000,0.000000,0.000000,-2.000000,-1.000000
84,-4.000000,1.000000,1.000000,1.000000,0.000000,0.000000,-2.000000,-1.000000
85,-4.000000,-2.000000,1.000000,0.000000,0.000000,1.000000,-2.000000,-1.000000
86,-4.000000,-2.000000,1.000000,-4.000000,5.000000,1.000000,-2.000000,0.000000
87,-4.000000,0.000000,-2.000000,-6.000000,5.000000,1.000000,-2.000000,0.000000
88,-4.000000,0.000000,-2.000000,-1.000000,5.000000,1.000000,-9.000000,0.000000
89,-4.000000,0.000000,-2.000000,0.000000,5.000000,1.000000,-9.000000,0.000000
90,-2.000000,-3.000000,8.000000,0.000000,5.000000,1.000000,-9.000000,-2.000000
91,-2.000000,-3.000000,8.000000,0.000000,5.000000,0.000000,-2.000000,-2.000000
92,-2.000000,-3.000000,8.000000,-1.000000,5.000000,0.000000,-2.000000,-1.000000
93,6.000000,-5.000000,3.000000,-1.000000,5.000000,0.000000,-2.000000,-1.000000
94,6.000000,-5.000000,3.000000,-1.000000,5.000000,0.000000,1.000000,0.000000
95,6.000000,-5.000000,3.000000,1.000000,3.000000,0.000000,1.000000,0.000000
96,9.000000,5.000000,-2.000000,1.000000,3.000000,0.000000,1.000000,0.000000
97,9.000000,5.000000,-2.000000,1.000000,3.000000,0.000000,1.000000,0.000000
98,9.000000,5.000000,-2.000000,-1.000000,3.000000,5.000000,-4.000000,-1.000000
99,-2.000000,5.000000,0.000000,0.000000,4.000000,5.000000,-4.000000,-1.000000
100,-2.000000,5.000000,0.000000,0.000000,4.000000,5.000000,-4.000000,0.000000
101,-2.000000,5.000000,0.000000,1.000000,4.000000,1.000000,0.000000,0.000000
102,-6.000000,0.000000,0.000000,0.000000,4.000000,1.000000,0.000000,0.000000
103,-6.000000,0.000000,0.000000,0.000000,4.000000,1.000000,0.000000,-1.000000
104,-3.000000,0.000000,-2.000000,-1.000000,0.000000,1.000000,0.000000,-1.000000
105,-3.000000,0.000000,-2.000000,-1.000000,-7.000000,-1.000000,-3.000000,-1.000000
106,-3.000000,0.000000,-2.000000,-1.000000,-6.000000,-1.000000,-3.000000,-1.000000
107,-11.000000,0.000000,-6.000000,0.000000,-6.000000,-1.000000,-3.000000,-1.000000
108,-11.000000,1.000000,-6.000000,-6.000000,0.000000,-3.000000,-7.000000,-1.000000
109,-11.000000,1.000000,-6.000000,-6.000000,5.000000,-3.000000,-7.000000,-1.000000
110,-12.000000,1.000000,-3.000000,-6.000000,5.000000,-3.000000,-7.000000,-1.000000
111,-12.000000,0.000000,-3.000000,3.000000,5.000000,-3.000000,-7.000000,0.000000
112,-12.000000,0.000000,-3.000000,2.000000,4.000000,-10.000000,2.000000,0.000000
113,-2.000000,0.000000,-2.000000,2.000000,4.000000,-10.000000,2.000000,-2.000000
114,-2.000000,2.000000,-2.000000,-3.000000,4.000000,-10.000000,2.000000,-2.000000
115,-2.000000,2.000000,-2.000000,-4.000000,2.000000,-3.000000,2.000000,0.000000
116,6.000000,2.000000,-1.000000,-4.000000,2.000000,-3.000000,2.000000,0.000000
117,6.000000,0.000000,-1.000000,3.000000,0.000000,-3.000000,2.000000,1.000000
118,6.000000,0.000000,-1.000000,6.000000,0.000000,4.000000,-4.000000,1.000000
119,9.000000,0.000000,2.000000,6.000000,0.000000,4.000000,-4.000000,2.000000
120,9.000000,-1.000000,2.000000,1.000000,-7.000000,4.000000,-4.000000,2.000000
121,9.000000,-1.000000,2.000000,2.000000,-15.000000,4.000000,-4.000000,0.000000
122,7.000000,-1.000000,6.000000,2.000000,-15.000000,1.000000,-4.000000,0.000000
123,7.000000,0.000000,6.000000,2.000000,-8.000000,1.000000,-4.000000,-2.000000
124,7.000000,0.000000,6.000000,0.000000,2.000000,1.000000,-4.000000,-2.000000
125,3.000000,0.000000,9.000000,0.000000,2.000000,2.000000,-1.000000,0.000000
126,3.000000,1.000000,9.000000,0.000000,0.000000,2.000000,-1.000000,0.000000
127,3.000000,1.000000,9.000000,0.000000,0.000000,2.000000,-1.000000,2.000000
128,-3.000000,1.000000,1.000000,0.000000,4.000000,2.000000,-1.000000,2.000000
129,-3.000000,0.000000,1.000000,0.000000,4.000000,3.000000,-2.000000,0.000000
130,-3.000000,0.000000,1.000000,0.000000,1.000000,3.000000,-2.000000,0.000000
131,0.000000,0.000000,-1.000000,0.000000,-3.000000,3.000000,-2.000000,0.000000
132,0.000000,0.000000,-1.000000,1.000000,-3.000000,1.000000,4.000000,0.000000
133,0.000000,0.000000,-1.000000,1.000000,5.000000,1.000000,4.000000,0.000000
134,5.000000,0.000000,6.000000,1.000000,6.000000,1.000000,4.000000,0.000000
135,5.000000,1.000000,6.000000,1.000000,6.000000,1.000000,4.000000,-1.000000
136,12.000000,-14.000000,3.000000,1.000000,2.000000,2.000000,11.000000,0.000000
137,12.000000,-22.000000,3.000000,1.000000,2.000000,2.000000,11.000000,-1.000000
138,12.000000,3.000000,3.000000,2.000000,2.000000,2.000000,11.000000,-1.000000
139,8.000000,9.000000,0.000000,2.000000,-4.000000,2.000000,8.000000,0.000000
140,8.000000,5.000000,0.000000,2.000000,3.000000,2.000000,8.000000,0.000000
141,8.000000,9.000000,0.000000,2.000000,3.000000,2.000000,8.000000,0.000000
142,-4.000000,13.000000,3.000000,0.000000,0.000000,1.000000,8.000000,1.000000
143,-4.000000,-2.000000,3.000000,0.000000,-7.000000,1.000000,8.000000,0.000000
144,-4.000000,3.000000,3.000000,0.000000,-7.000000,1.000000,8.000000,0.000000
145,-5.000000,28.000000,-1.000000,0.000000,6.000000,1.000000,8.000000,0.000000
146,-5.000000,12.000000,-1.000000,-5.000000,0.000000,1.000000,6.000000,0.000000
147,-5.000000,-22.000000,-1.000000,-5.000000,0.000000,1.000000,6.000000,0.000000
148,1.000000,-21.000000,-3.000000,-5.000000,-6.000000,1.000000,6.000000,-1.000000
149,1.000000,-5.000000,-3.000000,-5.000000,5.000000,0.000000,3.000000,0.000000
150,1.000000,-5.000000,-3.000000,-6.000000,5.000000,0.000000,3.000000,0.000000
151,11.000000,-2.000000,1.000000,-6.000000,17.000000,0.000000,3.000000,0.000000
152,11.000000,-8.000000,1.000000,-6.000000,-2.000000,0.000000,3.000000,-1.000000
153,11.000000,-12.000000,1.000000,-6.000000,-8.000000,0.000000,4.000000,-1.000000
154,4.000000,-12.000000,-2.000000,-2.000000,-12.000000,0.000000,4.000000,2.000000
155,4.000000,-7.000000,-2.000000,-2.000000,-19.000000,0.000000,4.000000,2.000000
156,4.000000,-7.000000,-2.000000,-2.000000,11.000000,1.000000,1.000000,2.000000
157,-11.000000,-7.000000,-2.000000,-2.000000,0.000000,1.000000,1.000000,1.000000
158,-11.000000,-6.000000,-2.000000,-4.000000,20.000000,1.000000,1.000000,0.000000
159,-11.000000,-5.000000,-2.000000,-4.000000,-13.000000,1.000000,1.000000,-1.000000
160,-5.000000,-5.000000,-11.000000,-4.000000,-1.000000,-4.000000,0.000000,-1.000000
161,-5.000000,0.000000,-11.000000,-4.000000,-14.000000,-4.000000,0.000000,0.000000
162,-5.000000,-2.000000,-11.000000,0.000000,-4.000000,-4.000000,0.000000,0.000000
163,-2.000000,-2.000000,-23.000000,0.000000,10.000000,-4.000000,-2.000000,0.000000
164,-2.000000,-20.000000,-23.000000,0.000000,5.000000,-4.000000,-2.000000,0.000000
165,-2.000000,-17.000000,-23.000000,0.000000,-4.000000,-4.000000,-2.000000,-1.000000
166,-1.000000,-17.000000,-4.000000,5.000000,0.000000,-4.000000,-2.000000,-1.000000
167,3.000000,-6.000000,3.000000,5.000000,-1.000000,6.000000,0.000000,-2.000000
168,1.000000,-4.000000,5.000000,5.000000,1.000000,6.000000,0.000000,-1.000000
169,1.000000,-4.000000,5.000000,5.000000,1.000000,6.000000,0.000000,-1.000000
170,-1.000000,10.000000,0.000000,0.000000,14.000000,-9.000000,0.000000,0.000000
171,-2.000000,5.000000,3.000000,0.000000,43.000000,-9.000000,0.000000,1.000000
172,3.000000,5.000000,3.000000,0.000000,43.000000,-9.000000,0.000000,1.000000
173,10.000000,-1.000000,0.000000,0.000000,46.000000,-20.000000,-2.000000,1.000000
174,-8.000000,13.000000,0.000000,2.000000,8.000000,-20.000000,-2.000000,0.000000
175,-3.000000,4.000000,0.000000,2.000000,8.000000,-20.000000,-2.000000,0.000000
176,3.000000,4.000000,1.000000,2.000000,-14.000000,-20.000000,-2.000000,0.000000
177,-3.000000,-9.000000,-7.000000,4.000000,-17.000000,7.000000,-5.000000,0.000000
178,8.000000,26.000000,-7.000000,4.000000,-17.000000,7.000000,-5.000000,0.000000
179,-4.000000,26.000000,-18.000000,4.000000,-17.000000,7.000000,-5.000000,0.000000
180,-2.000000,78.000000,-16.000000,4.000000,-10.000000,3.000000,-4.000000,0.000000
181,0.000000,76.000000,-16.000000,2.000000,-10.000000,3.000000,-4.000000,0.000000
182,-1.000000,76.000000,-3.000000,2.000000,-16.000000,3.000000,-4.000000,-2.000000
183,-4.000000,40.000000,1.000000,2.000000,-20.000000,3.000000,-4.000000,-2.000000
184,-4.000000,9.000000,1.000000,2.000000,-20.000000,1.000000,6.000000,-5.000000
185,-4.000000,9.000000,0.000000,2.000000,7.000000,1.000000,6.000000,-5.000000
186,-9.000000,-14.000000,0.000000,2.000000,25.000000,1.000000,6.000000,-5.000000
187,-9.000000,-11.000000,0.000000,2.000000,25.000000,14.000000,2.000000,-4.000000
188,-9.000000,-11.000000,6.000000,2.000000,6.000000,14.000000,2.000000,-4.000000
189,-4.000000,0.000000,9.000000,0.000000,-8.000000,14.000000,2.000000,-4.000000
190,-3.000000,15.000000,3.000000,0.000000,-4.000000,14.000000,2.000000,-4.000000
191,-3.000000,15.000000,3.000000,0.000000,-4.000000,0.000000,-4.000000,-4.000000
192,7.000000,22.000000,4.000000,0.000000,2.000000,0.000000,-4.000000,-4.000000
193,13.000000,8.000000,4.000000,0.000000,5.000000,0.000000,-4.000000,-1.000000
194,13.000000,8.000000,4.000000,0.000000,5.000000,6.000000,0.000000,-1.000000
195,0.000000,1.000000,-2.000000,0.000000,0.000000,6.000000,0.000000,-1.000000
196,0.000000,-8.000000,-1.000000,0.000000,-6.000000,6.000000,0.000000,0.000000
197,0.000000,-8.000000,-1.000000,-1.000000,-6.000000,6.000000,0.000000,0.000000
198,3.000000,-6.000000,0.000000,-1.000000,-5.000000,-18.000000,-13.000000,0.000000
199,-6.000000,-6.000000,-6.000000,-1.000000,4.000000,-18.000000,-13.000000,1.000000
200,-6.000000,4.000000,-6.000000,-1.000000,4.000000,-18.000000,-10.000000,1.000000
201,-12.000000,4.000000,-10.000000,0.000000,1.000000,-18.000000,-10.000000,1.000000
202,-1.000000,4.000000,-10.000000,0.000000,-6.000000,-14.000000,-10.000000,0.000000
203,-1.000000,9.000000,-10.000000,0.000000,-6.000000,-14.000000,-11.000000,0.000000
204,18.000000,9.000000,-11.000000,0.000000,-5.000000,-14.000000,-11.000000,0.000000
205,20.000000,9.000000,3.000000,0.000000,-14.000000,-14.000000,-11.000000,-1.000000
206,6.000000,6.000000,3.000000,0.000000,-14.000000,-14.000000,-8.000000,-1.000000
207,6.000000,6.000000,13.000000,0.000000,-20.000000,-13.000000,-8.000000,-1.000000
208,0.000000,6.000000,0.000000,0.000000,-23.000000,-13.000000,-8.000000,-1.000000
209,11.000000,16.000000,0.000000,1.000000,-23.000000,-13.000000,-4.000000,-1.000000
210,11.000000,16.000000,-3.000000,1.000000,-2.000000,-13.000000,-4.000000,-1.000000
211,23.000000,16.000000,0.000000,1.000000,31.000000,-13.000000,-4.000000,0.000000
212,5.000000,6.000000,0.000000,1.000000,31.000000,-5.000000,-6.000000,0.000000
213,5.000000,6.000000,-1.000000,2.000000,20.000000,-5.000000,-6.000000,0.000000
214,-5.000000,6.000000,-1.000000,2.000000,17.000000,-5.000000,-6.000000,1.000000
215,-13.000000,-9.000000,-12.000000,2.000000,25.000000,-5.000000,-8.000000,1.000000
216,-13.000000,-9.000000,-12.000000,2.000000,25.000000,-5.000000,-8.000000,1.000000
217,-18.000000,-9.000000,-12.000000,0.000000,-5.000000,-1.000000,-8.000000,0.000000
218,3.000000,-15.000000,-11.000000,0.000000,-26.000000,-1.000000,3.000000,0.000000
219,3.000000,-15.000000,-11.000000,0.000000,-26.000000,-1.000000,3.000000,0.000000
220,17.000000,-15.000000,-11.000000,-1.000000,-27.000000,-1.000000,3.000000,-1.000000
221,13.000000,-30.000000,-4.000000,-1.000000,-26.000000,-1.000000,24.000000,-1.000000
222,13.000000,-30.000000,-4.000000,-1.000000,-26.000000,4.000000,24.000000,-1.000000
223,-2.000000,-30.000000,-4.000000,-1.000000,-18.000000,4.000000,24.000000,1.000000
224,-15.000000,-24.000000,-5.000000,-1.000000,-21.000000,4.000000,31.000000,1.000000
225,-15.000000,-24.000000,-5.000000,-1.000000,-21.000000,4.000000,31.000000,1.000000
226,-11.000000,-24.000000,-5.000000,-1.000000,-10.000000,4.000000,31.000000,0.000000
227,-15.000000,-12.000000,-10.000000,-1.000000,28.000000,0.000000,21.000000,0.000000
228,-15.000000,-12.000000,-10.000000,-4.000000,28.000000,0.000000,21.000000,0.000000
229,-15.000000,-7.000000,-10.000000,-4.000000,28.000000,0.000000,-11.000000,0.000000
230,4.000000,-7.000000,-16.000000,-4.000000,7.000000,0.000000,-11.000000,0.000000
231,15.000000,-7.000000,-16.000000,-4.000000,7.000000,0.000000,-11.000000,0.000000
232,15.000000,-4.000000,-16.000000,-4.000000,15.000000,-5.000000,-42.000000,0.000000
233,4.000000,-4.000000,-8.000000,-4.000000,13.000000,-5.000000,-42.000000,0.000000
234,-14.000000,-4.000000,-8.000000,-4.000000,13.000000,-5.000000,-42.000000,-1.000000
235,-14.000000,-30.000000,-8.000000,-4.000000,6.000000,-5.000000,-43.000000,-1.000000
236,-25.000000,-30.000000,9.000000,-6.000000,7.000000,-5.000000,-43.000000,-1.000000
237,-23.000000,-30.000000,9.000000,-6.000000,5.000000,5.000000,-43.000000,-2.000000
238,-23.000000,-59.000000,9.000000,-6.000000,5.000000,5.000000,-37.000000,-2.000000
239,-2.000000,-59.000000,14.000000,-6.000000,6.000000,5.000000,-37.000000,-2.000000
240,14.000000,-59.000000,14.000000,-8.000000,3.000000,5.000000,-37.000000,0.000000
241,14.000000,-41.000000,14.000000,-8.000000,3.000000,1.000000,-15.000000,0.000000
242,9.000000,-41.000000,13.000000,-8.000000,0.000000,1.000000,-15.000000,0.000000
243,1.000000,-41.000000,13.000000,-8.000000,-1.000000,1.000000,-15.000000,0.000000
244,1.000000,18.000000,13.000000,0.000000,-1.000000,1.000000,17.000000,0.000000
245,0.000000,18.000000,11.000000,0.000000,-4.000000,1.000000,17.000000,0.000000
246,12.000000,18.000000,11.000000,0.000000,0.000000,3.000000,17.000000,2.000000
247,12.000000,66.000000,11.000000,0.000000,0.000000,3.000000,31.000000,2.000000
248,30.000000,66.000000,3.000000,1.000000,-10.000000,3.000000,31.000000,2.000000
249,7.000000,66.000000,3.000000,1.000000,-13.000000,3.000000,31.000000,9.000000
250,7.000000,63.000000,3.000000,1.000000,-13.000000,3.000000,26.000000,9.000000
251,-40.000000,63.000000,0.000000,1.000000,-2.000000,10.000000,26.000000,9.000000
252,-39.000000,63.000000,0.000000,-5.000000,-2.000000,10.000000,26.000000,12.000000
253,-4.000000,27.000000,0.000000,-5.000000,-2.000000,10.000000,24.000000,12.000000
254,-4.000000,27.000000,3.000000,-5.000000,3.000000,10.000000,24.000000,12.000000
255,23.000000,27.000000,3.000000,-5.000000,12.000000,10.000000,24.000000,5.000000
256,30.000000,32.000000,3.000000,-5.000000,12.000000,1.000000,26.000000,5.000000
257,30.000000,32.000000,-3.000000,-5.000000,12.000000,1.000000,26.000000,5.000000
258,13.000000,32.000000,-3.000000,-5.000000,16.000000,1.000000,26.000000,-2.000000
259,3.000000,82.000000,0.000000,-5.000000,16.000000,1.000000,11.000000,-2.000000
260,3.000000,82.000000,0.000000,13.000000,10.000000,1.000000,11.000000,-2.000000
261,-3.000000,82.000000,0.000000,-2.000000,13.000000,6.000000,2.000000,-3.000000
262,-13.000000,82.000000,10.000000,0.000000,-12.000000,6.000000,2.000000,-3.000000
263,-13.000000,82.000000,10.000000,2.000000,-12.000000,6.000000,2.000000,-3.000000
264,-6.000000,38.000000,10.000000,-3.000000,-23.000000,6.000000,2.000000,-2.000000
265,3.000000,38.000000,5.000000,-5.000000,2.000000,6.000000,2.000000,-2.000000
266,3.000000,38.000000,5.000000,-12.000000,2.000000,5.000000,2.000000,-2.000000
267,4.000000,9.000000,5.000000,-7.000000,5.000000,5.000000,12.000000,-3.000000
268,1.000000,9.000000,7.000000,5.000000,-14.000000,5.000000,12.000000,-3.000000
269,1.000000,9.000000,7.000000,7.000000,-14.000000,5.000000,12.000000,-3.000000
270,2.000000,-16.000000,7.000000,8.000000,-6.000000,5.000000,27.000000,-3.000000
271,0.000000,-16.000000,13.000000,0.000000,2.000000,0.000000,27.000000,-3.000000
272,0.000000,-16.000000,13.000000,-4.000000,2.000000,0.000000,27.000000,-3.000000
273,0.000000,-47.000000,13.000000,0.000000,-5.000000,0.000000,14.000000,-4.000000
274,2.000000,-47.000000,20.000000,-1.000000,-21.000000,0.000000,14.000000,-4.000000
275,2.000000,-47.000000,20.000000,0.000000,-21.000000,0.000000,14.000000,-4.000000
276,43.000000,-59.000000,20.000000,-1.000000,-13.000000,3.000000,0.000000,-2.000000
277,42.000000,-59.000000,21.000000,-5.000000,13.000000,3.000000,0.000000,-2.000000
278,32.000000,-59.000000,21.000000,-10.000000,13.000000,3.000000,0.000000,-2.000000
279,32.000000,-53.000000,21.000000,-12.000000,20.000000,3.000000,2.000000,-2.000000
280,3.000000,-53.000000,12.000000,-8.000000,22.000000,1.000000,2.000000,-2.000000
281,-10.000000,-53.000000,12.000000,-1.000000,22.000000,1.000000,2.000000,0.000000
282,-10.000000,-45.000000,12.000000,12.000000,28.000000,1.000000,0.000000,0.000000
283,-12.000000,-45.000000,5.000000,20.000000,41.000000,1.000000,0.000000,0.000000
284,-14.000000,-45.000000,5.000000,16.000000,19.000000,1.000000,0.000000,-1.000000
285,-14.000000,-5.000000,5.000000,11.000000,19.000000,2.000000,-6.000000,-1.000000
286,-9.000000,-5.000000,-11.000000,9.000000,-22.000000,2.000000,-6.000000,-1.000000
287,-10.000000,-5.000000,-11.000000,3.000000,-15.000000,2.000000,-6.000000,0.000000
288,-10.000000,28.000000,-11.000000,-5.000000,-15.000000,2.000000,-18.000000,0.000000
289,-6.000000,28.000000,-30.000000,-6.000000,-14.000000,2.000000,-18.000000,0.000000
290,-4.000000,28.000000,-30.000000,-5.000000,-19.000000,2.000000,-18.000000,1.000000
291,-4.000000,9.000000,-30.000000,1.000000,-19.000000,2.000000,-48.000000,1.000000
292,-7.000000,9.000000,-39.000000,1.000000,-11.000000,2.000000,-48.000000,1.000000
293,-17.000000,9.000000,-39.000000,1.000000,-14.000000,2.000000,-48.000000,0.000000
294,-17.000000,-1.000000,-39.000000,-1.000000,-14.000000,2.000000,-60.000000,0.000000
295,-42.000000,-1.000000,-41.000000,-1.000000,-8.000000,1.000000,-60.000000,0.000000
296,-33.000000,-1.000000,-41.000000,-1.000000,-7.000000,1.000000,-60.000000,0.000000
297,-33.000000,-2.000000,-41.000000,-2.000000,-7.000000,1.000000,-18.000000,0.000000
298,-2.000000,-2.000000,-33.000000,-2.000000,1.000000,1.000000,-18.000000,0.000000
299,-9.000000,-2.000000,-33.000000,-2.000000,18.000000,1.000000,-18.000000,1.000000
300,-28.000000,-2.000000,-33.000000,-2.000000,18.000000,3.000000,-18.000000,1.000000
301,-28.000000,0.000000,-22.000000,2.000000,-1.000000,3.000000,6.000000,1.000000
302,-18.000000,0.000000,-22.000000,2.000000,-12.000000,3.000000,6.000000,0.000000
303,20.000000,0.000000,-22.000000,2.000000,-12.000000,3.000000,6.000000,0.000000
304,20.000000,-3.000000,-2.000000,1.000000,15.000000,3.000000,0.000000,0.000000
305,69.000000,-3.000000,-2.000000,1.000000,15.000000,0.000000,0.000000,0.000000
306,74.000000,-3.000000,-2.000000,1.000000,15.000000,0.000000,0.000000,0.000000
307,74.000000,-3.000000,10.000000,1.000000,7.000000,0.000000,0.000000,0.000000
308,50.000000,-2.000000,11.000000,-1.000000,7.000000,0.000000,9.000000,4.000000
309,31.000000,-2.000000,11.000000,-1.000000,7.000000,0.000000,9.000000,4.000000
310,31.000000,-2.000000,25.000000,-1.000000,7.000000,0.000000,9.000000,4.000000
311,6.000000,-8.000000,25.000000,0.000000,7.000000,0.000000,24.000000,11.000000
312,-17.000000,-8.000000,32.000000,0.000000,7.000000,0.000000,24.000000,11.000000
313,-17.000000,-8.000000,32.000000,0.000000,7.000000,0.000000,24.000000,11.000000
314,-26.000000,-8.000000,19.000000,0.000000,7.000000,0.000000,24.000000,5.000000
315,-11.000000,-15.000000,19.000000,-1.000000,7.000000,0.000000,22.000000,5.000000
316,-11.000000,-15.000000,4.000000,-1.000000,0.000000,0.000000,22.000000,5.000000
317,-7.000000,-15.000000,4.000000,-1.000000,0.000000,0.000000,22.000000,-7.000000
318,-10.000000,-11.000000,-5.000000,-1.000000,0.000000,0.000000,8.000000,-7.000000
319,-10.000000,-11.000000,-5.000000,-1.000000,0.000000,0.000000,8.000000,-7.000000
320,-4.000000,-11.000000,-5.000000,-1.000000,0.000000,0.000000,8.000000,-5.000000
321,-24.000000,-2.000000,-5.000000,-1.000000,-7.000000,0.000000,0.000000,-5.000000
322,-24.000000,-2.000000,-5.000000,-1.000000,-7.000000,0.000000,0.000000,-3.000000
323,-17.000000,-2.000000,-5.000000,-1.000000,-7.000000,0.000000,0.000000,-3.000000
324,12.000000,-2.000000,-5.000000,-1.000000,-7.000000,1.000000,0.000000,-3.000000
325,4.000000,4.000000,-5.000000,-2.000000,-7.000000,1.000000,-4.000000,-4.000000
326,4.000000,4.000000,0.000000,-2.000000,-3.000000,1.000000,-4.000000,-4.000000
327,-5.000000,4.000000,0.000000,-2.000000,-3.000000,1.000000,-4.000000,-4.000000
328,-7.000000,1.000000,3.000000,-1.000000,-3.000000,1.000000,-7.000000,-3.000000
329,-7.000000,1.000000,3.000000,-1.000000,-3.000000,1.000000,-7.000000,-3.000000
330,-6.000000,1.000000,6.000000,-1.000000,-3.000000,1.000000,-7.000000,-3.000000
331,-1.000000,1.000000,6.000000,-1.000000,3.000000,1.000000,-7.000000,-3.000000
332,-1.000000,1.000000,3.000000,0.000000,3.000000,1.000000,-9.000000,-3.000000
333,-1.000000,1.000000,3.000000,0.000000,3.000000,1.000000,-9.000000,-3.000000
334,-2.000000,1.000000,6.000000,0.000000,3.000000,-1.000000,-9.000000,-2.000000
335,-2.000000,5.000000,6.000000,0.000000,3.000000,-1.000000,-17.000000,-2.000000
336,-3.000000,5.000000,9.000000,0.000000,-6.000000,-1.000000,-17.000000,-2.000000
337,0.000000,5.000000,9.000000,0.000000,-6.000000,-1.000000,-17.000000,-1.000000
338,0.000000,5.000000,0.000000,0.000000,-6.000000,-1.000000,-17.000000,-1.000000
339,-5.000000,-3.000000,0.000000,-5.000000,-6.000000,-3.000000,-2.000000,-1.000000
340,-16.000000,-3.000000,1.000000,-5.000000,-6.000000,-3.000000,-2.000000,0.000000
341,-16.000000,-3.000000,1.000000,-5.000000,-2.000000,-3.000000,-2.000000,0.000000
342,-13.000000,-20.000000,7.000000,-2.000000,-2.000000,-3.000000,25.000000,0.000000
343,-1.000000,-20.000000,7.000000,-2.000000,-2.000000,-3.000000,25.000000,0.000000
344,-1.000000,-20.000000,6.000000,-2.000000,-2.000000,-6.000000,25.000000,0.000000
345,5.000000,-20.000000,6.000000,-2.000000,-2.000000,-6.000000,25.000000,0.000000
346,14.000000,-20.000000,3.000000,10.000000,13.000000,-6.000000,24.000000,0.000000
347,25.000000,-20.000000,3.000000,10.000000,13.000000,-6.000000,24.000000,0.000000
348,25.000000,-20.000000,1.000000,10.000000,13.000000,-6.000000,24.000000,0.000000
349,31.000000,-2.000000,1.000000,0.000000,13.000000,-7.000000,0.000000,2.000000
350,22.000000,-2.000000,0.000000,0.000000,12.000000,-7.000000,0.000000,2.000000
351,22.000000,-2.000000,0.000000,0.000000,12.000000,-7.000000,0.000000,2.000000
352,14.000000,0.000000,1.000000,-5.000000,12.000000,-7.000000,-6.000000,0.000000
353,7.000000,0.000000,1.000000,-5.000000,12.000000,-7.000000,-6.000000,0.000000
354,7.000000,0.000000,1.000000,-5.000000,12.000000,0.000000,-6.000000,0.000000
355,2.000000,0.000000,1.000000,-5.000000,11.000000,0.000000,-6.000000,-1.000000
356,2.000000,-3.000000,-3.000000,4.000000,11.000000,0.000000,0.000000,-1.000000
357,2.000000,-3.000000,-3.000000,4.000000,11.000000,0.000000,0.000000,-1.000000
358,-2.000000,-3.000000,-5.000000,4.000000,11.000000,0.000000,0.000000,0.000000
359,-6.000000,1.000000,-5.000000,-1.000000,11.000000,0.000000,3.000000,0.000000
360,-6.000000,1.000000,-4.000000,-1.000000,6.000000,0.000000,3.000000,0.000000
361,-13.000000,1.000000,-4.000000,-1.000000,6.000000,0.000000,3.000000,6.000000
362,-14.000000,1.000000,-6.000000,-1.000000,6.000000,0.000000,3.000000,6.000000
363,-14.000000,-3.000000,-6.000000,0.000000,6.000000,-2.000000,9.000000,6.000000
364,-9.000000,-3.000000,-3.000000,0.000000,6.000000,-2.000000,9.000000,13.000000
365,-11.000000,-3.000000,-3.000000,0.000000,0.000000,-2.000000,9.000000,13.000000
366,-11.000000,1.000000,-5.000000,-2.000000,0.000000,-2.000000,8.000000,13.000000
367,-8.000000,1.000000,-5.000000,-2.000000,0.000000,-2.000000,8.000000,9.000000
368,-8.000000,1.000000,-5.000000,-2.000000,0.000000,-2.000000,8.000000,9.000000
369,-8.000000,1.000000,-5.000000,-2.000000,0.000000,-2.000000,8.000000,9.000000
370,-26.000000,21.000000,4.000000,-8.000000,-2.000000,-2.000000,0.000000,-4.000000
371,-25.000000,21.000000,0.000000,-8.000000,-2.000000,-2.000000,0.000000,-3.000000
372,-19.000000,21.000000,-7.000000,-8.000000,-2.000000,-2.000000,0.000000,-9.000000
373,-19.000000,35.000000,-7.000000,-1.000000,-2.000000,-1.000000,-8.000000,-5.000000
374,2.000000,35.000000,-6.000000,-1.000000,-2.000000,-1.000000,-8.000000,0.000000
375,16.000000,35.000000,-9.000000,-1.000000,-8.000000,0.000000,-8.000000,5.000000
376,16.000000,26.000000,-9.000000,-3.000000,-8.000000,0.000000,-1.000000,16.000000
377,8.000000,26.000000,-10.000000,-3.000000,-8.000000,0.000000,-1.000000,-7.000000
378,3.000000,26.000000,8.000000,-3.000000,-8.000000,0.000000,-1.000000,-2.000000
379,3.000000,26.000000,8.000000,-3.000000,-8.000000,0.000000,-1.000000,0.000000
380,14.000000,3.000000,13.000000,2.000000,1.000000,0.000000,7.000000,-4.000000
381,38.000000,3.000000,4.000000,2.000000,1.000000,0.000000,7.000000,0.000000
382,43.000000,3.000000,3.000000,2.000000,1.000000,0.000000,7.000000,-2.000000
383,43.000000,-5.000000,3.000000,12.000000,1.000000,2.000000,3.000000,-1.000000
384,4.000000,-5.000000,1.000000,12.000000,1.000000,2.000000,3.000000,0.000000
385,-21.000000,-5.000000,3.000000,12.000000,-1.000000,0.000000,3.000000,2.000000
386,-21.000000,-5.000000,3.000000,12.000000,-1.000000,0.000000,3.000000,2.000000
387,-10.000000,0.000000,2.000000,7.000000,-1.000000,0.000000,28.000000,5.000000
388,-1.000000,0.000000,-1.000000,7.000000,-1.000000,-3.000000,28.000000,5.000000
389,-1.000000,0.000000,-1.000000,7.000000,-17.000000,-3.000000,28.000000,7.000000
390,-1.000000,-2.000000,1.000000,2.000000,-17.000000,-1.000000,46.000000,5.000000
391,-3.000000,-2.000000,8.000000,2.000000,-17.000000,-1.000000,46.000000,5.000000
392,-3.000000,-2.000000,8.000000,2.000000,-17.000000,-1.000000,46.000000,-3.000000
393,-2.000000,-2.000000,11.000000,2.000000,-17.000000,-1.000000,46.000000,-4.000000
394,4.000000,4.000000,3.000000,1.000000,-1.000000,-1.000000,8.000000,-4.000000
395,6.000000,4.000000,0.000000,1.000000,-1.000000,-1.000000,8.000000,0.000000
396,6.000000,4.000000,0.000000,1.000000,-1.000000,-1.000000,8.000000,-1.000000
397,-3.000000,24.000000,-4.000000,2.000000,-1.000000,-5.000000,-19.000000,-1.000000
398,-5.000000,24.000000,-2.000000,2.000000,-1.000000,-5.000000,-19.000000,5.000000
399,-5.000000,24.000000,-2.000000,2.000000,9.000000,-5.000000,-19.000000,9.000000
400,-2.000000,24.000000,7.000000,2.000000,9.000000,-7.000000,-19.000000,9.000000
401,-5.000000,11.000000,-2.000000,2.000000,9.000000,-7.000000,28.000000,-1.000000
402,-5.000000,11.000000,-2.000000,2.000000,9.000000,0.000000,28.000000,-1.000000
403,-8.000000,13.000000,-4.000000,2.000000,9.000000,0.000000,27.000000,-1.000000
404,-14.000000,13.000000,2.000000,2.000000,2.000000,0.000000,27.000000,0.000000
405,-7.000000,13.000000,-6.000000,2.000000,2.000000,-3.000000,3.000000,-2.000000
406,-7.000000,13.000000,-6.000000,0.000000,2.000000,-3.000000,3.000000,-2.000000
407,5.000000,13.000000,-5.000000,0.000000,2.000000,-7.000000,3.000000,-2.000000
408,4.000000,13.000000,3.000000,0.000000,2.000000,-7.000000,-13.000000,-2.000000
409,4.000000,2.000000,3.000000,-1.000000,3.000000,-7.000000,-13.000000,-1.000000
410,1.000000,2.000000,5.000000,-1.000000,3.000000,6.000000,-4.000000,-1.000000
411,2.000000,2.000000,1.000000,-1.000000,3.000000,6.000000,-4.000000,-4.000000
412,2.000000,-1.000000,1.000000,0.000000,3.000000,2.000000,-4.000000,-2.000000
413,2.000000,-1.000000,-2.000000,0.000000,3.000000,2.000000,5.000000,-2.000000
414,1.000000,-1.000000,0.000000,0.000000,0.000000,-1.000000,5.000000,0.000000
415,1.000000,1.000000,0.000000,0.000000,0.000000,-1.000000,15.000000,-1.000000
416,-2.000000,1.000000,5.000000,0.000000,0.000000,-1.000000,15.000000,-1.000000
417,-2.000000,1.000000,5.000000,0.000000,0.000000,5.000000,15.000000,0.000000
418,-2.000000,-2.000000,5.000000,0.000000,0.000000,5.000000,3.000000,0.000000
419,-2.000000,-2.000000,5.000000,0.000000,-3.000000,2.000000,3.000000,0.000000
420,0.000000,-2.000000,4.000000,0.000000,-3.000000,2.000000,-12.000000,0.000000
421,0.000000,0.000000,4.000000,0.000000,-3.000000,2.000000,-12.000000,2.000000
422,0.000000,0.000000,4.000000,0.000000,-3.000000,4.000000,5.000000,2.000000
423,0.000000,0.000000,4.000000,0.000000,-3.000000,4.000000,5.000000,1.000000
424,0.000000,0.000000,4.000000,-2.000000,-10.000000,4.000000,5.000000,0.000000
425,-3.000000,0.000000,0.000000,-2.000000,-10.000000,4.000000,16.000000,0.000000
426,-3.000000,0.000000,0.000000,-2.000000,-10.000000,4.000000,16.000000,1.000000
427,-3.000000,-2.000000,0.000000,-4.000000,-10.000000,2.000000,10.000000,4.000000
428,-3.000000,-2.000000,0.000000,-4.000000,-7.000000,2.000000,10.000000,4.000000
429,-3.000000,-2.000000,0.000000,-4.000000,-7.000000,-2.000000,10.000000,0.000000
430,-11.000000,-4.000000,-8.000000,-6.000000,-7.000000,-2.000000,9.000000,-2.000000
431,-11.000000,-4.000000,-8.000000,-6.000000,-7.000000,-2.000000,9.000000,-2.000000
432,-11.000000,-4.000000,-8.000000,-6.000000,-7.000000,4.000000,7.000000,4.000000
433,-11.000000,-10.000000,-8.000000,2.000000,1.000000,4.000000,7.000000,4.000000
434,-11.000000,-10.000000,-8.000000,2.000000,1.000000,4.000000,7.000000,4.000000
435,-10.000000,-10.000000,-10.000000,2.000000,1.000000,-4.000000,1.000000,-6.000000
436,-10.000000,-4.000000,-10.000000,4.000000,1.000000,-4.000000,1.000000,-6.000000
437,-10.000000,-4.000000,-10.000000,4.000000,1.000000,-4.000000,-6.000000,-6.000000
438,-10.000000,-4.000000,-10.000000,4.000000,-9.000000,-2.000000,-6.000000,-4.000000
439,-10.000000,4.000000,-10.000000,-1.000000,-9.000000,-2.000000,-13.000000,-4.000000
440,-3.000000,4.000000,-1.000000,-1.000000,-9.000000,-2.000000,-13.000000,-4.000000
441,-3.000000,4.000000,-1.000000,-1.000000,-9.000000,-2.000000,-13.000000,-4.000000
442,-3.000000,1.000000,-1.000000,3.000000,-9.000000,4.000000,-5.000000,-5.000000
443,-3.000000,1.000000,-1.000000,3.000000,-7.000000,4.000000,-5.000000,-5.000000
444,-3.000000,1.000000,-1.000000,3.000000,-7.000000,4.000000,12.000000,-5.000000
445,-10.000000,3.000000,-8.000000,5.000000,-7.000000,8.000000,12.000000,-4.000000
446,-10.000000,3.000000,-8.000000,5.000000,-7.000000,8.000000,12.000000,-4.000000
447,-10.000000,6.000000,-8.000000,2.000000,-7.000000,8.000000,19.000000,-4.000000
448,-10.000000,6.000000,-8.000000,2.000000,17.000000,8.000000,19.000000,-4.000000
449,-10.000000,6.000000,-8.000000,2.000000,17.000000,9.000000,7.000000,0.000000
450,-5.000000,1.000000,-8.000000,0.000000,17.000000,9.000000,7.000000,0.000000
451,-5.000000,1.000000,-8.000000,0.000000,17.000000,9.000000,7.000000,0.000000
452,-5.000000,1.000000,-8.000000,0.000000,17.000000,9.000000,-11.000000,-2.000000
453,-5.000000,-13.000000,-8.000000,-2.000000,43.000000,9.000000,-11.000000,-2.000000
454,-5.000000,-13.000000,-8.000000,-2.000000,43.000000,9.000000,-19.000000,-2.000000
455,15.000000,-13.000000,2.000000,-2.000000,43.000000,8.000000,-19.000000,-3.000000
456,15.000000,-24.000000,2.000000,-6.000000,43.000000,8.000000,-19.000000,-3.000000
457,15.000000,-24.000000,2.000000,-6.000000,43.000000,8.000000,-29.000000,-3.000000
458,15.000000,-24.000000,2.000000,-6.000000,33.000000,8.000000,-29.000000,-3.000000
459,15.000000,-9.000000,2.000000,-7.000000,33.000000,5.000000,-49.000000,-2.000000
460,14.000000,-9.000000,-9.000000,-7.000000,33.000000,5.000000,-49.000000,-2.000000
461,14.000000,-9.000000,-9.000000,-7.000000,33.000000,5.000000,-49.000000,-2.000000
462,14.000000,-7.000000,-9.000000,-2.000000,33.000000,7.000000,-49.000000,0.000000
463,14.000000,-7.000000,-9.000000,-2.000000,0.000000,7.000000,-49.000000,0.000000
464,14.000000,-7.000000,-9.000000,-2.000000,0.000000,7.000000,-22.000000,0.000000
465,3.000000,-15.000000,-3.000000,-4.000000,4.000000,7.000000,-22.000000,0.000000
466,3.000000,-15.000000,-3.000000,-4.000000,4.000000,11.000000,-3.000000,1.000000
467,3.000000,-15.000000,-3.000000,-4.000000,4.000000,11.000000,-3.000000,1.000000
468,3.000000,0.000000,-3.000000,0.000000,1.000000,11.000000,-3.000000,1.000000
469,-3.000000,0.000000,8.000000,0.000000,1.000000,11.000000,12.000000,3.000000
470,-3.000000,0.000000,8.000000,0.000000,1.000000,11.000000,12.000000,3.000000
471,-3.000000,0.000000,8.000000,1.000000,3.000000,11.000000,45.000000,3.000000
472,-3.000000,0.000000,8.000000,1.000000,3.000000,2.000000,45.000000,8.000000
473,-3.000000,0.000000,8.000000,1.000000,3.000000,2.000000,45.000000,8.000000
474,0.000000,-3.000000,-4.000000,-5.000000,3.000000,2.000000,58.000000,8.000000
475,0.000000,-3.000000,-4.000000,-5.000000,3.000000,2.000000,58.000000,8.000000
476,0.000000,-3.000000,-4.000000,-5.000000,3.000000,-2.000000,35.000000,8.000000
477,0.000000,6.000000,-4.000000,5.000000,5.000000,-2.000000,35.000000,8.000000
478,0.000000,6.000000,-4.000000,5.000000,5.000000,-2.000000,35.000000,8.000000
479,4.000000,6.000000,-4.000000,5.000000,5.000000,-3.000000,-3.000000,4.000000
480,4.000000,1.000000,-4.000000,6.000000,14.000000,-3.000000,15.000000,4.000000
481,4.000000,1.000000,-4.000000,6.000000,14.000000,-3.000000,12.000000,4.000000
482,4.000000,1.000000,-4.000000,6.000000,14.000000,-3.000000,-14.000000,4.000000
483,4.000000,6.000000,-4.000000,1.000000,12.000000,-8.000000,-16.000000,10.000000
484,-3.000000,6.000000,5.000000,1.000000,12.000000,-8.000000,-24.000000,10.000000
485,-3.000000,6.000000,5.000000,1.000000,12.000000,-8.000000,11.000000,10.000000
486,-3.000000,42.000000,5.000000,7.000000,7.000000,1.000000,5.000000,6.000000
487,-3.000000,42.000000,5.000000,7.000000,7.000000,1.000000,-46.000000,6.000000
488,-3.000000,42.000000,5.000000,7.000000,7.000000,1.000000,-7.000000,6.000000
489,-2.000000,87.000000,0.000000,2.000000,8.000000,2.000000,51.000000,-9.000000
490,-2.000000,87.000000,0.000000,2.000000,8.000000,2.000000,19.000000,-9.000000
491,-2.000000,87.000000,0.000000,2.000000,8.000000,2.000000,9.000000,-9.000000
492,-2.000000,74.000000,0.000000,-3.000000,1.000000,2.000000,0.000000,-9.000000
493,-2.000000,74.000000,0.000000,-3.000000,1.000000,-4.000000,-16.000000,-7.000000
494,1.000000,74.000000,-10.000000,-3.000000,1.000000,-4.000000,-31.000000,-7.000000
495,1.000000,1.000000,-10.000000,-13.000000,-8.000000,-4.000000,-48.000000,-7.000000
496,1.000000,0.000000,-10.000000,-13.000000,-8.000000,1.000000,-54.000000,-6.000000
497,1.000000,3.000000,-10.000000,-13.000000,-8.000000,1.000000,-37.000000,-6.000000
498,1.000000,3.000000,-10.000000,-13.000000,-4.000000,1.000000,-37.000000,-6.000000
499,-1.000000,14.000000,-7.000000,-15.000000,-4.000000,1.000000,-26.000000,-6.000000
500,-1.000000,14.000000,-7.000000,-15.000000,-4.000000,-4.000000,-27.000000,-8.000000
501,-1.000000,14.000000,-7.000000,-15.000000,19.000000,-4.000000,-27.000000,-8.000000
502,-1.000000,14.000000,-7.000000,-15.000000,19.000000,-4.000000,8.000000,-8.000000
503,-1.000000,26.000000,-7.000000,-18.000000,19.000000,-3.000000,47.000000,-1.000000
504,0.000000,26.000000,-4.000000,-18.000000,43.000000,-3.000000,47.000000,-1.000000
505,0.000000,26.000000,-4.000000,-18.000000,43.000000,-3.000000,44.000000,-1.000000
506,0.000000,5.000000,-4.000000,-18.000000,43.000000,0.000000,42.000000,3.000000
507,0.000000,-12.000000,-4.000000,-18.000000,19.000000,0.000000,50.000000,3.000000
508,0.000000,-12.000000,-4.000000,-12.000000,19.000000,0.000000,50.000000,3.000000
509,1.000000,-30.000000,0.000000,-12.000000,-15.000000,0.000000,30.000000,3.000000
510,1.000000,-52.000000,0.000000,-12.000000,-15.000000,-10.000000,5.000000,5.000000
511,1.000000,-52.000000,0.000000,-12.000000,-15.000000,-10.000000,5.000000,5.000000
512,1.000000,-30.000000,0.000000,-3.000000,-13.000000,-10.000000,2.000000,5.000000
513,1.000000,16.000000,0.000000,-3.000000,-13.000000,-13.000000,-7.000000,-2.000000
514,0.000000,16.000000,7.000000,-3.000000,-13.000000,-13.000000,-7.000000,-2.000000
515,0.000000,33.000000,7.000000,-3.000000,-13.000000,-13.000000,-6.000000,-2.000000
516,0.000000,39.000000,7.000000,-6.000000,-13.000000,-13.000000,18.000000,-2.000000
517,0.000000,39.000000,7.000000,-6.000000,-13.000000,-8.000000,18.000000,-2.000000
518,0.000000,30.000000,7.000000,-6.000000,-15.000000,-8.000000,12.000000,-2.000000
519,0.000000,3.000000,1.000000,-6.000000,-15.000000,-8.000000,-8.000000,-2.000000
520,0.000000,0.000000,1.000000,-6.000000,-15.000000,-7.000000,-8.000000,0.000000
521,0.000000,0.000000,1.000000,3.000000,-9.000000,-7.000000,-8.000000,0.000000
522,0.000000,0.000000,1.000000,3.000000,-9.000000,-7.000000,3.000000,0.000000
523,2.000000,-9.000000,-2.000000,3.000000,-9.000000,-9.000000,8.000000,-5.000000
524,2.000000,-9.000000,-2.000000,3.000000,-9.000000,-9.000000,8.000000,-5.000000
525,2.000000,-12.000000,-2.000000,11.000000,-9.000000,-9.000000,0.000000,-5.000000
526,2.000000,-11.000000,-2.000000,11.000000,-9.000000,-9.000000,-2.000000,-5.000000
527,2.000000,-11.000000,-2.000000,11.000000,-6.000000,-7.000000,-2.000000,-3.000000
528,5.000000,-7.000000,4.000000,11.000000,-6.000000,-7.000000,-1.000000,-3.000000
529,5.000000,-7.000000,4.000000,7.000000,-6.000000,-7.000000,1.000000,-3.000000
530,5.000000,-5.000000,4.000000,7.000000,-5.000000,-4.000000,-3.000000,0.000000
531,5.000000,-5.000000,4.000000,7.000000,-5.000000,-4.000000,-3.000000,0.000000
532,5.000000,-4.000000,4.000000,7.000000,-5.000000,-4.000000,-16.000000,0.000000
533,10.000000,-2.000000,0.000000,7.000000,-5.000000,-4.000000,-14.000000,0.000000
534,10.000000,-2.000000,0.000000,15.000000,-5.000000,2.000000,-14.000000,-1.000000
535,10.000000,6.000000,0.000000,15.000000,-5.000000,2.000000,-10.000000,-1.000000
536,10.000000,5.000000,0.000000,15.000000,-2.000000,2.000000,-7.000000,-1.000000
537,10.000000,5.000000,0.000000,15.000000,-2.000000,9.000000,-7.000000,0.000000
538,9.000000,3.000000,4.000000,19.000000,-2.000000,9.000000,-2.000000,0.000000
539,9.000000,6.000000,4.000000,19.000000,-2.000000,9.000000,-12.000000,0.000000
540,9.000000,6.000000,4.000000,19.000000,-2.000000,9.000000,-12.000000,0.000000
541,9.000000,9.000000,4.000000,19.000000,-2.000000,1.000000,-9.000000,-8.000000
542,9.000000,9.000000,4.000000,19.000000,1.000000,1.000000,-9.000000,-8.000000
543,0.000000,9.000000,8.000000,16.000000,1.000000,-4.000000,28.000000,-15.000000
544,0.000000,9.000000,8.000000,16.000000,1.000000,-4.000000,28.000000,-15.000000
545,0.000000,9.000000,8.000000,16.000000,3.000000,-4.000000,28.000000,-15.000000
546,0.000000,9.000000,8.000000,16.000000,3.000000,-11.000000,75.000000,-6.000000
547,0.000000,9.000000,8.000000,17.000000,3.000000,-11.000000,75.000000,-6.000000
548,-7.000000,-15.000000,3.000000,17.000000,-3.000000,-11.000000,75.000000,-6.000000
549,-7.000000,-15.000000,3.000000,17.000000,-3.000000,-9.000000,87.000000,0.000000
550,-7.000000,-15.000000,3.000000,17.000000,-3.000000,-9.000000,87.000000,0.000000
551,-7.000000,-15.000000,3.000000,21.000000,-4.000000,-9.000000,87.000000,0.000000
552,-7.000000,-32.000000,3.000000,21.000000,-4.000000,-6.000000,51.000000,0.000000
553,-12.000000,-32.000000,5.000000,21.000000,-4.000000,-6.000000,51.000000,0.000000
554,-12.000000,-32.000000,5.000000,21.000000,9.000000,-6.000000,51.000000,0.000000
555,-12.000000,-32.000000,5.000000,21.000000,9.000000,-7.000000,30.000000,1.000000
556,-12.000000,-38.000000,5.000000,24.000000,9.000000,-7.000000,30.000000,1.000000
557,-12.000000,-38.000000,5.000000,24.000000,17.000000,-7.000000,30.000000,1.000000
558,-19.000000,-38.000000,-2.000000,24.000000,8.000000,-3.000000,16.000000,7.000000
559,-19.000000,-38.000000,-2.000000,24.000000,-3.000000,-3.000000,16.000000,7.000000
560,-19.000000,-39.000000,-2.000000,19.000000,-3.000000,-3.000000,16.000000,7.000000
561,-19.000000,-39.000000,-2.000000,19.000000,-8.000000,-2.000000,5.000000,19.000000
562,-19.000000,-39.000000,-2.000000,19.000000,-11.000000,-2.000000,5.000000,19.000000
563,-12.000000,-39.000000,-9.000000,19.000000,-11.000000,-2.000000,5.000000,19.000000
564,-12.000000,-35.000000,-9.000000,16.000000,-9.000000,-3.000000,-4.000000,22.000000
565,-12.000000,-35.000000,-9.000000,16.000000,-17.000000,-3.000000,-4.000000,22.000000
566,-12.000000,-35.000000,-9.000000,16.000000,-17.000000,-3.000000,-4.000000,22.000000
567,-12.000000,-35.000000,-9.000000,16.000000,-21.000000,-4.000000,-32.000000,17.000000
568,-2.000000,-33.000000,0.000000,16.000000,10.000000,-4.000000,-32.000000,17.000000
569,-2.000000,-33.000000,0.000000,13.000000,10.000000,-4.000000,-32.000000,17.000000
570,-2.000000,-33.000000,0.000000,13.000000,19.000000,-4.000000,-61.000000,7.000000
571,-2.000000,-33.000000,0.000000,13.000000,5.000000,-4.000000,-61.000000,7.000000
572,-2.000000,-33.000000,0.000000,13.000000,5.000000,-4.000000,-61.000000,7.000000
573,-8.000000,-33.000000,5.000000,10.000000,13.000000,4.000000,-54.000000,-1.000000
574,2.000000,-33.000000,3.000000,10.000000,9.000000,4.000000,-54.000000,-1.000000
575,23.000000,-33.000000,2.000000,10.000000,9.000000,4.000000,-54.000000,-1.000000
576,23.000000,-16.000000,2.000000,10.000000,5.000000,7.000000,7.000000,-6.000000
577,29.000000,-16.000000,4.000000,10.000000,3.000000,7.000000,7.000000,-6.000000
578,21.000000,-16.000000,8.000000,6.000000,3.000000,7.000000,7.000000,-6.000000
579,21.000000,-16.000000,8.000000,6.000000,3.000000,-2.000000,54.000000,-13.000000
580,5.000000,-5.000000,18.000000,6.000000,28.000000,-2.000000,54.000000,-13.000000
581,12.000000,-5.000000,10.000000,6.000000,24.000000,-2.000000,54.000000,-13.000000
582,12.000000,-5.000000,10.000000,-9.000000,24.000000,3.000000,32.000000,-15.000000
583,5.000000,3.000000,-3.000000,-9.000000,-20.000000,3.000000,32.000000,-15.000000
584,-25.000000,3.000000,0.000000,-9.000000,-32.000000,3.000000,32.000000,-15.000000
585,-25.000000,3.000000,0.000000,-9.000000,-32.000000,8.000000,6.000000,-7.000000
586,-22.000000,3.000000,-4.000000,-12.000000,-14.000000,8.000000,6.000000,-7.000000
587,-4.000000,24.000000,-12.000000,-12.000000,-9.000000,0.000000,10.000000,-3.000000
588,-4.000000,24.000000,-12.000000,-12.000000,-9.000000,0.000000,10.000000,-3.000000
589,-5.000000,24.000000,-21.000000,-12.000000,-34.000000,0.000000,10.000000,-3.000000
590,0.000000,24.000000,-30.000000,-12.000000,-35.000000,9.000000,6.000000,-6.000000
591,0.000000,21.000000,-30.000000,1.000000,-35.000000,9.000000,6.000000,-6.000000
592,8.000000,21.000000,-22.000000,1.000000,31.000000,9.000000,6.000000,-6.000000
593,-1.000000,21.000000,-14.000000,1.000000,53.000000,13.000000,-11.000000,-3.000000
594,-1.000000,21.000000,-14.000000,1.000000,53.000000,13.000000,-11.000000,-3.000000
595,-12.000000,7.000000,-2.000000,0.000000,17.000000,13.000000,-11.000000,-3.000000
596,-16.000000,7.000000,17.000000,0.000000,6.000000,6.000000,-24.000000,-3.000000
597,-22.000000,7.000000,10.000000,0.000000,6.000000,6.000000,-24.000000,-3.000000
598,-22.000000,7.000000,10.000000,0.000000,-1.000000,6.000000,-24.000000,-3.000000
599,-12.000000,1.000000,1.000000,-2.000000,15.000000,10.000000,-22.000000,0.000000
600,3.000000,1.000000,0.000000,-2.000000,15.000000,10.000000,-22.000000,0.000000
601,3.000000,1.000000,0.000000,-2.000000,14.000000,10.000000,-22.000000,0.000000
602,3.000000,1.000000,-4.000000,-2.000000,-25.000000,3.000000,-12.000000,4.000000
603,-1.000000,-3.000000,-1.000000,-2.000000,-25.000000,3.000000,-12.000000,4.000000
604,-1.000000,-3.000000,-1.000000,0.000000,-9.000000,3.000000,-12.000000,4.000000
605,-2.000000,-3.000000,0.000000,0.000000,0.000000,7.000000,0.000000,2.000000
606,0.000000,-3.000000,6.000000,0.000000,-8.000000,7.000000,0.000000,2.000000
607,0.000000,-10.000000,6.000000,0.000000,-1.000000,7.000000,0.000000,2.000000
608,0.000000,-10.000000,11.000000,0.000000,5.000000,21.000000,11.000000,0.000000
609,-1.000000,-10.000000,3.000000,0.000000,16.000000,21.000000,11.000000,0.000000
610,-1.000000,-10.000000,3.000000,0.000000,15.000000,21.000000,11.000000,0.000000
611,0.000000,-12.000000,6.000000,0.000000,-8.000000,21.000000,21.000000,0.000000
612,-2.000000,-12.000000,1.000000,0.000000,-26.000000,21.000000,21.000000,0.000000
613,-2.000000,-12.000000,1.000000,7.000000,-14.000000,21.000000,21.000000,0.000000
614,-11.000000,-12.000000,-3.000000,7.000000,-1.000000,26.000000,36.000000,-2.000000
615,-10.000000,1.000000,3.000000,7.000000,7.000000,26.000000,36.000000,-2.000000
616,-10.000000,1.000000,3.000000,7.000000,6.000000,26.000000,36.000000,-2.000000
617,3.000000,1.000000,4.000000,0.000000,4.000000,25.000000,55.000000,0.000000
618,24.000000,1.000000,6.000000,0.000000,0.000000,25.000000,55.000000,0.000000
619,24.000000,13.000000,6.000000,0.000000,-1.000000,25.000000,55.000000,0.000000
620,-1.000000,13.000000,0.000000,0.000000,-1.000000,9.000000,60.000000,6.000000
621,-2.000000,13.000000,1.000000,-11.000000,-2.000000,9.000000,60.000000,6.000000
622,-5.000000,13.000000,1.000000,-11.000000,-8.000000,9.000000,60.000000,6.000000
623,0.000000,14.000000,-6.000000,-11.000000,-8.000000,-12.000000,60.000000,12.000000
624,8.000000,14.000000,-6.000000,-11.000000,-12.000000,-12.000000,60.000000,12.000000
625,0.000000,14.000000,-6.000000,-11.000000,-8.000000,-12.000000,60.000000,12.000000
626,4.000000,16.000000,-6.000000,-8.000000,-8.000000,-21.000000,33.000000,7.000000
627,-9.000000,16.000000,0.000000,-8.000000,-3.000000,-21.000000,33.000000,7.000000
628,0.000000,16.000000,0.000000,-8.000000,0.000000,-21.000000,33.000000,7.000000
629,4.000000,16.000000,-1.000000,-8.000000,0.000000,-18.000000,-15.000000,-3.000000
630,0.000000,18.000000,-1.000000,-8.000000,-6.000000,-18.000000,-15.000000,-3.000000
631,-10.000000,18.000000,0.000000,-8.000000,-7.000000,-18.000000,-15.000000,-3.000000
632,-8.000000,18.000000,0.000000,-8.000000,-3.000000,-23.000000,-41.000000,-1.000000
633,-4.000000,18.000000,0.000000,-8.000000,-3.000000,-23.000000,-41.000000,-1.000000
634,0.000000,18.000000,0.000000,-8.000000,-4.000000,-23.000000,-41.000000,-1.000000
635,-1.000000,18.000000,-3.000000,-6.000000,-2.000000,-14.000000,-56.000000,2.000000
636,0.000000,18.000000,-3.000000,-6.000000,-2.000000,-2.000000,-78.000000,2.000000
637,0.000000,18.000000,-1.000000,-6.000000,-1.000000,-2.000000,-74.000000,1.000000
638,0.000000,7.000000,-1.000000,-3.000000,0.000000,9.000000,-74.000000,1.000000
639,0.000000,7.000000,-1.000000,-3.000000,0.000000,9.000000,-43.000000,1.000000
640,2.000000,7.000000,-1.000000,-3.000000,3.000000,5.000000,-5.000000,0.000000
641,2.000000,7.000000,6.000000,0.000000,2.000000,5.000000,-5.000000,0.000000
642,3.000000,2.000000,6.000000,0.000000,2.000000,6.000000,23.000000,0.000000
643,0.000000,2.000000,17.000000,0.000000,3.000000,6.000000,26.000000,-7.000000
644,0.000000,2.000000,17.000000,0.000000,3.000000,-2.000000,26.000000,-7.000000
645,-6.000000,2.000000,14.000000,3.000000,3.000000,-2.000000,20.000000,-7.000000
646,-8.000000,6.000000,14.000000,3.000000,3.000000,-17.000000,19.000000,-7.000000
647,-8.000000,6.000000,11.000000,3.000000,4.000000,-17.000000,19.000000,-7.000000
648,-3.000000,6.000000,11.000000,6.000000,7.000000,-20.000000,16.000000,-7.000000
649,-3.000000,6.000000,15.000000,6.000000,7.000000,-20.000000,19.000000,3.000000
650,-3.000000,2.000000,13.000000,6.000000,14.000000,-7.000000,19.000000,3.000000
651,2.000000,2.000000,13.000000,6.000000,12.000000,-7.000000,16.000000,3.000000
652,6.000000,2.000000,2.000000,14.000000,12.000000,15.000000,10.000000,5.000000
653,6.000000,2.000000,2.000000,14.000000,7.000000,15.000000,10.000000,5.000000
654,-1.000000,3.000000,-5.000000,14.000000,4.000000,11.000000,1.000000,5.000000
655,-5.000000,3.000000,-5.000000,18.000000,-4.000000,11.000000,-11.000000,0.000000
656,-5.000000,3.000000,-16.000000,18.000000,-4.000000,4.000000,-11.000000,0.000000
657,-1.000000,3.000000,-16.000000,18.000000,-3.000000,4.000000,4.000000,0.000000
658,6.000000,1.000000,-33.000000,18.000000,2.000000,11.000000,34.000000,1.000000
659,6.000000,1.000000,-33.000000,21.000000,2.000000,11.000000,26.000000,1.000000
660,6.000000,1.000000,-21.000000,21.000000,0.000000,2.000000,26.000000,1.000000
661,17.000000,1.000000,-21.000000,21.000000,0.000000,2.000000,-12.000000,2.000000
662,41.000000,-1.000000,2.000000,23.000000,0.000000,-4.000000,-36.000000,2.000000
663,41.000000,-1.000000,2.000000,23.000000,2.000000,-4.000000,-36.000000,2.000000
664,30.000000,-1.000000,1.000000,23.000000,6.000000,3.000000,-20.000000,5.000000
665,13.000000,-1.000000,1.000000,15.000000,6.000000,3.000000,0.000000,5.000000
666,13.000000,-5.000000,1.000000,15.000000,3.000000,16.000000,0.000000,5.000000
667,7.000000,-7.000000,1.000000,15.000000,3.000000,16.000000,-2.000000,4.000000
668,-3.000000,3.000000,12.000000,15.000000,22.000000,23.000000,-18.000000,4.000000
669,-3.000000,9.000000,12.000000,6.000000,22.000000,23.000000,-18.000000,4.000000
670,-2.000000,14.000000,21.000000,6.000000,22.000000,18.000000,-20.000000,-1.000000
671,6.000000,15.000000,21.000000,6.000000,28.000000,18.000000,0.000000,-1.000000
672,6.000000,5.000000,35.000000,-2.000000,28.000000,13.000000,0.000000,-1.000000
673,7.000000,4.000000,35.000000,-2.000000,28.000000,13.000000,-3.000000,-1.000000
674,7.000000,5.000000,38.000000,-2.000000,12.000000,3.000000,-22.000000,-1.000000
675,7.000000,2.000000,38.000000,-2.000000,12.000000,3.000000,-22.000000,-1.000000
676,-6.000000,0.000000,17.000000,-3.000000,12.000000,0.000000,30.000000,0.000000
677,-24.000000,-6.000000,17.000000,-3.000000,1.000000,0.000000,83.000000,0.000000
678,-24.000000,-19.000000,-17.000000,-3.000000,1.000000,9.000000,83.000000,0.000000
679,-26.000000,-36.000000,-17.000000,-1.000000,1.000000,9.000000,46.000000,2.000000
680,-24.000000,-55.000000,-42.000000,-1.000000,-4.000000,2.000000,11.000000,2.000000
681,-24.000000,-71.000000,-42.000000,-1.000000,-4.000000,2.000000,11.000000,2.000000
682,-15.000000,-56.000000,0.000000,-1.000000,-4.000000,-11.000000,15.000000,0.000000
683,-15.000000,-12.000000,0.000000,-6.000000,-12.000000,-11.000000,-13.000000,0.000000
684,-6.000000,29.000000,0.000000,-6.000000,-12.000000,-15.000000,-65.000000,-3.000000
685,1.000000,41.000000,2.000000,-6.000000,-12.000000,-15.000000,-47.000000,-3.000000
686,2.000000,19.000000,2.000000,-3.000000,-14.000000,-17.000000,7.000000,-3.000000
687,11.000000,2.000000,2.000000,-3.000000,-14.000000,-17.000000,-6.000000,-1.000000
688,17.000000,-5.000000,-2.000000,-3.000000,-14.000000,-11.000000,-14.000000,-1.000000
689,11.000000,-1.000000,-2.000000,-3.000000,-12.000000,-11.000000,-52.000000,-1.000000
690,4.000000,24.000000,-2.000000,3.000000,-12.000000,-15.000000,47.000000,2.000000
691,-3.000000,30.000000,-2.000000,3.000000,-12.000000,-15.000000,55.000000,2.000000
692,-4.000000,16.000000,-5.000000,3.000000,-33.000000,-24.000000,26.000000,2.000000
693,1.000000,0.000000,-5.000000,7.000000,-33.000000,-24.000000,18.000000,1.000000
694,0.000000,-28.000000,-5.000000,7.000000,-33.000000,-20.000000,-43.000000,1.000000
695,3.000000,-36.000000,-1.000000,7.000000,-36.000000,-20.000000,-15.000000,1.000000
696,8.000000,-40.000000,-1.000000,15.000000,-36.000000,-13.000000,5.000000,0.000000
697,-9.000000,-40.000000,-1.000000,15.000000,-36.000000,-13.000000,6.000000,0.000000
698,-30.000000,79.000000,-1.000000,15.000000,1.000000,-8.000000,19.000000,0.000000
699,-22.000000,29.000000,-8.000000,15.000000,1.000000,1.000000,18.000000,1.000000
700,2.000000,29.000000,-8.000000,17.000000,1.000000,9.000000,4.000000,1.000000
701,20.000000,-14.000000,-8.000000,17.000000,12.000000,8.000000,4.000000,1.000000
702,21.000000,-14.000000,-12.000000,17.000000,12.000000,1.000000,2.000000,0.000000
703,9.000000,-47.000000,-12.000000,6.000000,12.000000,0.000000,19.000000,0.000000
704,-5.000000,-47.000000,-12.000000,6.000000,5.000000,11.000000,19.000000,0.000000
705,-13.000000,-55.000000,0.000000,6.000000,5.000000,8.000000,23.000000,0.000000
706,2.000000,-55.000000,0.000000,6.000000,5.000000,2.000000,4.000000,0.000000
707,30.000000,-57.000000,0.000000,-6.000000,24.000000,7.000000,4.000000,0.000000
708,36.000000,-57.000000,0.000000,-6.000000,24.000000,9.000000,15.000000,1.000000
709,35.000000,-56.000000,6.000000,-6.000000,24.000000,15.000000,22.000000,1.000000
710,20.000000,-56.000000,6.000000,-14.000000,30.000000,9.000000,22.000000,1.000000
711,-20.000000,-35.000000,6.000000,-14.000000,30.000000,-3.000000,-20.000000,0.000000
712,-34.000000,-35.000000,12.000000,-14.000000,14.000000,0.000000,-38.000000,0.000000
713,3.000000,-28.000000,12.000000,-14.000000,14.000000,-1.000000,-38.000000,0.000000
714,-12.000000,-28.000000,12.000000,-26.000000,14.000000,-7.000000,-8.000000,-2.000000
715,-3.000000,-25.000000,12.000000,-26.000000,17.000000,-2.000000,4.000000,-2.000000
716,8.000000,-25.000000,11.000000,-26.000000,17.000000,0.000000,4.000000,-2.000000
717,-9.000000,-11.000000,11.000000,-29.000000,17.000000,1.000000,-11.000000,-2.000000
718,-10.000000,-11.000000,11.000000,-29.000000,28.000000,0.000000,-23.000000,-2.000000
719,-8.000000,-11.000000,4.000000,-29.000000,28.000000,-4.000000,-23.000000,-2.000000
720,-10.000000,-11.000000,4.000000,-23.000000,28.000000,-3.000000,-33.000000,-1.000000
721,-1.000000,-16.000000,4.000000,-23.000000,19.000000,-3.000000,-25.000000,-1.000000
722,-1.000000,-16.000000,1.000000,-23.000000,19.000000,-2.000000,-3.000000,-1.000000
723,-9.000000,-19.000000,1.000000,-23.000000,19.000000,4.000000,-3.000000,-1.000000
724,-5.000000,-19.000000,1.000000,-24.000000,16.000000,13.000000,-9.000000,-1.000000
725,34.000000,-17.000000,1.000000,-24.000000,16.000000,2.000000,-15.000000,-1.000000
726,16.000000,-17.000000,1.000000,-24.000000,16.000000,-13.000000,-15.000000,-7.000000
727,10.000000,-5.000000,1.000000,-18.000000,16.000000,-14.000000,9.000000,-7.000000
728,7.000000,7.000000,1.000000,-18.000000,16.000000,-19.000000,40.000000,-7.000000
729,-3.000000,7.000000,11.000000,-18.000000,16.000000,-12.000000,40.000000,3.000000
730,4.000000,26.000000,11.000000,-18.000000,8.000000,-2.000000,70.000000,0.000000
731,4.000000,26.000000,11.000000,-15.000000,8.000000,-11.000000,70.000000,0.000000
732,11.000000,45.000000,11.000000,-15.000000,8.000000,3.000000,70.000000,1.000000
733,11.000000,45.000000,11.000000,-15.000000,3.000000,9.000000,26.000000,1.000000
734,6.000000,44.000000,11.000000,-25.000000,3.000000,16.000000,2.000000,2.000000
735,6.000000,44.000000,11.000000,-25.000000,3.000000,-10.000000,2.000000,2.000000
736,0.000000,52.000000,-6.000000,-25.000000,-4.000000,12.000000,11.000000,7.000000
737,0.000000,52.000000,-6.000000,-25.000000,-4.000000,49.000000,-6.000000,7.000000
738,-3.000000,56.000000,-6.000000,-34.000000,-4.000000,33.000000,-6.000000,6.000000
739,-3.000000,56.000000,-13.000000,-34.000000,-7.000000,14.000000,-29.000000,6.000000
740,0.000000,38.000000,-13.000000,-34.000000,-7.000000,2.000000,-33.000000,-4.000000
741,0.000000,38.000000,-13.000000,-23.000000,-7.000000,-18.000000,-33.000000,-4.000000
742,-5.000000,32.000000,-13.000000,-23.000000,-3.000000,-38.000000,-35.000000,-1.000000
743,-5.000000,32.000000,-16.000000,-23.000000,-3.000000,-39.000000,-6.000000,-1.000000
744,-10.000000,23.000000,-16.000000,-23.000000,-3.000000,-33.000000,-6.000000,0.000000
745,-10.000000,23.000000,-16.000000,3.000000,-5.000000,-20.000000,14.000000,0.000000
746,-6.000000,-6.000000,-20.000000,-1.000000,-5.000000,-19.000000,16.000000,0.000000
747,-6.000000,-6.000000,-20.000000,-1.000000,-5.000000,-19.000000,16.000000,0.000000
748,-12.000000,-41.000000,-20.000000,-17.000000,-3.000000,-22.000000,34.000000,9.000000
749,-12.000000,-41.000000,-20.000000,-17.000000,-3.000000,-22.000000,34.000000,9.000000
750,-16.000000,-58.000000,-22.000000,0.000000,-3.000000,-19.000000,16.000000,13.000000
751,-16.000000,-58.000000,-22.000000,0.000000,-10.000000,-19.000000,16.000000,13.000000
752,-13.000000,-52.000000,-22.000000,16.000000,-10.000000,-11.000000,-25.000000,2.000000
753,-13.000000,-52.000000,-17.000000,16.000000,-10.000000,-11.000000,-25.000000,2.000000
754,-9.000000,-48.000000,-17.000000,16.000000,-19.000000,0.000000,-41.000000,-8.000000
755,-9.000000,-48.000000,-17.000000,16.000000,-19.000000,0.000000,-41.000000,-8.000000
756,1.000000,-40.000000,-10.000000,7.000000,-19.000000,9.000000,-46.000000,-7.000000
757,1.000000,-40.000000,-10.000000,7.000000,-17.000000,9.000000,-46.000000,-7.000000
758,2.000000,-20.000000,-10.000000,12.000000,-17.000000,16.000000,-36.000000,-4.000000
759,12.000000,-20.000000,-10.000000,12.000000,-17.000000,16.000000,-36.000000,-4.000000
760,12.000000,-64.000000,-13.000000,31.000000,-14.000000,23.000000,-18.000000,-4.000000
761,37.000000,-64.000000,-13.000000,31.000000,-11.000000,23.000000,-18.000000,1.000000
762,37.000000,-52.000000,-13.000000,36.000000,-7.000000,26.000000,-22.000000,1.000000
763,39.000000,-52.000000,-10.000000,36.000000,-7.000000,26.000000,-22.000000,6.000000
764,39.000000,-33.000000,-10.000000,35.000000,-9.000000,28.000000,-11.000000,6.000000
765,17.000000,-33.000000,-10.000000,35.000000,-11.000000,28.000000,-11.000000,5.000000
766,17.000000,-33.000000,-10.000000,28.000000,-11.000000,30.000000,45.000000,5.000000
767,-3.000000,-16.000000,-27.000000,28.000000,-7.000000,30.000000,45.000000,0.000000
768,-3.000000,-16.000000,-27.000000,17.000000,0.000000,27.000000,54.000000,0.000000
769,-6.000000,-12.000000,-27.000000,17.000000,0.000000,27.000000,54.000000,-5.000000
770,-6.000000,-12.000000,-29.000000,19.000000,10.000000,33.000000,13.000000,-5.000000
771,-6.000000,-12.000000,-29.000000,19.000000,9.000000,33.000000,13.000000,-2.000000
772,-6.000000,-11.000000,-29.000000,14.000000,9.000000,25.000000,6.000000,-2.000000
773,-17.000000,-11.000000,13.000000,14.000000,5.000000,25.000000,6.000000,-4.000000
774,-17.000000,-2.000000,13.000000,10.000000,0.000000,10.000000,1.000000,-4.000000
775,-19.000000,-2.000000,13.000000,5.000000,0.000000,-1.000000,15.000000,-2.000000
776,-19.000000,-2.000000,13.000000,5.000000,-10.000000,-1.000000,15.000000,-2.000000
777,-30.000000,17.000000,-1.000000,-3.000000,-7.000000,-20.000000,33.000000,0.000000
778,-30.000000,17.000000,-1.000000,-3.000000,-7.000000,-20.000000,33.000000,0.000000
779,-30.000000,21.000000,-1.000000,0.000000,6.000000,-17.000000,29.000000,-1.000000
780,-30.000000,21.000000,-47.000000,0.000000,15.000000,-17.000000,29.000000,-1.000000
781,-5.000000,27.000000,-47.000000,-4.000000,15.000000,-9.000000,21.000000,-1.000000
782,-5.000000,27.000000,-47.000000,-4.000000,19.000000,-9.000000,21.000000,-1.000000
783,-1.000000,27.000000,-47.000000,-12.000000,10.000000,-17.000000,-15.000000,0.000000
784,-1.000000,32.000000,-44.000000,-12.000000,5.000000,-17.000000,-15.000000,0.000000
785,-4.000000,32.000000,-44.000000,-24.000000,5.000000,-16.000000,-7.000000,0.000000
786,-4.000000,25.000000,-44.000000,-24.000000,18.000000,-16.000000,-7.000000,0.000000
787,-5.000000,25.000000,-46.000000,-45.000000,27.000000,-19.000000,25.000000,0.000000
788,-5.000000,25.000000,-46.000000,-45.000000,27.000000,-19.000000,25.000000,0.000000
789,-14.000000,28.000000,-46.000000,-85.000000,14.000000,-27.000000,7.000000,0.000000
790,-14.000000,28.000000,-46.000000,-85.000000,-8.000000,-27.000000,7.000000,0.000000
791,0.000000,24.000000,-20.000000,-99.000000,-8.000000,-21.000000,-11.000000,2.000000
792,7.000000,24.000000,52.000000,-99.000000,-14.000000,-21.000000,-11.000000,1.000000
793,11.000000,24.000000,92.000000,-45.000000,-8.000000,-16.000000,-26.000000,0.000000
794,8.000000,21.000000,72.000000,-45.000000,-8.000000,-16.000000,-26.000000,0.000000
795,8.000000,21.000000,64.000000,-7.000000,-10.000000,-8.000000,-26.000000,0.000000
796,11.000000,24.000000,59.000000,-7.000000,-20.000000,-8.000000,-26.000000,-2.000000
797,16.000000,24.000000,58.000000,5.000000,-20.000000,5.000000,-40.000000,-1.000000
798,14.000000,24.000000,61.000000,5.000000,-34.000000,5.000000,-40.000000,-1.000000
799,9.000000,22.000000,19.000000,26.000000,-50.000000,4.000000,-57.000000,-1.000000
800,11.000000,22.000000,-17.000000,26.000000,-50.000000,4.000000,-57.000000,1.000000
801,5.000000,21.000000,-23.000000,40.000000,-68.000000,8.000000,-32.000000,8.000000
802,-1.000000,21.000000,-47.000000,40.000000,-49.000000,8.000000,-32.000000,12.000000
803,-2.000000,13.000000,-60.000000,56.000000,-49.000000,16.000000,-52.000000,6.000000
804,-4.000000,13.000000,-72.000000,56.000000,18.000000,16.000000,-52.000000,-2.000000
805,-2.000000,13.000000,-121.000000,52.000000,28.000000,13.000000,-68.000000,-4.000000
806,-9.000000,13.000000,-122.000000,52.000000,28.000000,13.000000,-68.000000,-8.000000
807,-19.000000,13.000000,-47.000000,-26.000000,12.000000,29.000000,83.000000,-16.000000
808,-11.000000,29.000000,24.000000,-38.000000,14.000000,25.000000,-34.000000,-23.000000
809,0.000000,29.000000,79.000000,-47.000000,9.000000,21.000000,-54.000000,-27.000000
810,8.000000,29.000000,92.000000,-47.000000,9.000000,14.000000,43.000000,-13.000000
811,19.000000,26.000000,63.000000,-58.000000,12.000000,0.000000,54.000000,24.000000
812,24.000000,26.000000,58.000000,-54.000000,20.000000,-11.000000,21.000000,44.000000
813,35.000000,12.000000,50.000000,-54.000000,20.000000,-18.000000,20.000000,34.000000
814,24.000000,12.000000,46.000000,-44.000000,11.000000,-20.000000,16.000000,18.000000
815,-5.000000,12.000000,65.000000,-37.000000,4.000000,-26.000000,0.000000,8.000000
816,-3.000000,11.000000,45.000000,-37.000000,4.000000,-24.000000,-7.000000,5.000000
817,8.000000,11.000000,14.000000,-31.000000,-8.000000,-13.000000,0.000000,6.000000
818,14.000000,-14.000000,-9.000000,-30.000000,-53.000000,-13.000000,-5.000000,4.000000
819,11.000000,-14.000000,-56.000000,-30.000000,-53.000000,-12.000000,-4.000000,4.000000
820,-33.000000,-41.000000,-86.000000,-33.000000,-60.000000,-9.000000,-9.000000,4.000000
821,-63.000000,-41.000000,-59.000000,-28.000000,-33.000000,-3.000000,-7.000000,4.000000
822,-63.000000,-41.000000,-59.000000,-28.000000,-33.000000,8.000000,-13.000000,4.000000
823,-1.000000,-28.000000,-8.000000,-15.000000,-32.000000,7.000000,-3.000000,-1.000000
824,8.000000,-28.000000,-5.000000,-12.000000,-12.000000,4.000000,3.000000,-11.000000
825,6.000000,-7.000000,4.000000,-12.000000,-12.000000,9.000000,2.000000,-48.000000
826,6.000000,-7.000000,4.000000,-14.000000,16.000000,9.000000,-20.000000,-92.000000
827,8.000000,-7.000000,0.000000,-2.000000,-7.000000,14.000000,-12.000000,-65.000000
828,16.000000,23.000000,3.000000,-2.000000,-7.000000,20.000000,-2.000000,91.000000
829,16.000000,23.000000,3.000000,39.000000,-27.000000,15.000000,7.000000,140.000000
830,14.000000,86.000000,11.000000,104.000000,-24.000000,24.000000,9.000000,-14.000000
831,5.000000,86.000000,-2.000000,146.000000,-36.000000,44.000000,17.000000,-111.000000
832,5.000000,86.000000,-2.000000,146.000000,-36.000000,45.000000,29.000000,21.000000
833,0.000000,136.000000,-18.000000,158.000000,-9.000000,26.000000,48.000000,57.000000
834,-8.000000,136.000000,-19.000000,152.000000,23.000000,15.000000,34.000000,70.000000
835,-8.000000,149.000000,-19.000000,152.000000,23.000000,3.000000,-17.000000,69.000000
836,-11.000000,149.000000,-34.000000,123.000000,4.000000,-5.000000,-21.000000,-20.000000
837,-10.000000,149.000000,-53.000000,93.000000,-18.000000,1.000000,-75.000000,-52.000000
838,-10.000000,118.000000,-53.000000,93.000000,-18.000000,3.000000,80.000000,-45.000000
839,-14.000000,118.000000,-48.000000,25.000000,-5.000000,3.000000,40.000000,-24.000000
840,-10.000000,60.000000,-49.000000,-55.000000,46.000000,11.000000,40.000000,-24.000000
841,-10.000000,60.000000,-49.000000,-55.000000,46.000000,11.000000,-16.000000,-1.000000
842,6.000000,7.000000,-55.000000,-99.000000,46.000000,12.000000,-16.000000,-1.000000
843,21.000000,7.000000,-41.000000,-133.000000,12.000000,12.000000,-104.000000,1.000000
844,21.000000,7.000000,-41.000000,-133.000000,12.000000,12.000000,-104.000000,1.000000
845,10.000000,-54.000000,-17.000000,-127.000000,-7.000000,1.000000,-185.000000,-31.000000
846,-11.000000,-54.000000,6.000000,-101.000000,-38.000000,1.000000,-185.000000,-31.000000
847,-8.000000,-92.000000,11.000000,-101.000000,-38.000000,-3.000000,-221.000000,-28.000000
848,-8.000000,-92.000000,11.000000,-84.000000,15.000000,-3.000000,-221.000000,-28.000000
849,-6.000000,-92.000000,6.000000,-64.000000,53.000000,-3.000000,-247.000000,-12.000000
850,-14.000000,-86.000000,14.000000,-64.000000,53.000000,0.000000,-247.000000,-12.000000
851,-14.000000,-86.000000,14.000000,-24.000000,7.000000,0.000000,-257.000000,-83.000000
852,2.000000,-68.000000,31.000000,56.000000,3.000000,3.000000,-257.000000,-83.000000
853,14.000000,-68.000000,38.000000,56.000000,3.000000,3.000000,-208.000000,-111.000000
854,14.000000,-68.000000,38.000000,89.000000,51.000000,3.000000,-208.000000,-111.000000
855,-3.000000,-42.000000,39.000000,89.000000,51.000000,1.000000,-120.000000,-42.000000
856,-13.000000,-42.000000,41.000000,89.000000,18.000000,1.000000,-120.000000,-42.000000
857,-13.000000,-10.000000,41.000000,-9.000000,18.000000,1.000000,-1.000000,-36.000000
858,0.000000,-10.000000,28.000000,-9.000000,-23.000000,1.000000,-1.000000,-36.000000
859,3.000000,13.000000,7.000000,-9.000000,-23.000000,4.000000,109.000000,-61.000000
860,3.000000,13.000000,7.000000,-68.000000,-23.000000,4.000000,109.000000,-61.000000
861,3.000000,13.000000,-20.000000,-68.000000,-45.000000,4.000000,190.000000,-34.000000
862,25.000000,22.000000,-46.000000,-68.000000,-45.000000,10.000000,190.000000,-34.000000
863,25.000000,22.000000,-46.000000,-68.000000,-69.000000,10.000000,261.000000,-45.000000
864,21.000000,37.000000,-34.000000,-102.000000,-69.000000,20.000000,261.000000,-45.000000
865,-1.000000,37.000000,-12.000000,-102.000000,-69.000000,20.000000,311.000000,-73.000000
866,-1.000000,37.000000,-12.000000,-102.000000,-90.000000,20.000000,311.000000,-73.000000
867,5.000000,43.000000,-5.000000,-135.000000,-90.000000,17.000000,328.000000,-37.000000
868,0.000000,43.000000,0.000000,-135.000000,-27.000000,17.000000,328.000000,-37.000000
869,0.000000,3.000000,0.000000,-135.000000,-27.000000,13.000000,246.000000,16.000000
870,-13.000000,3.000000,0.000000,-135.000000,-27.000000,13.000000,246.000000,16.000000
871,-13.000000,3.000000,11.000000,-146.000000,49.000000,13.000000,87.000000,56.000000
872,-8.000000,-57.000000,11.000000,-146.000000,49.000000,21.000000,87.000000,56.000000
873,-8.000000,-57.000000,14.000000,-146.000000,46.000000,21.000000,-18.000000,123.000000
874,-8.000000,-102.000000,14.000000,-192.000000,46.000000,8.000000,-18.000000,123.000000
875,-8.000000,-102.000000,15.000000,-192.000000,14.000000,8.000000,-42.000000,209.000000
876,-8.000000,-110.000000,15.000000,-192.000000,14.000000,-3.000000,-42.000000,209.000000
877,-8.000000,-110.000000,27.000000,-243.000000,14.000000,-3.000000,-51.000000,200.000000
878,-8.000000,-110.000000,27.000000,-243.000000,-18.000000,-3.000000,-51.000000,200.000000
879,-4.000000,-80.000000,21.000000,-243.000000,-18.000000,2.000000,-149.000000,97.000000
880,-4.000000,-80.000000,21.000000,-243.000000,-21.000000,2.000000,-149.000000,97.000000
881,-4.000000,-42.000000,13.000000,-293.000000,-21.000000,-2.000000,-235.000000,55.000000
882,-10.000000,-42.000000,13.000000,-293.000000,-21.000000,-2.000000,-235.000000,55.000000
883,-10.000000,-42.000000,7.000000,-293.000000,-9.000000,-2.000000,-140.000000,73.000000
884,-10.000000,-27.000000,7.000000,-305.000000,-9.000000,-11.000000,-140.000000,73.000000
885,-10.000000,-27.000000,5.000000,-305.000000,-8.000000,-11.000000,-16.000000,60.000000
886,-10.000000,-19.000000,5.000000,-305.000000,-8.000000,-7.000000,-16.000000,60.000000
887,0.000000,-19.000000,9.000000,-305.000000,-8.000000,-7.000000,41.000000,17.000000
888,0.000000,-19.000000,9.000000,-237.000000,-20.000000,-7.000000,41.000000,17.000000
889,0.000000,9.000000,6.000000,-237.000000,-20.000000,-3.000000,100.000000,-50.000000
890,0.000000,9.000000,6.000000,-237.000000,-36.000000,-3.000000,100.000000,-50.000000
891,0.000000,20.000000,10.000000,-136.000000,-36.000000,-3.000000,71.000000,-122.000000
892,0.000000,20.000000,10.000000,-136.000000,-14.000000,-3.000000,71.000000,-122.000000
893,0.000000,20.000000,12.000000,-136.000000,-14.000000,-3.000000,-14.000000,-175.000000
894,2.000000,6.000000,12.000000,-6.000000,-14.000000,10.000000,-14.000000,-175.000000
895,2.000000,6.000000,1.000000,-6.000000,15.000000,10.000000,-66.000000,-176.000000
896,1.000000,7.000000,1.000000,-6.000000,15.000000,31.000000,-66.000000,-176.000000
897,1.000000,7.000000,8.000000,-6.000000,63.000000,31.000000,-169.000000,-43.000000
898,1.000000,8.000000,8.000000,127.000000,63.000000,31.000000,-169.000000,-43.000000
899,-3.000000,8.000000,25.000000,127.000000,63.000000,31.000000,-309.000000,64.000000
900,-3.000000,8.000000,24.000000,127.000000,78.000000,31.000000,-309.000000,64.000000
901,-5.000000,6.000000,24.000000,222.000000,78.000000,44.000000,-477.000000,88.000000
902,-5.000000,6.000000,20.000000,222.000000,-10.000000,44.000000,-524.000000,239.000000
903,-5.000000,15.000000,20.000000,222.000000,-10.000000,72.000000,-248.000000,292.000000
904,3.000000,15.000000,21.000000,222.000000,-10.000000,72.000000,-248.000000,292.000000
905,3.000000,15.000000,21.000000,247.000000,-72.000000,72.000000,43.000000,159.000000
906,10.000000,20.000000,16.000000,247.000000,-72.000000,59.000000,200.000000,60.000000
907,10.000000,20.000000,16.000000,247.000000,-93.000000,59.000000,200.000000,60.000000
908,12.000000,19.000000,3.000000,226.000000,-93.000000,18.000000,345.000000,-83.000000
909,12.000000,19.000000,3.000000,226.000000,-93.000000,18.000000,410.000000,-201.000000
910,12.000000,19.000000,-15.000000,226.000000,-72.000000,18.000000,410.000000,-201.000000
911,26.000000,19.000000,-15.000000,181.000000,-72.000000,0.000000,382.000000,-271.000000
912,26.000000,19.000000,-34.000000,181.000000,29.000000,0.000000,245.000000,-349.000000
913,20.000000,16.000000,-34.000000,181.000000,29.000000,0.000000,245.000000,-349.000000
914,20.000000,16.000000,-46.000000,181.000000,49.000000,0.000000,103.000000,-382.000000
915,20.000000,16.000000,-46.000000,112.000000,49.000000,0.000000,34.000000,-445.000000
916,-2.000000,-218.000000,-40.000000,112.000000,49.000000,-17.000000,34.000000,-445.000000
917,-2.000000,-223.000000,-40.000000,112.000000,18.000000,-25.000000,-71.000000,-345.000000
918,-18.000000,-193.000000,-24.000000,94.000000,18.000000,-26.000000,-145.000000,63.000000
919,-18.000000,-193.000000,-24.000000,94.000000,24.000000,-39.000000,-145.000000,63.000000
920,-18.000000,-178.000000,-4.000000,94.000000,24.000000,-47.000000,-130.000000,360.000000
921,-24.000000,-164.000000,-4.000000,94.000000,24.000000,-34.000000,-32.000000,301.000000
922,-24.000000,-164.000000,11.000000,82.000000,13.000000,-16.000000,-32.000000,301.000000
923,-18.000000,-125.000000,11.000000,82.000000,13.000000,1.000000,84.000000,144.000000
924,-18.000000,-87.000000,45.000000,82.000000,15.000000,1.000000,153.000000,-49.000000
925,-18.000000,-87.000000,45.000000,27.000000,15.000000,-18.000000,210.000000,-268.000000
926,-7.000000,-56.000000,101.000000,27.000000,15.000000,-27.000000,210.000000,-268.000000
927,-7.000000,-31.000000,101.000000,27.000000,28.000000,-36.000000,137.000000,-331.000000
928,9.000000,-31.000000,93.000000,14.000000,28.000000,-54.000000,12.000000,-192.000000
929,9.000000,-8.000000,93.000000,14.000000,39.000000,-62.000000,12.000000,-192.000000
930,12.000000,14.000000,42.000000,14.000000,39.000000,-59.000000,33.000000,186.000000
931,12.000000,14.000000,42.000000,14.000000,39.000000,-56.000000,171.000000,491.000000
932,12.000000,32.000000,-24.000000,35.000000,-6.000000,-60.000000,171.000000,491.000000
933,-9.000000,39.000000,-24.000000,35.000000,-6.000000,-62.000000,332.000000,476.000000
934,-9.000000,39.000000,-13.000000,35.000000,-5.000000,-39.000000,381.000000,470.000000
935,-19.000000,39.000000,-13.000000,47.000000,-5.000000,2.000000,381.000000,470.000000
936,-19.000000,43.000000,-13.000000,47.000000,-5.000000,25.000000,345.000000,476.000000
937,-19.000000,43.000000,0.000000,47.000000,-3.000000,30.000000,216.000000,420.000000
938,1.000000,49.000000,0.000000,47.000000,-3.000000,41.000000,216.000000,420.000000
939,1.000000,48.000000,0.000000,32.000000,-3.000000,43.000000,-69.000000,306.000000
940,37.000000,42.000000,5.000000,32.000000,16.000000,53.000000,-364.000000,44.000000
941,37.000000,42.000000,5.000000,32.000000,16.000000,77.000000,-364.000000,44.000000
942,37.000000,39.000000,5.000000,-36.000000,16.000000,93.000000,-623.000000,-155.000000
943,51.000000,36.000000,12.000000,-36.000000,21.000000,100.000000,-689.000000,-259.000000
944,51.000000,36.000000,12.000000,-36.000000,21.000000,83.000000,-689.000000,-259.000000
945,69.000000,33.000000,12.000000,-97.000000,21.000000,60.000000,-444.000000,-294.000000
946,69.000000,32.000000,13.000000,-97.000000,19.000000,39.000000,-250.000000,-134.000000
947,69.000000,32.000000,13.000000,-97.000000,19.000000,39.000000,-250.000000,-134.000000
948,99.000000,26.000000,13.000000,-97.000000,19.000000,-22.000000,88.000000,-97.000000
949,99.000000,20.000000,5.000000,-71.000000,22.000000,0.000000,137.000000,21.000000
950,64.000000,20.000000,5.000000,-71.000000,22.000000,-5.000000,177.000000,-33.000000
951,64.000000,19.000000,5.000000,-71.000000,22.000000,-45.000000,-4.000000,-33.000000
952,117.000000,18.000000,11.000000,-40.000000,16.000000,-55.000000,-116.000000,-167.000000
953,117.000000,18.000000,11.000000,-40.000000,16.000000,-68.000000,-167.000000,-170.000000
954,117.000000,15.000000,11.000000,-40.000000,16.000000,43.000000,-14.000000,-170.000000
955,94.000000,9.000000,28.000000,-40.000000,5.000000,64.000000,224.000000,54.000000
956,94.000000,9.000000,28.000000,-47.000000,5.000000,40.000000,235.000000,187.000000
957,76.000000,-1.000000,28.000000,-47.000000,5.000000,24.000000,138.000000,187.000000
958,76.000000,-1.000000,27.000000,-47.000000,-1.000000,-13.000000,-157.000000,130.000000
959,76.000000,-1.000000,27.000000,-30.000000,-1.000000,-28.000000,-111.000000,38.000000
960,172.000000,8.000000,27.000000,-30.000000,-1.000000,-34.000000,-10.000000,38.000000
961,172.000000,10.000000,25.000000,-30.000000,1.000000,-86.000000,53.000000,-83.000000
962,254.000000,10.000000,25.000000,-30.000000,1.000000,-66.000000,1.000000,-176.000000
963,254.000000,-10.000000,25.000000,-19.000000,1.000000,-13.000000,-59.000000,-176.000000
964,254.000000,-12.000000,29.000000,-29.000000,4.000000,39.000000,-82.000000,-261.000000
965,298.000000,-6.000000,29.000000,-29.000000,4.000000,68.000000,70.000000,-355.000000
966,298.000000,-6.000000,29.000000,-64.000000,4.000000,68.000000,70.000000,-355.000000
967,280.000000,0.000000,13.000000,-64.000000,1.000000,37.000000,151.000000,-457.000000
968,280.000000,20.000000,13.000000,-114.000000,1.000000,13.000000,73.000000,-411.000000
969,225.000000,20.000000,13.000000,-114.000000,1.000000,13.000000,73.000000,-411.000000
970,225.000000,34.000000,6.000000,-120.000000,6.000000,-4.000000,-36.000000,-78.000000
971,225.000000,22.000000,6.000000,-120.000000,6.000000,7.000000,-187.000000,203.000000
972,113.000000,22.000000,6.000000,-112.000000,6.000000,7.000000,-187.000000,305.000000
973,113.000000,22.000000,8.000000,-112.000000,7.000000,12.000000,-252.000000,305.000000
974,28.000000,30.000000,8.000000,-98.000000,7.000000,-75.000000,-211.000000,401.000000
975,28.000000,30.000000,8.000000,-98.000000,7.000000,-75.000000,-211.000000,406.000000
976,28.000000,17.000000,15.000000,-59.000000,0.000000,-107.000000,-137.000000,406.000000
977,26.000000,5.000000,15.000000,-59.000000,0.000000,-47.000000,-35.000000,168.000000
978,26.000000,5.000000,15.000000,-21.000000,0.000000,-47.000000,-35.000000,-191.000000
979,-54.000000,6.000000,33.000000,-21.000000,0.000000,14.000000,15.000000,-191.000000
980,-54.000000,-3.000000,33.000000,-7.000000,0.000000,85.000000,5.000000,-283.000000
981,-54.000000,-3.000000,17.000000,-7.000000,2.000000,85.000000,5.000000,-8.000000
982,-121.000000,-17.000000,17.000000,-26.000000,2.000000,116.000000,-57.000000,-8.000000
983,-121.000000,-20.000000,17.000000,-26.000000,2.000000,111.000000,-115.000000,193.000000
984,-169.000000,-20.000000,-5.000000,-17.000000,3.000000,111.000000,-115.000000,269.000000
985,-169.000000,-29.000000,-5.000000,-17.000000,3.000000,119.000000,-51.000000,269.000000
986,-169.000000,-36.000000,-5.000000,50.000000,3.000000,113.000000,23.000000,325.000000
987,-238.000000,-28.000000,-13.000000,50.000000,13.000000,96.000000,31.000000,218.000000
988,-238.000000,-28.000000,-13.000000,133.000000,13.000000,96.000000,31.000000,218.000000
989,-234.000000,-23.000000,-13.000000,133.000000,13.000000,73.000000,79.000000,114.000000
990,-234.000000,-14.000000,-26.000000,164.000000,13.000000,30.000000,118.000000,30.000000
991,-277.000000,-14.000000,-26.000000,164.000000,13.000000,30.000000,118.000000,30.000000
992,-277.000000,1.000000,-26.000000,132.000000,13.000000,1.000000,106.000000,-76.000000
993,-277.000000,14.000000,-14.000000,132.000000,6.000000,-8.000000,113.000000,-102.000000
994,-295.000000,14.000000,-14.000000,103.000000,6.000000,-8.000000,113.000000,-102.000000
995,-295.000000,21.000000,-14.000000,103.000000,6.000000,-23.000000,110.000000,17.000000
996,-151.000000,12.000000,-1.000000,96.000000,1.000000,-33.000000,92.000000,4.000000
997,-151.000000,12.000000,-1.000000,96.000000,1.000000,-33.000000,92.000000,-10.000000
998,-151.000000,8.000000,-1.000000,83.000000,1.000000,-48.000000,80.000000,-10.000000
999,38.000000,19.000000,0.000000,83.000000,-6.000000,-81.000000,48.000000,-7.000000
1000,38.000000,19.000000,0.000000,74.000000,-6.000000,-81.000000,48.000000,3.000000
1001,143.000000,16.000000,0.000000,74.000000,-6.000000,-117.000000,30.000000,3.000000
1002,143.000000,10.000000,3.000000,70.000000,0.000000,-142.000000,30.000000,4.000000
1003,143.000000,10.000000,3.000000,70.000000,0.000000,-142.000000,30.000000,11.000000
1004,77.000000,7.000000,3.000000,49.000000,0.000000,-147.000000,28.000000,11.000000
1005,77.000000,1.000000,-15.000000,49.000000,4.000000,-123.000000,23.000000,25.000000
1006,15.000000,1.000000,-15.000000,28.000000,4.000000,-123.000000,23.000000,19.000000
1007,15.000000,-1.000000,-15.000000,28.000000,4.000000,-80.000000,10.000000,0.000000
1008,35.000000,-9.000000,-33.000000,16.000000,-3.000000,-47.000000,-2.000000,0.000000
1009,35.000000,-9.000000,-33.000000,16.000000,-3.000000,-47.000000,-2.000000,-5.000000
1010,35.000000,-7.000000,-33.000000,-13.000000,-3.000000,-30.000000,-11.000000,-1.000000
1011,-10.000000,-14.000000,-32.000000,-13.000000,3.000000,-33.000000,-11.000000,-1.000000
1012,-10.000000,-24.000000,-32.000000,-49.000000,3.000000,-43.000000,-17.000000,-5.000000
1013,95.000000,-31.000000,-32.000000,-49.000000,3.000000,-44.000000,-18.000000,-3.000000
1014,95.000000,-26.000000,-24.000000,-61.000000,5.000000,-37.000000,-14.000000,-3.000000
1015,95.000000,-18.000000,-24.000000,-61.000000,5.000000,-13.000000,-22.000000,5.000000
1016,277.000000,-20.000000,-24.000000,-56.000000,5.000000,24.000000,-22.000000,10.000000
1017,277.000000,-20.000000,-3.000000,-56.000000,2.000000,61.000000,-14.000000,10.000000
1018,269.000000,-9.000000,-3.000000,-41.000000,2.000000,69.000000,-14.000000,12.000000
1019,269.000000,-9.000000,-3.000000,-41.000000,2.000000,49.000000,-9.000000,7.000000
1020,269.000000,-10.000000,17.000000,-25.000000,11.000000,45.000000,0.000000,-2.000000
1021,222.000000,13.000000,17.000000,-25.000000,11.000000,48.000000,-7.000000,-2.000000
1022,222.000000,30.000000,17.000000,-10.000000,11.000000,36.000000,-26.000000,-12.000000
1023,84.000000,37.000000,31.000000,-10.000000,8.000000,34.000000,-22.000000,-12.000000
1024,84.000000,48.000000,31.000000,-8.000000,8.000000,42.000000,0.000000,-12.000000
1025,84.000000,44.000000,31.000000,-8.000000,8.000000,47.000000,12.000000,-7.000000
1026,-15.000000,22.000000,-1.000000,-14.000000,-4.000000,52.000000,19.000000,-10.000000
1027,-15.000000,2.000000,-1.000000,-2.000000,-9.000000,49.000000,2.000000,-10.000000
1028,-15.000000,-4.000000,-1.000000,0.000000,-18.000000,42.000000,-36.000000,-12.000000
1029,-14.000000,2.000000,-8.000000,-8.000000,-15.000000,37.000000,-60.000000,-11.000000
1030,-14.000000,13.000000,-8.000000,-9.000000,-5.000000,25.000000,-56.000000,-7.000000
1031,-14.000000,14.000000,-8.000000,-15.000000,1.000000,19.000000,-4.000000,-7.000000
1032,-13.000000,0.000000,-6.000000,-14.000000,-1.000000,30.000000,38.000000,-6.000000
1033,-13.000000,-4.000000,-6.000000,-8.000000,-15.000000,35.000000,-3.000000,-1.000000
1034,-13.000000,2.000000,-6.000000,-9.000000,-15.000000,36.000000,-70.000000,-1.000000
1035,-13.000000,-4.000000,-6.000000,-1.000000,-8.000000,34.000000,-66.000000,1.000000
1036,-9.000000,-6.000000,0.000000,3.000000,-6.000000,24.000000,-25.000000,-3.000000
1037,-9.000000,-22.000000,0.000000,0.000000,3.000000,20.000000,-22.000000,-3.000000
1038,-9.000000,-61.000000,0.000000,9.000000,9.000000,10.000000,-11.000000,1.000000
1039,-8.000000,-60.000000,3.000000,9.000000,0.000000,1.000000,5.000000,8.000000
1040,-8.000000,-44.000000,3.000000,2.000000,-2.000000,-5.000000,-10.000000,8.000000
1041,-8.000000,26.000000,3.000000,7.000000,26.000000,-14.000000,-8.000000,7.000000
1042,-8.000000,87.000000,3.000000,6.000000,58.000000,-14.000000,-8.000000,1.000000
1043,-7.000000,104.000000,0.000000,4.000000,44.000000,-14.000000,-8.000000,4.000000
1044,-7.000000,123.000000,0.000000,0.000000,7.000000,-12.000000,-8.000000,4.000000
1045,-7.000000,-22.000000,0.000000,-8.000000,-18.000000,-12.000000,1.000000,8.000000
1046,2.000000,0.000000,-3.000000,-6.000000,-36.000000,-12.000000,1.000000,-9.000000
1047,2.000000,-79.000000,-3.000000,3.000000,-42.000000,-10.000000,1.000000,-9.000000
1048,2.000000,-130.000000,-3.000000,6.000000,-55.000000,-10.000000,1.000000,-10.000000
1049,1.000000,-105.000000,-3.000000,-1.000000,-86.000000,-10.000000,1.000000,2.000000
1050,1.000000,-51.000000,-3.000000,2.000000,-107.000000,-10.000000,-1.000000,2.000000
1051,1.000000,-63.000000,-3.000000,12.000000,-91.000000,-8.000000,-1.000000,0.000000
1052,1.000000,-38.000000,-3.000000,8.000000,-11.000000,-8.000000,-1.000000,1.000000
1053,-3.000000,66.000000,2.000000,5.000000,75.000000,-8.000000,-1.000000,1.000000
1054,-3.000000,223.000000,2.000000,7.000000,84.000000,-9.000000,-1.000000,3.000000
1055,-3.000000,285.000000,2.000000,2.000000,62.000000,-9.000000,-3.000000,-1.000000
1056,-7.000000,228.000000,5.000000,0.000000,69.000000,-9.000000,-3.000000,-1.000000
1057,-7.000000,75.000000,5.000000,9.000000,-4.000000,-9.000000,-3.000000,-1.000000
1058,-7.000000,-104.000000,5.000000,20.000000,-38.000000,-8.000000,-3.000000,-4.000000
1059,-7.000000,-203.000000,5.000000,10.000000,-36.000000,-8.000000,-3.000000,-4.000000
1060,-21.000000,-203.000000,-4.000000,10.000000,74.000000,-8.000000,9.000000,-6.000000
1061,-21.000000,-212.000000,-4.000000,-1.000000,126.000000,-21.000000,9.000000,5.000000
1062,-21.000000,-198.000000,-4.000000,5.000000,-2.000000,-21.000000,9.000000,5.000000
1063,-14.000000,-198.000000,-7.000000,5.000000,-118.000000,-21.000000,9.000000,6.000000
1064,-14.000000,-188.000000,-7.000000,6.000000,-206.000000,-21.000000,9.000000,2.000000
1065,-14.000000,-168.000000,-7.000000,-6.000000,-73.000000,-17.000000,7.000000,5.000000
1066,0.000000,-168.000000,2.000000,-6.000000,122.000000,-17.000000,7.000000,5.000000
1067,0.000000,-131.000000,2.000000,-6.000000,89.000000,-17.000000,7.000000,3.000000
1068,0.000000,-103.000000,2.000000,-5.000000,46.000000,16.000000,7.000000,-1.000000
1069,0.000000,-103.000000,2.000000,-5.000000,8.000000,16.000000,7.000000,-1.000000
1070,-9.000000,-85.000000,2.000000,-7.000000,2.000000,16.000000,-2.000000,0.000000
1071,-9.000000,-56.000000,2.000000,-2.000000,11.000000,11.000000,-2.000000,3.000000
1072,-9.000000,-56.000000,2.000000,-2.000000,0.000000,11.000000,-2.000000,3.000000
1073,-21.000000,-8.000000,-1.000000,-5.000000,-12.000000,11.000000,-2.000000,4.000000
1074,-21.000000,47.000000,-1.000000,-5.000000,-23.000000,11.000000,-2.000000,3.000000
1075,-21.000000,47.000000,-1.000000,-5.000000,-15.000000,-7.000000,-4.000000,3.000000
1076,-21.000000,85.000000,-1.000000,0.000000,-15.000000,-7.000000,-4.000000,1.000000
1077,-18.000000,102.000000,0.000000,-2.000000,0.000000,-7.000000,-4.000000,0.000000
1078,-18.000000,102.000000,0.000000,-2.000000,22.000000,16.000000,-4.000000,0.000000
1079,-18.000000,117.000000,0.000000,-7.000000,22.000000,16.000000,-4.000000,0.000000
1080,-16.000000,132.000000,-6.000000,-17.000000,21.000000,16.000000,-6.000000,2.000000
1081,-16.000000,113.000000,-6.000000,-9.000000,-11.000000,16.000000,-6.000000,2.000000
1082,-16.000000,113.000000,-6.000000,-9.000000,-11.000000,29.000000,-6.000000,2.000000
1083,-15.000000,46.000000,-5.000000,6.000000,-32.000000,29.000000,-6.000000,5.000000
1084,-15.000000,-11.000000,-5.000000,7.000000,-40.000000,29.000000,-6.000000,5.000000
1085,-15.000000,-11.000000,-5.000000,7.000000,-40.000000,18.000000,-14.000000,5.000000
1086,-15.000000,-34.000000,-5.000000,10.000000,-38.000000,18.000000,-14.000000,1.000000
1087,-12.000000,-30.000000,-3.000000,3.000000,-37.000000,18.000000,-14.000000,1.000000
1088,-12.000000,-30.000000,-3.000000,3.000000,-37.000000,18.000000,-14.000000,-1.000000
1089,-12.000000,2.000000,-3.000000,-15.000000,-39.000000,16.000000,-14.000000,-1.000000
1090,-12.000000,15.000000,-7.000000,-11.000000,-50.000000,16.000000,-6.000000,-1.000000
1091,-12.000000,15.000000,-7.000000,-11.000000,-50.000000,16.000000,-6.000000,-1.000000
1092,-12.000000,8.000000,-7.000000,4.000000,-51.000000,4.000000,-6.000000,0.000000
1093,-12.000000,5.000000,-7.000000,-2.000000,23.000000,4.000000,-6.000000,0.000000
1094,-10.000000,5.000000,-8.000000,-2.000000,23.000000,4.000000,15.000000,0.000000
1095,-10.000000,10.000000,-8.000000,-14.000000,91.000000,4.000000,15.000000,0.000000
1096,-10.000000,15.000000,-8.000000,-6.000000,70.000000,3.000000,15.000000,-1.000000
1097,-9.000000,15.000000,-15.000000,-6.000000,51.000000,3.000000,15.000000,-1.000000
1098,-9.000000,0.000000,-15.000000,-3.000000,51.000000,3.000000,15.000000,-1.000000
1099,-9.000000,-5.000000,-15.000000,-20.000000,37.000000,18.000000,14.000000,-1.000000
1100,-7.000000,-5.000000,-13.000000,-20.000000,7.000000,18.000000,14.000000,-1.000000
1101,-7.000000,-5.000000,-13.000000,-23.000000,7.000000,18.000000,14.000000,5.000000
1102,-7.000000,0.000000,-13.000000,-11.000000,16.000000,13.000000,14.000000,5.000000
1103,-7.000000,0.000000,-13.000000,-11.000000,21.000000,13.000000,14.000000,5.000000
1104,-5.000000,-21.000000,-9.000000,0.000000,21.000000,13.000000,-11.000000,5.000000
1105,-5.000000,-21.000000,-9.000000,4.000000,1.000000,13.000000,-11.000000,1.000000
1106,-5.000000,12.000000,-9.000000,4.000000,-4.000000,0.000000,-11.000000,1.000000
1107,-4.000000,12.000000,-12.000000,4.000000,-4.000000,0.000000,-11.000000,1.000000
1108,-4.000000,12.000000,-12.000000,4.000000,-15.000000,0.000000,-11.000000,1.000000
1109,-4.000000,36.000000,-12.000000,6.000000,-24.000000,16.000000,-5.000000,1.000000
1110,-4.000000,36.000000,-12.000000,6.000000,-24.000000,16.000000,-5.000000,-2.000000
1111,-1.000000,36.000000,-7.000000,18.000000,-12.000000,16.000000,-5.000000,-2.000000
1112,-1.000000,33.000000,-7.000000,24.000000,-2.000000,16.000000,-5.000000,-2.000000
1113,-1.000000,33.000000,-7.000000,24.000000,-2.000000,44.000000,-5.000000,-2.000000
1114,-1.000000,33.000000,-8.000000,23.000000,-5.000000,44.000000,24.000000,-3.000000
1115,-1.000000,14.000000,-8.000000,22.000000,-8.000000,44.000000,24.000000,-3.000000
1116,-1.000000,14.000000,-8.000000,22.000000,-8.000000,20.000000,24.000000,-3.000000
1117,-1.000000,14.000000,-10.000000,17.000000,-6.000000,20.000000,24.000000,-3.000000
1118,-1.000000,13.000000,-10.000000,14.000000,-26.000000,20.000000,24.000000,-6.000000
1119,-1.000000,13.000000,-10.000000,14.000000,-26.000000,20.000000,21.000000,-6.000000
1120,-1.000000,13.000000,-10.000000,11.000000,19.000000,-27.000000,21.000000,-6.000000
1121,-1.000000,23.000000,-4.000000,10.000000,19.000000,-27.000000,21.000000,-6.000000
1122,-1.000000,23.000000,-4.000000,10.000000,10.000000,-27.000000,21.000000,-6.000000
1123,-1.000000,23.000000,-4.000000,16.000000,10.000000,-31.000000,21.000000,-6.000000
1124,0.000000,27.000000,-5.000000,15.000000,10.000000,-31.000000,4.000000,-6.000000
1125,0.000000,27.000000,-5.000000,15.000000,-3.000000,-31.000000,4.000000,-6.000000
1126,0.000000,27.000000,-5.000000,5.000000,-3.000000,-3.000000,4.000000,-6.000000
1127,0.000000,37.000000,-5.000000,2.000000,-3.000000,-3.000000,4.000000,-8.000000
1128,2.000000,37.000000,-3.000000,7.000000,-18.000000,-3.000000,4.000000,-8.000000
1129,2.000000,37.000000,-3.000000,7.000000,-18.000000,-3.000000,-15.000000,-8.000000
1130,2.000000,46.000000,-3.000000,16.000000,-18.000000,26.000000,-15.000000,-8.000000
1131,7.000000,46.000000,4.000000,20.000000,-12.000000,26.000000,-15.000000,-8.000000
1132,7.000000,46.000000,4.000000,20.000000,-12.000000,26.000000,-15.000000,0.000000
1133,7.000000,27.000000,4.000000,-3.000000,-12.000000,14.000000,-15.000000,0.000000
1134,7.000000,27.000000,4.000000,-37.000000,-14.000000,14.000000,-15.000000,0.000000
1135,10.000000,27.000000,10.000000,-37.000000,-14.000000,14.000000,-15.000000,0.000000
1136,3.000000,-9.000000,7.000000,-55.000000,-14.000000,14.000000,-15.000000,6.000000
1137,0.000000,-9.000000,7.000000,-47.000000,-15.000000,-10.000000,-15.000000,6.000000
1138,0.000000,-9.000000,6.000000,-47.000000,-15.000000,-10.000000,-15.000000,6.000000
1139,0.000000,-23.000000,5.000000,-32.000000,-15.000000,-10.000000,5.000000,6.000000
1140,0.000000,-23.000000,2.000000,-22.000000,5.000000,-3.000000,5.000000,6.000000
1141,3.000000,-23.000000,1.000000,-22.000000,5.000000,-3.000000,5.000000,6.000000
1142,2.000000,-20.000000,2.000000,-14.000000,5.000000,-3.000000,5.000000,6.000000
1143,1.000000,-20.000000,2.000000,-25.000000,2.000000,-3.000000,5.000000,6.000000
1144,3.000000,-20.000000,-2.000000,-25.000000,2.000000,-1.000000,5.000000,6.000000
1145,-2.000000,-11.000000,-4.000000,-21.000000,2.000000,-1.000000,5.000000,13.000000
1146,-3.000000,-11.000000,5.000000,0.000000,-10.000000,-1.000000,5.000000,13.000000
1147,8.000000,-11.000000,7.000000,0.000000,-10.000000,6.000000,5.000000,13.000000
1148,6.000000,-13.000000,-4.000000,0.000000,-10.000000,6.000000,-6.000000,13.000000
1149,3.000000,-13.000000,-8.000000,-5.000000,-7.000000,6.000000,-6.000000,4.000000
1150,16.000000,-29.000000,-8.000000,-5.000000,-7.000000,6.000000,-6.000000,4.000000
1151,15.000000,-29.000000,0.000000,11.000000,-10.000000,6.000000,-6.000000,4.000000
1152,6.000000,-29.000000,4.000000,0.000000,-10.000000,-31.000000,-6.000000,4.000000
1153,6.000000,-28.000000,-3.000000,0.000000,-10.000000,-58.000000,-20.000000,4.000000
1154,10.000000,-28.000000,-3.000000,0.000000,-17.000000,-58.000000,-20.000000,-3.000000
1155,13.000000,-28.000000,0.000000,-8.000000,-17.000000,-46.000000,-20.000000,-3.000000
1156,0.000000,-15.000000,1.000000,-16.000000,-17.000000,-23.000000,-20.000000,-3.000000
1157,-12.000000,-15.000000,11.000000,-16.000000,-16.000000,-23.000000,-20.000000,-3.000000
1158,-7.000000,-15.000000,10.000000,-27.000000,-16.000000,0.000000,-7.000000,-1.000000
1159,-4.000000,-8.000000,3.000000,-12.000000,-16.000000,27.000000,-7.000000,-1.000000
1160,4.000000,-8.000000,2.000000,-12.000000,-16.000000,27.000000,-7.000000,-1.000000
1161,19.000000,-8.000000,-6.000000,0.000000,-16.000000,30.000000,-7.000000,-1.000000
1162,22.000000,-7.000000,-1.000000,-5.000000,-16.000000,15.000000,-7.000000,-5.000000
1163,17.000000,-7.000000,10.000000,-5.000000,-15.000000,15.000000,16.000000,-5.000000
1164,8.000000,-7.000000,6.000000,15.000000,-15.000000,13.000000,16.000000,-5.000000
1165,0.000000,-6.000000,4.000000,18.000000,-15.000000,13.000000,16.000000,-5.000000
1166,26.000000,-6.000000,-9.000000,18.000000,-6.000000,13.000000,16.000000,-5.000000
1167,-1.000000,-6.000000,-5.000000,11.000000,-6.000000,2.000000,16.000000,-3.000000
1168,-9.000000,2.000000,-5.000000,11.000000,-6.000000,0.000000,37.000000,-3.000000
1169,-3.000000,2.000000,-5.000000,11.000000,-6.000000,0.000000,37.000000,-3.000000
1170,-19.000000,2.000000,-4.000000,-18.000000,-6.000000,0.000000,37.000000,-3.000000
1171,0.000000,5.000000,-1.000000,-34.000000,-6.000000,-3.000000,37.000000,0.000000
1172,-1.000000,5.000000,-1.000000,-34.000000,-4.000000,-3.000000,37.000000,0.000000
1173,12.000000,5.000000,-3.000000,-14.000000,-4.000000,20.000000,58.000000,0.000000
1174,-2.000000,-3.000000,-3.000000,-1.000000,-4.000000,38.000000,58.000000,0.000000
1175,8.000000,-3.000000,-3.000000,-12.000000,2.000000,15.000000,58.000000,0.000000
1176,-1.000000,-3.000000,-1.000000,-12.000000,2.000000,15.000000,58.000000,-2.000000
1177,5.000000,-11.000000,0.000000,-13.000000,2.000000,-10.000000,58.000000,-2.000000
1178,-7.000000,-11.000000,0.000000,9.000000,-6.000000,-23.000000,24.000000,-2.000000
1179,-8.000000,-11.000000,0.000000,9.000000,-6.000000,-23.000000,24.000000,-2.000000
1180,-10.000000,-22.000000,-2.000000,21.000000,-6.000000,-16.000000,24.000000,1.000000
1181,-8.000000,-22.000000,-2.000000,15.000000,-1.000000,-12.000000,24.000000,1.000000
1182,-6.000000,-22.000000,-1.000000,15.000000,-1.000000,-12.000000,24.000000,1.000000
1183,-2.000000,-33.000000,1.000000,1.000000,16.000000,-24.000000,-23.000000,1.000000
1184,-1.000000,-33.000000,1.000000,-10.000000,16.000000,-18.000000,-23.000000,1.000000
1185,-1.000000,-33.000000,6.000000,-10.000000,16.000000,-18.000000,-23.000000,1.000000
1186,2.000000,-30.000000,15.000000,3.000000,10.000000,3.000000,-23.000000,1.000000
1187,4.000000,-30.000000,15.000000,22.000000,10.000000,26.000000,-23.000000,1.000000
1188,4.000000,-30.000000,14.000000,22.000000,10.000000,26.000000,-20.000000,1.000000
1189,-8.000000,-15.000000,5.000000,27.000000,-4.000000,20.000000,-20.000000,4.000000
1190,-11.000000,-15.000000,7.000000,15.000000,-4.000000,-8.000000,-20.000000,4.000000
1191,-11.000000,-15.000000,7.000000,15.000000,-4.000000,-8.000000,-20.000000,4.000000
1192,-5.000000,18.000000,7.000000,7.000000,-11.000000,-22.000000,-20.000000,4.000000
1193,0.000000,18.000000,4.000000,10.000000,-11.000000,-36.000000,-9.000000,7.000000
1194,0.000000,18.000000,4.000000,10.000000,-11.000000,-36.000000,-9.000000,7.000000
1195,5.000000,78.000000,8.000000,4.000000,-9.000000,-31.000000,-9.000000,7.000000
1196,6.000000,78.000000,0.000000,-1.000000,-9.000000,-19.000000,-9.000000,7.000000
1197,6.000000,78.000000,0.000000,-1.000000,-9.000000,-19.000000,-9.000000,7.000000
1198,15.000000,52.000000,-16.000000,-9.000000,0.000000,0.000000,9.000000,-3.000000
1199,20.000000,52.000000,-24.000000,-9.000000,0.000000,11.000000,30.000000,-3.000000
1200,20.000000,52.000000,-24.000000,-9.000000,0.000000,10.000000,2.000000,-3.000000
1201,14.000000,14.000000,-22.000000,-50.000000,10.000000,10.000000,2.000000,-3.000000
1202,1.000000,14.000000,-15.000000,-50.000000,10.000000,10.000000,-28.000000,-6.000000
1203,1.000000,14.000000,-15.000000,-50.000000,10.000000,12.000000,-20.000000,-6.000000
1204,-13.000000,-28.000000,-6.000000,-115.000000,6.000000,12.000000,-20.000000,-6.000000
1205,-12.000000,-28.000000,7.000000,-115.000000,6.000000,0.000000,-15.000000,-6.000000
1206,2.000000,-28.000000,7.000000,-115.000000,6.000000,-8.000000,-28.000000,-8.000000
1207,2.000000,-28.000000,16.000000,-115.000000,-2.000000,-8.000000,-28.000000,-8.000000
1208,22.000000,-38.000000,12.000000,-121.000000,-2.000000,-12.000000,-31.000000,-8.000000
1209,6.000000,-38.000000,12.000000,-121.000000,-2.000000,-15.000000,-10.000000,-8.000000
1210,6.000000,-38.000000,11.000000,-121.000000,0.000000,-15.000000,-10.000000,-8.000000
1211,-28.000000,-55.000000,6.000000,-52.000000,0.000000,-8.000000,0.000000,-15.000000
1212,-33.000000,-55.000000,6.000000,-52.000000,0.000000,-13.000000,-1.000000,-15.000000
1213,-33.000000,-55.000000,-10.000000,-52.000000,-32.000000,-13.000000,-1.000000,-15.000000
1214,-40.000000,-55.000000,-11.000000,-52.000000,23.000000,-14.000000,0.000000,-15.000000
1215,-39.000000,-43.000000,-11.000000,-56.000000,23.000000,1.000000,-13.000000,-6.000000
1216,-39.000000,-43.000000,4.000000,-56.000000,16.000000,1.000000,-13.000000,-6.000000
1217,-3.000000,-43.000000,4.000000,-56.000000,16.000000,5.000000,-33.000000,-6.000000
1218,18.000000,10.000000,13.000000,-97.000000,0.000000,12.000000,-35.000000,-6.000000
1219,18.000000,10.000000,13.000000,-97.000000,0.000000,12.000000,-35.000000,-6.000000
1220,23.000000,10.000000,4.000000,-97.000000,21.000000,32.000000,-33.000000,4.000000
1221,44.000000,42.000000,4.000000,-91.000000,21.000000,19.000000,-9.000000,4.000000
1222,44.000000,42.000000,0.000000,-91.000000,27.000000,1.000000,26.000000,4.000000
1223,49.000000,42.000000,0.000000,-91.000000,27.000000,1.000000,26.000000,4.000000
1224,16.000000,42.000000,7.000000,-91.000000,13.000000,5.000000,20.000000,7.000000
1225,16.000000,78.000000,7.000000,-62.000000,13.000000,0.000000,15.000000,7.000000
1226,-8.000000,78.000000,6.000000,-62.000000,2.000000,0.000000,15.000000,7.000000
1227,-14.000000,78.000000,6.000000,-62.000000,2.000000,0.000000,18.000000,7.000000
1228,-14.000000,102.000000,-2.000000,0.000000,-1.000000,-2.000000,6.000000,7.000000
1229,-4.000000,102.000000,-2.000000,0.000000,-1.000000,-2.000000,6.000000,-44.000000
1230,-4.000000,102.000000,-7.000000,0.000000,13.000000,-15.000000,7.000000,-44.000000
1231,-14.000000,102.000000,-7.000000,0.000000,13.000000,-10.000000,0.000000,-44.000000
1232,-14.000000,61.000000,-12.000000,38.000000,36.000000,-10.000000,0.000000,-44.000000
1233,-14.000000,61.000000,-12.000000,38.000000,36.000000,-7.000000,-11.000000,-72.000000
1234,-36.000000,61.000000,-15.000000,38.000000,27.000000,-5.000000,0.000000,-72.000000
1235,-36.000000,18.000000,-15.000000,83.000000,27.000000,-5.000000,0.000000,-72.000000
1236,-36.000000,18.000000,-13.000000,83.000000,6.000000,17.000000,11.000000,-72.000000
1237,-40.000000,18.000000,-13.000000,83.000000,6.000000,25.000000,10.000000,-101.000000
1238,-40.000000,-9.000000,-5.000000,161.000000,8.000000,25.000000,10.000000,-101.000000
1239,-40.000000,-9.000000,-5.000000,161.000000,8.000000,-25.000000,16.000000,-101.000000
1240,-41.000000,-9.000000,6.000000,161.000000,13.000000,-107.000000,17.000000,-101.000000
1241,-41.000000,-9.000000,6.000000,161.000000,13.000000,-107.000000,17.000000,-101.000000
1242,-41.000000,-49.000000,10.000000,152.000000,17.000000,-109.000000,-12.000000,-111.000000
1243,-52.000000,-49.000000,10.000000,152.000000,17.000000,-35.000000,-31.000000,-111.000000
1244,-52.000000,-49.000000,6.000000,152.000000,17.000000,-35.000000,-31.000000,-111.000000
1245,-52.000000,-78.000000,6.000000,98.000000,17.000000,-48.000000,15.000000,-111.000000
1246,-37.000000,-78.000000,11.000000,98.000000,-17.000000,-48.000000,31.000000,-33.000000
1247,-37.000000,-78.000000,11.000000,98.000000,-17.000000,-48.000000,54.000000,-33.000000
1248,-37.000000,-78.000000,12.000000,98.000000,-46.000000,-54.000000,54.000000,-33.000000
1249,1.000000,-90.000000,12.000000,63.000000,-46.000000,-54.000000,26.000000,-33.000000
1250,1.000000,-90.000000,6.000000,63.000000,-24.000000,-54.000000,-9.000000,-33.000000
1251,1.000000,-90.000000,6.000000,63.000000,-24.000000,-54.000000,-9.000000,37.000000
1252,44.000000,-95.000000,8.000000,22.000000,-16.000000,-14.000000,19.000000,37.000000
1253,44.000000,-95.000000,8.000000,22.000000,-16.000000,-14.000000,96.000000,37.000000
1254,44.000000,-95.000000,4.000000,22.000000,-25.000000,-14.000000,96.000000,37.000000
1255,87.000000,-77.000000,4.000000,32.000000,-25.000000,-14.000000,162.000000,4.000000
1256,87.000000,-77.000000,3.000000,32.000000,0.000000,50.000000,26.000000,4.000000
1257,87.000000,-77.000000,3.000000,32.000000,0.000000,50.000000,-98.000000,4.000000
1258,91.000000,-77.000000,2.000000,32.000000,10.000000,50.000000,-98.000000,4.000000
1259,91.000000,9.000000,2.000000,41.000000,10.000000,50.000000,-31.000000,12.000000
1260,91.000000,9.000000,-1.000000,41.000000,8.000000,66.000000,-24.000000,12.000000
1261,83.000000,9.000000,-1.000000,41.000000,8.000000,66.000000,-24.000000,12.000000
1262,83.000000,99.000000,-2.000000,-36.000000,25.000000,66.000000,-31.000000,12.000000
1263,83.000000,99.000000,-2.000000,-36.000000,25.000000,66.000000,5.000000,12.000000
1264,90.000000,99.000000,-16.000000,-36.000000,26.000000,54.000000,5.000000,60.000000
1265,90.000000,99.000000,-16.000000,-36.000000,26.000000,54.000000,28.000000,60.000000
1266,90.000000,101.000000,-19.000000,-72.000000,11.000000,54.000000,78.000000,60.000000
1267,85.000000,101.000000,-19.000000,-72.000000,11.000000,54.000000,78.000000,60.000000
1268,85.000000,101.000000,-7.000000,-72.000000,9.000000,51.000000,105.000000,53.000000
1269,85.000000,82.000000,-7.000000,11.000000,9.000000,51.000000,89.000000,53.000000
1270,67.000000,82.000000,-6.000000,11.000000,-19.000000,51.000000,41.000000,53.000000
1271,67.000000,82.000000,-6.000000,11.000000,-19.000000,51.000000,41.000000,53.000000
1272,67.000000,36.000000,-6.000000,71.000000,-71.000000,36.000000,-4.000000,53.000000
1273,28.000000,36.000000,-6.000000,71.000000,-71.000000,36.000000,-15.000000,43.000000
1274,28.000000,36.000000,-3.000000,71.000000,-54.000000,36.000000,-15.000000,43.000000
1275,-2.000000,36.000000,-3.000000,71.000000,-54.000000,36.000000,-19.000000,43.000000
1276,-2.000000,-24.000000,309.000000,8.000000,-104.000000,24.000000,-27.000000,43.000000
1277,-2.000000,-24.000000,309.000000,8.000000,-104.000000,24.000000,-27.000000,73.000000
1278,-48.000000,-24.000000,225.000000,8.000000,12.000000,24.000000,-22.000000,73.000000
1279,-48.000000,-37.000000,225.000000,-46.000000,12.000000,24.000000,10.000000,73.000000
1280,-48.000000,-37.000000,225.000000,-46.000000,12.000000,31.000000,11.000000,73.000000
1281,-93.000000,-37.000000,199.000000,-46.000000,37.000000,31.000000,11.000000,113.000000
1282,-93.000000,-37.000000,199.000000,-46.000000,37.000000,31.000000,-64.000000,113.000000
1283,-93.000000,-60.000000,199.000000,-70.000000,37.000000,31.000000,-82.000000,113.000000
1284,-40.000000,-60.000000,290.000000,-70.000000,128.000000,15.000000,-82.000000,113.000000
1285,-40.000000,-60.000000,290.000000,-70.000000,128.000000,15.000000,-41.000000,113.000000
1286,-40.000000,-74.000000,290.000000,-137.000000,128.000000,15.000000,-31.000000,108.000000
1287,6.000000,-74.000000,79.000000,-137.000000,224.000000,-12.000000,-31.000000,108.000000
1288,6.000000,-74.000000,79.000000,-137.000000,224.000000,-12.000000,33.000000,108.000000
1289,6.000000,-75.000000,79.000000,-130.000000,224.000000,-12.000000,120.000000,108.000000
1290,-8.000000,-75.000000,-138.000000,-130.000000,121.000000,-12.000000,120.000000,83.000000
1291,-8.000000,-75.000000,-138.000000,-130.000000,121.000000,-19.000000,-19.000000,83.000000
1292,-8.000000,-75.000000,-138.000000,-130.000000,121.000000,-19.000000,-19.000000,83.000000
1293,-26.000000,-65.000000,-82.000000,-42.000000,53.000000,-19.000000,5.000000,83.000000
1294,-26.000000,-65.000000,-82.000000,-42.000000,53.000000,-19.000000,5.000000,83.000000
1295,-26.000000,-65.000000,-82.000000,-42.000000,53.000000,-19.000000,18.000000,89.000000
1296,-73.000000,-5.000000,-10.000000,4.000000,145.000000,-19.000000,18.000000,89.000000
1297,-73.000000,-5.000000,-10.000000,4.000000,145.000000,-19.000000,18.000000,89.000000
1298,-73.000000,-5.000000,-10.000000,4.000000,145.000000,-19.000000,29.000000,89.000000
1299,-83.000000,-5.000000,-11.000000,4.000000,124.000000,-22.000000,29.000000,58.000000
1300,-83.000000,58.000000,-11.000000,14.000000,124.000000,-22.000000,167.000000,58.000000
1301,-83.000000,58.000000,-11.000000,14.000000,124.000000,-22.000000,167.000000,58.000000
1302,-57.000000,58.000000,17.000000,14.000000,-3.000000,-22.000000,167.000000,58.000000
1303,-57.000000,121.000000,17.000000,34.000000,-3.000000,-21.000000,366.000000,-50.000000
1304,-57.000000,121.000000,17.000000,34.000000,-3.000000,-21.000000,366.000000,-50.000000
1305,-48.000000,121.000000,81.000000,34.000000,-51.000000,-21.000000,422.000000,-50.000000
1306,-48.000000,121.000000,81.000000,34.000000,-51.000000,-21.000000,422.000000,-50.000000
1307,-48.000000,66.000000,81.000000,135.000000,-51.000000,-18.000000,422.000000,-50.000000
1308,-31.000000,166.000000,155.000000,135.000000,36.000000,-18.000000,267.000000,-177.000000
1309,-31.000000,221.000000,155.000000,141.000000,36.000000,-18.000000,267.000000,-177.000000
1310,-31.000000,221.000000,155.000000,141.000000,36.000000,-18.000000,22.000000,-177.000000
1311,-28.000000,300.000000,101.000000,141.000000,133.000000,-13.000000,22.000000,-177.000000
1312,-28.000000,329.000000,101.000000,107.000000,133.000000,-13.000000,22.000000,-253.000000
1313,-28.000000,329.000000,101.000000,107.000000,133.000000,-13.000000,-135.000000,-253.000000
1314,-36.000000,132.000000,-48.000000,107.000000,95.000000,-13.000000,-135.000000,-253.000000
1315,-36.000000,-98.000000,-48.000000,62.000000,95.000000,-7.000000,-123.000000,-253.000000
1316,-36.000000,-98.000000,-48.000000,62.000000,95.000000,-7.000000,-123.000000,-253.000000
1317,-42.000000,-111.000000,-38.000000,62.000000,58.000000,-7.000000,-123.000000,-242.000000
1318,-42.000000,-79.000000,-38.000000,20.000000,58.000000,-7.000000,-76.000000,-242.000000
1319,-42.000000,-79.000000,-38.000000,20.000000,58.000000,-18.000000,-76.000000,-242.000000
1320,-24.000000,-17.000000,24.000000,20.000000,34.000000,-18.000000,-121.000000,-242.000000
1321,-24.000000,83.000000,24.000000,0.000000,34.000000,-18.000000,-121.000000,-210.000000
1322,-24.000000,83.000000,79.000000,0.000000,-13.000000,-18.000000,-121.000000,-210.000000
1323,2.000000,114.000000,79.000000,0.000000,-13.000000,-51.000000,-142.000000,-210.000000
1324,1.000000,67.000000,79.000000,-7.000000,-13.000000,-51.000000,-142.000000,-210.000000
1325,0.000000,67.000000,180.000000,-7.000000,15.000000,-51.000000,-64.000000,-197.000000
1326,-75.000000,-59.000000,180.000000,-7.000000,15.000000,-51.000000,-64.000000,-197.000000
1327,-152.000000,-191.000000,180.000000,-11.000000,15.000000,-85.000000,-64.000000,-197.000000
1328,-94.000000,-191.000000,184.000000,-11.000000,37.000000,-85.000000,-21.000000,-197.000000
1329,45.000000,-240.000000,184.000000,-11.000000,37.000000,-85.000000,-21.000000,-197.000000
1330,143.000000,-226.000000,184.000000,-25.000000,37.000000,-99.000000,-24.000000,-80.000000
1331,210.000000,-208.000000,140.000000,-25.000000,30.000000,-99.000000,-24.000000,-80.000000
1332,311.000000,-208.000000,140.000000,-25.000000,30.000000,-99.000000,-18.000000,-80.000000
1333,446.000000,-129.000000,140.000000,-67.000000,30.000000,-99.000000,-18.000000,-80.000000
1334,473.000000,-69.000000,34.000000,-67.000000,-26.000000,-87.000000,-18.000000,76.000000
1335,385.000000,-69.000000,34.000000,-67.000000,-26.000000,-87.000000,-39.000000,76.000000
1336,278.000000,-105.000000,34.000000,-95.000000,-26.000000,-87.000000,-39.000000,76.000000
1337,64.000000,-48.000000,-175.000000,-95.000000,-144.000000,-87.000000,-46.000000,76.000000
1338,-146.000000,-48.000000,-175.000000,-95.000000,-144.000000,-81.000000,-46.000000,76.000000
1339,-282.000000,33.000000,-175.000000,-91.000000,-144.000000,-81.000000,-46.000000,136.000000
1340,-450.000000,84.000000,-269.000000,-91.000000,-156.000000,-81.000000,-48.000000,136.000000
1341,-490.000000,84.000000,-269.000000,-91.000000,-156.000000,-81.000000,-48.000000,136.000000
1342,-395.000000,170.000000,-269.000000,-87.000000,-156.000000,-82.000000,-55.000000,136.000000
1343,-285.000000,243.000000,-216.000000,-87.000000,-108.000000,-82.000000,-55.000000,108.000000
1344,-154.000000,243.000000,-216.000000,-87.000000,-108.000000,-82.000000,-55.000000,108.000000
1345,-46.000000,296.000000,-216.000000,-84.000000,-108.000000,-82.000000,7.000000,108.000000
1346,8.000000,117.000000,-204.000000,-84.000000,-90.000000,-74.000000,7.000000,108.000000
1347,-35.000000,117.000000,-204.000000,-84.000000,-90.000000,-74.000000,75.000000,-1.000000
1348,-83.000000,-195.000000,-204.000000,-64.000000,-90.000000,-74.000000,75.000000,-1.000000
1349,-58.000000,-333.000000,-224.000000,-64.000000,-45.000000,-74.000000,75.000000,-1.000000
1350,-97.000000,-333.000000,-224.000000,-64.000000,-45.000000,-81.000000,44.000000,-1.000000
1351,-215.000000,-350.000000,-224.000000,-40.000000,-45.000000,-81.000000,44.000000,-1.000000
1352,-236.000000,-194.000000,-143.000000,-40.000000,-23.000000,-81.000000,-5.000000,-60.000000
1353,-70.000000,-194.000000,-143.000000,-40.000000,-23.000000,-81.000000,-5.000000,-60.000000
1354,357.000000,37.000000,-143.000000,-24.000000,-23.000000,-70.000000,-5.000000,-60.000000
1355,432.000000,182.000000,19.000000,-24.000000,-23.000000,-70.000000,-17.000000,-60.000000
1356,430.000000,356.000000,19.000000,-1.000000,-23.000000,-70.000000,-17.000000,17.000000
1357,66.000000,356.000000,19.000000,-1.000000,-23.000000,-70.000000,-10.000000,17.000000
1358,-371.000000,458.000000,133.000000,-1.000000,18.000000,-25.000000,-10.000000,17.000000
1359,-436.000000,225.000000,133.000000,25.000000,18.000000,-25.000000,-10.000000,17.000000
1360,-301.000000,225.000000,133.000000,25.000000,18.000000,-25.000000,28.000000,17.000000
1361,-156.000000,-161.000000,45.000000,25.000000,18.000000,-25.000000,28.000000,97.000000
1362,39.000000,-412.000000,45.000000,40.000000,18.000000,0.000000,46.000000,97.000000
1363,152.000000,-412.000000,45.000000,40.000000,18.000000,0.000000,46.000000,97.000000
1364,11.000000,-639.000000,-48.000000,40.000000,3.000000,0.000000,46.000000,97.000000
1365,-12.000000,-743.000000,-48.000000,32.000000,3.000000,0.000000,57.000000,110.000000
1366,202.000000,-743.000000,-48.000000,32.000000,3.000000,5.000000,57.000000,110.000000
1367,233.000000,-514.000000,2.000000,32.000000,-30.000000,5.000000,61.000000,110.000000
1368,240.000000,-90.000000,2.000000,21.000000,-30.000000,5.000000,61.000000,110.000000
1369,225.000000,-90.000000,2.000000,21.000000,-30.000000,5.000000,61.000000,110.000000
1370,26.000000,393.000000,-128.000000,21.000000,-16.000000,-11.000000,27.000000,141.000000
1371,-6.000000,851.000000,-282.000000,31.000000,-16.000000,50.000000,-54.000000,141.000000
1372,-6.000000,851.000000,-282.000000,31.000000,-79.000000,134.000000,-167.000000,198.000000
1373,93.000000,1037.000000,-176.000000,31.000000,-79.000000,118.000000,-270.000000,198.000000
1374,93.000000,913.000000,-176.000000,19.000000,-55.000000,133.000000,-10.000000,238.000000
1375,217.000000,913.000000,-60.000000,19.000000,-55.000000,89.000000,54.000000,238.000000
1376,217.000000,815.000000,-60.000000,19.000000,-55.000000,74.000000,76.000000,238.000000
1377,223.000000,745.000000,14.000000,16.000000,-36.000000,-62.000000,181.000000,178.000000
1378,223.000000,500.000000,14.000000,16.000000,-36.000000,-100.000000,-55.000000,178.000000
1379,80.000000,500.000000,119.000000,16.000000,-75.000000,-86.000000,-168.000000,112.000000
1380,80.000000,184.000000,119.000000,41.000000,-75.000000,-43.000000,21.000000,112.000000
1381,14.000000,-61.000000,143.000000,41.000000,-75.000000,23.000000,125.000000,112.000000
1382,14.000000,-61.000000,143.000000,41.000000,-80.000000,-1.000000,-95.000000,-48.000000
1383,15.000000,-186.000000,-72.000000,34.000000,-80.000000,24.000000,-186.000000,-48.000000
1384,15.000000,-355.000000,-72.000000,34.000000,-84.000000,-41.000000,-24.000000,-243.000000
1385,-64.000000,-355.000000,-345.000000,34.000000,-84.000000,-45.000000,22.000000,-243.000000
1386,-64.000000,-518.000000,-345.000000,21.000000,-84.000000,-39.000000,135.000000,-243.000000
1387,-207.000000,-429.000000,-283.000000,21.000000,-66.000000,-29.000000,135.000000,-180.000000
1388,-207.000000,-429.000000,-283.000000,21.000000,-66.000000,-16.000000,159.000000,-180.000000
1389,-260.000000,-389.000000,-86.000000,22.000000,-27.000000,11.000000,159.000000,-83.000000
1390,-260.000000,-478.000000,-86.000000,22.000000,-27.000000,-11.000000,152.000000,-83.000000
1391,-286.000000,-478.000000,9.000000,22.000000,-22.000000,-11.000000,152.000000,-101.000000
1392,-286.000000,-451.000000,9.000000,10.000000,-22.000000,-16.000000,207.000000,-101.000000
1393,-365.000000,-485.000000,114.000000,10.000000,-22.000000,28.000000,207.000000,-101.000000
1394,-365.000000,-485.000000,114.000000,10.000000,-22.000000,-4.000000,301.000000,39.000000
1395,-352.000000,-580.000000,133.000000,-6.000000,-22.000000,-1.000000,301.000000,39.000000
1396,-352.000000,-578.000000,133.000000,-6.000000,-55.000000,-33.000000,213.000000,278.000000
1397,-272.000000,-578.000000,44.000000,-6.000000,-55.000000,-1.000000,213.000000,278.000000
1398,-272.000000,-445.000000,44.000000,-20.000000,-55.000000,49.000000,66.000000,278.000000
1399,-202.000000,-119.000000,21.000000,-20.000000,-79.000000,95.000000,66.000000,299.000000
1400,-137.000000,-119.000000,102.000000,-20.000000,-79.000000,122.000000,59.000000,299.000000
1401,-137.000000,816.000000,102.000000,10.000000,-52.000000,39.000000,59.000000,211.000000
1402,-96.000000,1170.000000,177.000000,-14.000000,-52.000000,35.000000,-82.000000,211.000000
1403,-96.000000,1359.000000,177.000000,-14.000000,-52.000000,35.000000,-82.000000,211.000000
1404,-25.000000,1359.000000,187.000000,-30.000000,-49.000000,41.000000,-263.000000,185.000000
1405,-25.000000,1213.000000,187.000000,-30.000000,-49.000000,41.000000,-263.000000,185.000000
1406,61.000000,488.000000,198.000000,-41.000000,-66.000000,60.000000,-166.000000,63.000000
1407,61.000000,488.000000,198.000000,-41.000000,-66.000000,60.000000,-166.000000,63.000000
1408,80.000000,-347.000000,215.000000,-44.000000,-53.000000,77.000000,6.000000,-102.000000
1409,80.000000,-742.000000,215.000000,-44.000000,-53.000000,77.000000,6.000000,-102.000000
1410,40.000000,-742.000000,223.000000,-55.000000,-53.000000,59.000000,76.000000,-102.000000
1411,40.000000,-914.000000,223.000000,-55.000000,-35.000000,59.000000,76.000000,-221.000000
1412,2.000000,-1023.000000,196.000000,-56.000000,-35.000000,20.000000,88.000000,-221.000000
1413,2.000000,-1023.000000,196.000000,-56.000000,-27.000000,20.000000,88.000000,-440.000000
1414,-10.000000,-947.000000,125.000000,-32.000000,-27.000000,4.000000,89.000000,-440.000000
1415,-10.000000,-733.000000,125.000000,-32.000000,-27.000000,4.000000,89.000000,-440.000000
1416,-25.000000,-733.000000,101.000000,-15.000000,-21.000000,2.000000,80.000000,-574.000000
1417,-25.000000,-374.000000,101.000000,-15.000000,-21.000000,2.000000,80.000000,-574.000000
1418,-1.000000,116.000000,114.000000,-11.000000,-34.000000,5.000000,57.000000,-471.000000
1419,-1.000000,116.000000,114.000000,-11.000000,-34.000000,5.000000,57.000000,-471.000000
1420,107.000000,562.000000,109.000000,-12.000000,-34.000000,0.000000,49.000000,-471.000000
1421,107.000000,835.000000,109.000000,-12.000000,-41.000000,0.000000,49.000000,-207.000000
1422,171.000000,835.000000,98.000000,-15.000000,-41.000000,-14.000000,35.000000,-207.000000
1423,171.000000,783.000000,98.000000,-15.000000,-25.000000,-14.000000,35.000000,213.000000
1424,150.000000,382.000000,99.000000,-23.000000,-25.000000,-10.000000,30.000000,213.000000
1425,150.000000,-125.000000,99.000000,-23.000000,-25.000000,-10.000000,30.000000,213.000000
1426,137.000000,-125.000000,138.000000,-33.000000,-15.000000,-14.000000,27.000000,403.000000
1427,137.000000,-448.000000,138.000000,-33.000000,-15.000000,-14.000000,27.000000,403.000000
1428,96.000000,-478.000000,174.000000,-30.000000,-5.000000,-24.000000,3.000000,320.000000
1429,96.000000,-478.000000,174.000000,-30.000000,-5.000000,-24.000000,3.000000,320.000000
1430,53.000000,-403.000000,172.000000,-32.000000,1.000000,-26.000000,-10.000000,286.000000
1431,53.000000,-334.000000,172.000000,-46.000000,1.000000,-40.000000,-10.000000,286.000000
1432,-91.000000,-334.000000,67.000000,-46.000000,1.000000,-40.000000,-22.000000,286.000000
1433,-73.000000,-286.000000,108.000000,-54.000000,-1.000000,-35.000000,-22.000000,177.000000
1434,-33.000000,-256.000000,128.000000,-54.000000,-1.000000,-35.000000,-46.000000,177.000000
1435,-33.000000,-256.000000,100.000000,-54.000000,9.000000,-5.000000,-46.000000,77.000000
1436,1.000000,-149.000000,84.000000,-54.000000,9.000000,-5.000000,-83.000000,77.000000
1437,31.000000,-19.000000,100.000000,-39.000000,9.000000,19.000000,-83.000000,77.000000
1438,31.000000,-19.000000,72.000000,-39.000000,22.000000,19.000000,-136.000000,36.000000
1439,37.000000,67.000000,49.000000,-23.000000,22.000000,15.000000,-136.000000,36.000000
1440,30.000000,33.000000,36.000000,-23.000000,39.000000,15.000000,-190.000000,17.000000
1441,30.000000,33.000000,35.000000,-21.000000,39.000000,-20.000000,-190.000000,17.000000
1442,22.000000,-117.000000,47.000000,-21.000000,39.000000,-20.000000,-180.000000,17.000000
1443,18.000000,-147.000000,36.000000,-11.000000,69.000000,-27.000000,-180.000000,67.000000
1444,18.000000,-147.000000,17.000000,-11.000000,69.000000,-27.000000,-92.000000,67.000000
1445,29.000000,-82.000000,7.000000,3.000000,63.000000,-7.000000,-92.000000,48.000000
1446,30.000000,-81.000000,2.000000,3.000000,63.000000,-7.000000,-21.000000,48.000000
1447,30.000000,-81.000000,-10.000000,10.000000,63.000000,-2.000000,-21.000000,48.000000
1448,17.000000,-98.000000,-20.000000,10.000000,0.000000,-2.000000,-36.000000,31.000000
1449,-1.000000,-98.000000,-41.000000,23.000000,0.000000,-1.000000,-36.000000,31.000000
1450,-1.000000,-98.000000,-50.000000,23.000000,0.000000,-1.000000,-41.000000,31.000000
1451,-67.000000,-96.000000,-12.000000,21.000000,0.000000,-3.000000,-41.000000,31.000000
1452,-122.000000,-96.000000,-2.000000,21.000000,0.000000,-3.000000,-41.000000,31.000000
1453,-122.000000,-96.000000,1.000000,-15.000000,0.000000,3.000000,-39.000000,31.000000
1454,-62.000000,-81.000000,23.000000,-15.000000,-1.000000,3.000000,-39.000000,31.000000
1455,36.000000,-81.000000,-22.000000,-50.000000,-1.000000,14.000000,-39.000000,70.000000
1456,88.000000,-81.000000,-29.000000,-50.000000,-1.000000,14.000000,-38.000000,70.000000
1457,88.000000,-81.000000,63.000000,-69.000000,-1.000000,11.000000,-38.000000,70.000000
1458,119.000000,-76.000000,162.000000,-69.000000,-6.000000,11.000000,-38.000000,70.000000
1459,121.000000,-76.000000,270.000000,-81.000000,-6.000000,24.000000,-25.000000,70.000000
1460,121.000000,-76.000000,348.000000,-81.000000,-6.000000,24.000000,-25.000000,70.000000
1461,114.000000,-69.000000,227.000000,-70.000000,-14.000000,43.000000,-25.000000,70.000000
1462,117.000000,-69.000000,-103.000000,-70.000000,-14.000000,43.000000,-27.000000,135.000000
1463,117.000000,-69.000000,-361.000000,15.000000,-14.000000,-21.000000,-27.000000,135.000000
1464,99.000000,-69.000000,-448.000000,67.000000,-14.000000,26.000000,-27.000000,135.000000
1465,56.000000,-69.000000,-448.000000,125.000000,-9.000000,84.000000,-67.000000,135.000000
1466,56.000000,-69.000000,-516.000000,121.000000,-9.000000,81.000000,-67.000000,135.000000
1467,1.000000,-69.000000,-516.000000,75.000000,-9.000000,38.000000,-67.000000,135.000000
1468,-18.000000,-64.000000,-511.000000,24.000000,0.000000,-8.000000,-86.000000,135.000000
1469,-18.000000,-64.000000,-511.000000,-12.000000,0.000000,-59.000000,-86.000000,82.000000
1470,11.000000,-64.000000,-490.000000,50.000000,0.000000,-114.000000,-86.000000,82.000000
1471,56.000000,-48.000000,-490.000000,121.000000,6.000000,-100.000000,7.000000,82.000000
1472,56.000000,-48.000000,-470.000000,74.000000,6.000000,-27.000000,7.000000,82.000000
1473,57.000000,-48.000000,-470.000000,58.000000,6.000000,8.000000,7.000000,82.000000
1474,3.000000,-48.000000,-215.000000,74.000000,6.000000,-1.000000,96.000000,82.000000
1475,3.000000,-40.000000,-215.000000,27.000000,14.000000,-33.000000,96.000000,82.000000
1476,-47.000000,-40.000000,20.000000,14.000000,14.000000,-88.000000,96.000000,82.000000
1477,-92.000000,-40.000000,20.000000,9.000000,14.000000,-70.000000,62.000000,24.000000
1478,-92.000000,-35.000000,69.000000,-44.000000,17.000000,33.000000,62.000000,24.000000
1479,-115.000000,-35.000000,69.000000,-135.000000,17.000000,34.000000,31.000000,24.000000
1480,-88.000000,-35.000000,172.000000,-215.000000,17.000000,-27.000000,31.000000,24.000000
1481,-116.000000,-35.000000,172.000000,-229.000000,17.000000,-32.000000,31.000000,24.000000
1482,-116.000000,-31.000000,240.000000,-194.000000,16.000000,-44.000000,17.000000,24.000000
1483,-167.000000,-31.000000,240.000000,-74.000000,16.000000,-32.000000,17.000000,24.000000
1484,-141.000000,-31.000000,254.000000,56.000000,16.000000,-15.000000,17.000000,33.000000
1485,-141.000000,-14.000000,254.000000,79.000000,4.000000,-23.000000,-19.000000,33.000000
1486,-100.000000,-14.000000,249.000000,68.000000,4.000000,-1.000000,-19.000000,33.000000
1487,-28.000000,-14.000000,249.000000,58.000000,4.000000,13.000000,-19.000000,33.000000
1488,-28.000000,-2.000000,206.000000,57.000000,-6.000000,25.000000,-26.000000,33.000000
1489,25.000000,-2.000000,206.000000,84.000000,-6.000000,46.000000,-26.000000,33.000000
1490,30.000000,-2.000000,195.000000,87.000000,-6.000000,51.000000,-26.000000,33.000000
1491,30.000000,-2.000000,195.000000,68.000000,-6.000000,69.000000,-25.000000,4.000000
1492,65.000000,-8.000000,159.000000,54.000000,-10.000000,87.000000,-25.000000,4.000000
1493,59.000000,-8.000000,159.000000,51.000000,-10.000000,78.000000,-25.000000,4.000000
1494,59.000000,-8.000000,126.000000,51.000000,-10.000000,78.000000,-6.000000,4.000000
1495,55.000000,7.000000,126.000000,-16.000000,-16.000000,64.000000,-6.000000,4.000000
1496,76.000000,7.000000,135.000000,-16.000000,-16.000000,70.000000,-6.000000,4.000000
1497,76.000000,7.000000,135.000000,-15.000000,-16.000000,70.000000,25.000000,4.000000
1498,10.000000,7.000000,124.000000,-15.000000,-16.000000,71.000000,25.000000,4.000000
1499,-56.000000,21.000000,124.000000,-27.000000,-16.000000,71.000000,25.000000,5.000000
1500,-56.000000,21.000000,110.000000,-27.000000,-16.000000,41.000000,6.000000,5.000000
1501,-88.000000,21.000000,110.000000,-27.000000,-16.000000,41.000000,6.000000,5.000000
1502,-123.000000,13.000000,100.000000,-33.000000,-13.000000,16.000000,6.000000,5.000000
1503,-63.000000,13.000000,100.000000,-33.000000,-13.000000,16.000000,-11.000000,5.000000
1504,-63.000000,13.000000,80.000000,-24.000000,-13.000000,-12.000000,-11.000000,5.000000
1505,10.000000,24.000000,80.000000,-24.000000,-17.000000,-12.000000,-11.000000,5.000000
1506,-3.000000,24.000000,68.000000,-24.000000,-17.000000,-37.000000,-9.000000,16.000000
1507,-3.000000,24.000000,68.000000,-25.000000,-17.000000,-37.000000,-9.000000,16.000000
1508,76.000000,24.000000,50.000000,-25.000000,-17.000000,-14.000000,-9.000000,16.000000
1509,189.000000,37.000000,50.000000,-24.000000,-15.000000,-14.000000,-5.000000,16.000000
1510,189.000000,37.000000,32.000000,-24.000000,-15.000000,20.000000,-5.000000,16.000000
1511,226.000000,37.000000,32.000000,-24.000000,-15.000000,20.000000,-8.000000,16.000000
1512,260.000000,37.000000,36.000000,-15.000000,-5.000000,36.000000,-8.000000,16.000000
1513,260.000000,37.000000,36.000000,-15.000000,-5.000000,36.000000,-8.000000,-7.000000
1514,221.000000,37.000000,33.000000,-17.000000,-5.000000,48.000000,-18.000000,-7.000000
1515,185.000000,37.000000,33.000000,-17.000000,-5.000000,48.000000,-18.000000,-7.000000
1516,185.000000,37.000000,21.000000,-13.000000,-1.000000,0.000000,-18.000000,-7.000000
1517,169.000000,37.000000,21.000000,-13.000000,-1.000000,0.000000,-3.000000,-7.000000
1518,82.000000,37.000000,12.000000,-13.000000,-1.000000,-126.000000,-3.000000,-7.000000
1519,82.000000,37.000000,12.000000,4.000000,-1.000000,-126.000000,-3.000000,-7.000000
1520,5.000000,37.000000,-1.000000,4.000000,-1.000000,-221.000000,15.000000,-7.000000
1521,-84.000000,37.000000,-1.000000,16.000000,-1.000000,-221.000000,15.000000,-12.000000
1522,-84.000000,45.000000,-21.000000,16.000000,-5.000000,-255.000000,15.000000,-12.000000
1523,-209.000000,45.000000,-21.000000,16.000000,-5.000000,-255.000000,39.000000,-12.000000
1524,-267.000000,45.000000,-32.000000,19.000000,-5.000000,-239.000000,39.000000,-12.000000
1525,-267.000000,45.000000,-32.000000,19.000000,-5.000000,-165.000000,39.000000,-12.000000
1526,-31.000000,51.000000,6.000000,23.000000,-14.000000,-165.000000,84.000000,-12.000000
1527,51.000000,51.000000,8.000000,23.000000,-14.000000,-104.000000,84.000000,-12.000000
1528,93.000000,51.000000,9.000000,23.000000,-14.000000,-104.000000,84.000000,-14.000000
1529,93.000000,61.000000,9.000000,20.000000,-6.000000,-55.000000,92.000000,-14.000000
1530,123.000000,61.000000,7.000000,20.000000,-6.000000,-55.000000,92.000000,-14.000000
1531,112.000000,61.000000,8.000000,18.000000,-6.000000,11.000000,92.000000,-14.000000
1532,112.000000,61.000000,8.000000,18.000000,-6.000000,11.000000,78.000000,-14.000000
1533,120.000000,66.000000,13.000000,22.000000,8.000000,71.000000,78.000000,-14.000000
1534,140.000000,66.000000,20.000000,22.000000,8.000000,71.000000,78.000000,-14.000000
1535,140.000000,66.000000,20.000000,22.000000,8.000000,121.000000,25.000000,-10.000000
1536,117.000000,61.000000,14.000000,25.000000,5.000000,121.000000,25.000000,-10.000000
1537,62.000000,61.000000,1.000000,25.000000,5.000000,148.000000,25.000000,-10.000000
1538,62.000000,61.000000,1.000000,24.000000,5.000000,148.000000,-121.000000,-10.000000
1539,-25.000000,62.000000,3.000000,24.000000,4.000000,150.000000,-121.000000,-10.000000
1540,-90.000000,62.000000,7.000000,24.000000,4.000000,150.000000,-121.000000,-10.000000
1541,-90.000000,62.000000,7.000000,10.000000,4.000000,156.000000,47.000000,-10.000000
1542,-160.000000,62.000000,7.000000,10.000000,4.000000,156.000000,41.000000,-10.000000
1543,-229.000000,59.000000,5.000000,1.000000,14.000000,152.000000,13.000000,-9.000000
1544,-229.000000,59.000000,5.000000,1.000000,14.000000,152.000000,13.000000,-9.000000
1545,-145.000000,59.000000,4.000000,1.000000,14.000000,138.000000,-10.000000,-9.000000
1546,-32.000000,58.000000,11.000000,-1.000000,18.000000,138.000000,-5.000000,-9.000000
1547,-32.000000,58.000000,11.000000,-1.000000,18.000000,134.000000,-5.000000,-9.000000
1548,37.000000,58.000000,17.000000,-5.000000,18.000000,134.000000,-7.000000,-9.000000
1549,157.000000,58.000000,9.000000,-5.000000,18.000000,107.000000,-21.000000,-9.000000
1550,168.000000,58.000000,0.000000,-5.000000,11.000000,107.000000,-21.000000,-10.000000
1551,168.000000,58.000000,0.000000,-1.000000,11.000000,32.000000,-8.000000,-10.000000
1552,9.000000,58.000000,1.000000,-1.000000,11.000000,32.000000,27.000000,-10.000000
1553,-154.000000,55.000000,-3.000000,-2.000000,6.000000,-51.000000,27.000000,-10.000000
1554,-154.000000,55.000000,-3.000000,-2.000000,6.000000,-51.000000,53.000000,-10.000000
1555,-156.000000,55.000000,-9.000000,-3.000000,6.000000,-86.000000,51.000000,-10.000000
1556,-30.000000,55.000000,-1.000000,-3.000000,6.000000,-86.000000,51.000000,-10.000000
1557,-30.000000,42.000000,-1.000000,-3.000000,-5.000000,-7.000000,18.000000,7.000000
1558,-10.000000,42.000000,7.000000,0.000000,-5.000000,-19.000000,-6.000000,7.000000
1559,-74.000000,47.000000,5.000000,0.000000,-33.000000,-20.000000,-6.000000,7.000000
1560,-74.000000,42.000000,5.000000,0.000000,-33.000000,-10.000000,17.000000,7.000000
1561,-13.000000,40.000000,1.000000,0.000000,-33.000000,17.000000,45.000000,7.000000
1562,137.000000,42.000000,0.000000,0.000000,-40.000000,33.000000,45.000000,7.000000
1563,137.000000,47.000000,0.000000,2.000000,-40.000000,45.000000,29.000000,7.000000
1564,214.000000,51.000000,12.000000,2.000000,-40.000000,58.000000,0.000000,7.000000
1565,203.000000,45.000000,23.000000,1.000000,-46.000000,47.000000,-15.000000,29.000000
1566,203.000000,37.000000,23.000000,1.000000,-46.000000,37.000000,-15.000000,29.000000
1567,86.000000,30.000000,17.000000,1.000000,-46.000000,21.000000,-27.000000,29.000000
1568,-101.000000,27.000000,21.000000,3.000000,-48.000000,6.000000,-14.000000,29.000000
1569,-101.000000,27.000000,21.000000,3.000000,-48.000000,43.000000,-14.000000,29.000000
1570,-163.000000,20.000000,21.000000,4.000000,-48.000000,61.000000,6.000000,29.000000
1571,-80.000000,14.000000,13.000000,4.000000,-29.000000,27.000000,-37.000000,29.000000
1572,-80.000000,9.000000,13.000000,4.000000,-29.000000,32.000000,-37.000000,33.000000
1573,-1.000000,10.000000,20.000000,-5.000000,-29.000000,29.000000,-79.000000,33.000000
1574,12.000000,16.000000,11.000000,-5.000000,-5.000000,-56.000000,-69.000000,33.000000
1575,-9.000000,20.000000,-14.000000,-14.000000,-5.000000,-118.000000,-69.000000,33.000000
1576,-9.000000,20.000000,-14.000000,-14.000000,-5.000000,-89.000000,-48.000000,33.000000
1577,-8.000000,14.000000,-24.000000,-17.000000,-3.000000,-88.000000,-4.000000,33.000000
1578,44.000000,10.000000,-29.000000,-17.000000,-3.000000,-137.000000,-4.000000,33.000000
1579,44.000000,3.000000,-29.000000,-17.000000,-3.000000,-135.000000,1.000000,12.000000
1580,114.000000,-5.000000,-24.000000,-17.000000,14.000000,-100.000000,-41.000000,12.000000
1581,144.000000,-2.000000,-16.000000,-17.000000,14.000000,-67.000000,-41.000000,12.000000
1582,144.000000,7.000000,-16.000000,-21.000000,14.000000,-38.000000,-44.000000,12.000000
1583,121.000000,12.000000,-11.000000,-21.000000,62.000000,-20.000000,-29.000000,12.000000
1584,0.000000,7.000000,4.000000,-21.000000,62.000000,-8.000000,-29.000000,12.000000
1585,0.000000,9.000000,4.000000,-30.000000,62.000000,6.000000,-40.000000,12.000000
1586,-125.000000,16.000000,9.000000,-30.000000,40.000000,59.000000,-43.000000,-21.000000
1587,-166.000000,13.000000,12.000000,-18.000000,40.000000,90.000000,-43.000000,-21.000000
1588,-166.000000,-21.000000,12.000000,-18.000000,40.000000,77.000000,3.000000,-21.000000
1589,-195.000000,-48.000000,26.000000,-18.000000,4.000000,86.000000,3.000000,-21.000000
1590,-76.000000,-27.000000,23.000000,6.000000,4.000000,76.000000,3.000000,-21.000000
1591,-76.000000,-1.000000,23.000000,6.000000,4.000000,76.000000,4.000000,-21.000000
1592,98.000000,-21.000000,6.000000,18.000000,26.000000,57.000000,4.000000,-21.000000
1593,30.000000,-24.000000,3.000000,18.000000,26.000000,60.000000,4.000000,-21.000000
1594,30.000000,14.000000,3.000000,26.000000,26.000000,60.000000,-1.000000,-51.000000
1595,-170.000000,9.000000,7.000000,26.000000,-26.000000,48.000000,-1.000000,-51.000000
1596,-249.000000,-2.000000,3.000000,26.000000,-26.000000,49.000000,-1.000000,-51.000000
1597,-159.000000,-6.000000,1.000000,21.000000,-26.000000,49.000000,-1.000000,-51.000000
1598,-159.000000,-3.000000,1.000000,21.000000,-94.000000,53.000000,-15.000000,-51.000000
1599,-72.000000,-20.000000,-8.000000,10.000000,-94.000000,34.000000,-15.000000,-51.000000
1600,-65.000000,-40.000000,-25.000000,10.000000,-94.000000,34.000000,-15.000000,-51.000000
1601,-65.000000,-10.000000,-25.000000,10.000000,-63.000000,22.000000,-31.000000,-56.000000
1602,-88.000000,9.000000,-35.000000,-2.000000,-63.000000,12.000000,-31.000000,-56.000000
1603,-55.000000,-5.000000,-40.000000,-2.000000,-63.000000,12.000000,-31.000000,-56.000000
1604,-55.000000,-17.000000,-40.000000,-13.000000,-25.000000,0.000000,-31.000000,-56.000000
1605,12.000000,-26.000000,-42.000000,-13.000000,-25.000000,0.000000,-25.000000,-56.000000
1606,22.000000,-62.000000,-42.000000,-13.000000,8.000000,0.000000,-25.000000,-56.000000
1607,22.000000,-62.000000,-42.000000,-5.000000,8.000000,0.000000,-25.000000,-56.000000
1608,103.000000,-84.000000,-37.000000,-5.000000,8.000000,-7.000000,-12.000000,-52.000000
1609,159.000000,-60.000000,-24.000000,-2.000000,27.000000,-7.000000,-12.000000,-52.000000
1610,159.000000,-60.000000,-24.000000,-2.000000,27.000000,-8.000000,-12.000000,-52.000000
1611,71.000000,-34.000000,-15.000000,-2.000000,27.000000,-10.000000,-12.000000,-52.000000
1612,16.000000,-15.000000,-18.000000,-5.000000,8.000000,-10.000000,-3.000000,-52.000000
1613,16.000000,-15.000000,-18.000000,-5.000000,8.000000,-10.000000,-3.000000,-52.000000
1614,25.000000,5.000000,-17.000000,3.000000,8.000000,-8.000000,-3.000000,-52.000000
1615,76.000000,18.000000,-10.000000,3.000000,-9.000000,-8.000000,11.000000,-52.000000
1616,76.000000,18.000000,-10.000000,9.000000,-9.000000,-8.000000,11.000000,-42.000000
1617,117.000000,26.000000,3.000000,9.000000,-9.000000,-6.000000,11.000000,-42.000000
1618,155.000000,29.000000,37.000000,9.000000,-11.000000,0.000000,14.000000,-42.000000
1619,155.000000,29.000000,37.000000,7.000000,-11.000000,0.000000,14.000000,-42.000000
1620,25.000000,22.000000,-52.000000,7.000000,-11.000000,13.000000,14.000000,-42.000000
1621,20.000000,10.000000,-48.000000,11.000000,19.000000,23.000000,14.000000,-42.000000
1622,20.000000,10.000000,-24.000000,11.000000,19.000000,23.000000,10.000000,-42.000000
1623,32.000000,5.000000,-24.000000,11.000000,19.000000,19.000000,10.000000,-25.000000
1624,32.000000,-15.000000,21.000000,19.000000,22.000000,-1.000000,10.000000,-25.000000
1625,62.000000,-15.000000,56.000000,19.000000,22.000000,-1.000000,10.000000,-25.000000
1626,62.000000,-47.000000,56.000000,16.000000,22.000000,-30.000000,10.000000,-25.000000
1627,92.000000,-54.000000,71.000000,16.000000,-6.000000,-45.000000,10.000000,-25.000000
1628,92.000000,-49.000000,57.000000,16.000000,-6.000000,-45.000000,10.000000,-25.000000
1629,93.000000,-49.000000,57.000000,8.000000,-6.000000,-45.000000,20.000000,-25.000000
1630,93.000000,-51.000000,28.000000,8.000000,-1.000000,-44.000000,20.000000,-32.000000
1631,105.000000,-66.000000,7.000000,0.000000,-1.000000,-44.000000,20.000000,-32.000000
1632,105.000000,-66.000000,-18.000000,0.000000,-1.000000,-35.000000,24.000000,-32.000000
1633,91.000000,-57.000000,-18.000000,-3.000000,-14.000000,-19.000000,24.000000,-32.000000
1634,91.000000,0.000000,-11.000000,-3.000000,-14.000000,-19.000000,24.000000,-32.000000
1635,46.000000,0.000000,41.000000,-3.000000,-14.000000,-1.000000,24.000000,-32.000000
1636,46.000000,54.000000,41.000000,1.000000,-30.000000,-17.000000,12.000000,-32.000000
1637,37.000000,89.000000,80.000000,1.000000,-30.000000,-17.000000,12.000000,-32.000000
1638,37.000000,89.000000,74.000000,-6.000000,-30.000000,-12.000000,12.000000,-36.000000
1639,66.000000,150.000000,74.000000,-6.000000,-10.000000,-12.000000,-3.000000,-36.000000
1640,66.000000,228.000000,27.000000,-6.000000,-10.000000,0.000000,-3.000000,-36.000000
1641,95.000000,228.000000,-43.000000,-8.000000,-10.000000,0.000000,-3.000000,-36.000000
1642,95.000000,248.000000,-43.000000,-8.000000,-1.000000,6.000000,-19.000000,-36.000000
1643,57.000000,174.000000,-73.000000,2.000000,-1.000000,6.000000,-19.000000,-36.000000
1644,57.000000,174.000000,-41.000000,2.000000,-1.000000,10.000000,-19.000000,-36.000000
1645,-16.000000,54.000000,-24.000000,2.000000,21.000000,10.000000,-19.000000,-35.000000
1646,-16.000000,-59.000000,-24.000000,1.000000,21.000000,-7.000000,-27.000000,-35.000000
1647,-55.000000,-59.000000,-23.000000,1.000000,21.000000,-7.000000,-27.000000,-35.000000
1648,-55.000000,-141.000000,-14.000000,-1.000000,67.000000,-21.000000,-27.000000,-35.000000
1649,-82.000000,-175.000000,-14.000000,-1.000000,67.000000,-21.000000,-25.000000,-35.000000
1650,-85.000000,-175.000000,-4.000000,-1.000000,67.000000,-9.000000,-25.000000,-35.000000
1651,-85.000000,-28.000000,26.000000,1.000000,-7.000000,-9.000000,-25.000000,-35.000000
1652,-31.000000,-32.000000,26.000000,-4.000000,-45.000000,-5.000000,-25.000000,-15.000000
1653,-31.000000,-26.000000,34.000000,-9.000000,-61.000000,-5.000000,-20.000000,-15.000000
1654,45.000000,-26.000000,14.000000,-9.000000,-51.000000,1.000000,-20.000000,-15.000000
1655,45.000000,-45.000000,14.000000,-1.000000,57.000000,1.000000,-20.000000,-15.000000
1656,88.000000,-68.000000,14.000000,9.000000,-1.000000,27.000000,-13.000000,-15.000000
1657,88.000000,-68.000000,41.000000,9.000000,32.000000,27.000000,-13.000000,-15.000000
1658,106.000000,-56.000000,49.000000,9.000000,31.000000,49.000000,-13.000000,-15.000000
1659,106.000000,-50.000000,49.000000,7.000000,38.000000,49.000000,-13.000000,-15.000000
1660,116.000000,-50.000000,3.000000,7.000000,28.000000,55.000000,-15.000000,48.000000
1661,116.000000,-55.000000,-23.000000,0.000000,-17.000000,55.000000,-15.000000,48.000000
1662,91.000000,-40.000000,-23.000000,-6.000000,-23.000000,45.000000,-15.000000,48.000000
1663,91.000000,-40.000000,-17.000000,-6.000000,-1.000000,45.000000,-1.000000,48.000000
1664,64.000000,-30.000000,-15.000000,-8.000000,-10.000000,27.000000,-1.000000,48.000000
1665,64.000000,-13.000000,-15.000000,-10.000000,-17.000000,27.000000,-1.000000,48.000000
1666,51.000000,-13.000000,2.000000,-10.000000,-7.000000,23.000000,-1.000000,48.000000
1667,51.000000,19.000000,7.000000,-7.000000,-1.000000,23.000000,18.000000,78.000000
1668,3.000000,30.000000,7.000000,-4.000000,1.000000,24.000000,18.000000,78.000000
1669,3.000000,30.000000,9.000000,-4.000000,1.000000,24.000000,18.000000,78.000000
1670,-33.000000,55.000000,9.000000,2.000000,-6.000000,14.000000,16.000000,78.000000
1671,-33.000000,96.000000,15.000000,10.000000,-17.000000,14.000000,16.000000,78.000000
1672,-34.000000,96.000000,15.000000,10.000000,-17.000000,-7.000000,16.000000,78.000000
1673,-34.000000,85.000000,6.000000,8.000000,-17.000000,-7.000000,19.000000,78.000000
1674,-44.000000,24.000000,6.000000,13.000000,-19.000000,-27.000000,19.000000,70.000000
1675,-44.000000,-11.000000,6.000000,21.000000,-19.000000,-27.000000,19.000000,70.000000
1676,-50.000000,-11.000000,6.000000,21.000000,-21.000000,-24.000000,19.000000,70.000000
1677,-50.000000,-11.000000,3.000000,12.000000,-11.000000,-24.000000,12.000000,70.000000
1678,-52.000000,-13.000000,3.000000,8.000000,-11.000000,-26.000000,12.000000,70.000000
1679,-52.000000,-13.000000,0.000000,8.000000,-14.000000,-26.000000,12.000000,70.000000
1680,-51.000000,-14.000000,0.000000,11.000000,-31.000000,-41.000000,11.000000,70.000000
1681,-51.000000,-11.000000,0.000000,6.000000,-31.000000,-41.000000,11.000000,70.000000
1682,-40.000000,-11.000000,0.000000,6.000000,-73.000000,-36.000000,11.000000,61.000000
1683,-36.000000,-2.000000,-4.000000,0.000000,-111.000000,-36.000000,11.000000,40.000000
1684,-30.000000,4.000000,-4.000000,-16.000000,-111.000000,-23.000000,24.000000,15.000000
1685,-28.000000,4.000000,-3.000000,-16.000000,-66.000000,-23.000000,24.000000,15.000000
1686,-25.000000,6.000000,-3.000000,-24.000000,-12.000000,-25.000000,24.000000,-7.000000
1687,-25.000000,3.000000,-3.000000,-20.000000,-12.000000,-25.000000,18.000000,-15.000000
1688,-29.000000,3.000000,-3.000000,-20.000000,28.000000,-26.000000,18.000000,-15.000000
1689,-40.000000,-13.000000,-5.000000,-17.000000,89.000000,-26.000000,18.000000,-3.000000
1690,-59.000000,-17.000000,-5.000000,-11.000000,82.000000,-12.000000,18.000000,0.000000
1691,-59.000000,-17.000000,-5.000000,-11.000000,82.000000,-12.000000,8.000000,0.000000
1692,-11.000000,-14.000000,-5.000000,-6.000000,39.000000,-7.000000,8.000000,0.000000
1693,49.000000,-19.000000,-2.000000,0.000000,26.000000,-7.000000,8.000000,4.000000
1694,78.000000,-19.000000,-2.000000,0.000000,26.000000,-7.000000,5.000000,4.000000
1695,87.000000,-19.000000,0.000000,3.000000,38.000000,-7.000000,5.000000,-16.000000
1696,73.000000,-7.000000,0.000000,-5.000000,74.000000,-5.000000,5.000000,-25.000000
1697,-15.000000,-7.000000,-1.000000,-5.000000,74.000000,-5.000000,5.000000,-25.000000
1698,-128.000000,13.000000,-1.000000,3.000000,95.000000,2.000000,71.000000,-8.000000
1699,-87.000000,30.000000,-2.000000,7.000000,78.000000,2.000000,141.000000,19.000000
1700,20.000000,48.000000,-2.000000,8.000000,78.000000,26.000000,197.000000,19.000000
1701,30.000000,48.000000,-10.000000,3.000000,48.000000,26.000000,159.000000,34.000000
1702,44.000000,64.000000,-10.000000,2.000000,39.000000,26.000000,90.000000,21.000000
1703,75.000000,81.000000,-20.000000,1.000000,39.000000,48.000000,-23.000000,21.000000
1704,85.000000,81.000000,-20.000000,3.000000,36.000000,48.000000,-229.000000,48.000000
1705,98.000000,82.000000,-13.000000,28.000000,8.000000,48.000000,-323.000000,11.000000
1706,52.000000,24.000000,-13.000000,37.000000,8.000000,42.000000,-286.000000,-87.000000
1707,-41.000000,24.000000,-1.000000,36.000000,-24.000000,42.000000,-215.000000,-87.000000
1708,-90.000000,-40.000000,-1.000000,67.000000,-45.000000,42.000000,-97.000000,-37.000000
1709,-92.000000,-46.000000,-4.000000,-194.000000,-45.000000,11.000000,-38.000000,30.000000
1710,-90.000000,-46.000000,-4.000000,-92.000000,-45.000000,11.000000,-70.000000,30.000000
1711,-80.000000,-15.000000,-12.000000,-66.000000,-46.000000,11.000000,-123.000000,5.000000
1712,-71.000000,22.000000,-12.000000,-77.000000,-46.000000,13.000000,-120.000000,-13.000000
1713,-19.000000,22.000000,-14.000000,96.000000,45.000000,13.000000,-11.000000,-13.000000
1714,-8.000000,33.000000,-14.000000,147.000000,45.000000,13.000000,111.000000,-31.000000
1715,-5.000000,-9.000000,-18.000000,205.000000,9.000000,51.000000,177.000000,-59.000000
1716,44.000000,-9.000000,-18.000000,186.000000,9.000000,51.000000,208.000000,-59.000000
1717,72.000000,-43.000000,-25.000000,122.000000,9.000000,51.000000,238.000000,-121.000000
1718,17.000000,-31.000000,-25.000000,25.000000,-9.000000,49.000000,245.000000,-100.000000
1719,-28.000000,-31.000000,-21.000000,-37.000000,-9.000000,49.000000,229.000000,-100.000000
1720,-16.000000,-29.000000,-21.000000,0.000000,-9.000000,49.000000,182.000000,66.000000
1721,2.000000,-43.000000,-13.000000,16.000000,5.000000,-7.000000,66.000000,141.000000
1722,12.000000,-61.000000,-13.000000,-39.000000,5.000000,-7.000000,-75.000000,141.000000
1723,21.000000,-61.000000,-13.000000,-117.000000,5.000000,-7.000000,-182.000000,96.000000
1724,24.000000,-71.000000,-13.000000,-118.000000,49.000000,-39.000000,-189.000000,53.000000
1725,8.000000,-65.000000,-11.000000,-52.000000,49.000000,-39.000000,-89.000000,53.000000
1726,-4.000000,-65.000000,-11.000000,-73.000000,49.000000,-39.000000,62.000000,4.000000
1727,-19.000000,-58.000000,-6.000000,-101.000000,51.000000,-56.000000,188.000000,-14.000000
1728,-21.000000,-27.000000,-6.000000,-74.000000,51.000000,-56.000000,177.000000,-14.000000
1729,-22.000000,-27.000000,-14.000000,-93.000000,51.000000,-58.000000,-219.000000,-57.000000
1730,-22.000000,13.000000,-14.000000,-100.000000,5.000000,-58.000000,-322.000000,63.000000
1731,-44.000000,21.000000,14.000000,-20.000000,5.000000,-58.000000,-50.000000,63.000000
1732,-44.000000,21.000000,14.000000,55.000000,5.000000,-37.000000,74.000000,238.000000
1733,-44.000000,8.000000,14.000000,36.000000,11.000000,-37.000000,77.000000,238.000000
1734,-40.000000,15.000000,7.000000,20.000000,11.000000,-37.000000,68.000000,384.000000
1735,-40.000000,15.000000,7.000000,54.000000,11.000000,-26.000000,92.000000,384.000000
1736,-40.000000,29.000000,7.000000,58.000000,19.000000,-26.000000,100.000000,245.000000
1737,-42.000000,12.000000,-5.000000,80.000000,19.000000,-26.000000,162.000000,245.000000
1738,-42.000000,12.000000,-5.000000,97.000000,19.000000,-20.000000,93.000000,-5.000000
1739,-42.000000,-4.000000,-5.000000,73.000000,-8.000000,-20.000000,-218.000000,-5.000000
1740,-40.000000,-9.000000,-4.000000,88.000000,-8.000000,-20.000000,-160.000000,-160.000000
1741,-40.000000,-9.000000,-4.000000,87.000000,-8.000000,-20.000000,122.000000,-160.000000
1742,-40.000000,-11.000000,-4.000000,68.000000,-44.000000,-20.000000,-77.000000,-355.000000
1743,-23.000000,-14.000000,-5.000000,82.000000,-44.000000,-20.000000,-195.000000,-355.000000
1744,-23.000000,-14.000000,-5.000000,82.000000,-44.000000,-18.000000,-211.000000,-514.000000
1745,-23.000000,66.000000,-5.000000,-25.000000,-46.000000,-18.000000,-141.000000,-514.000000
1746,-21.000000,31.000000,2.000000,-25.000000,-46.000000,-18.000000,-24.000000,-473.000000
1747,-21.000000,129.000000,2.000000,-25.000000,-46.000000,-22.000000,52.000000,-473.000000
1748,-21.000000,-38.000000,2.000000,-31.000000,-18.000000,-22.000000,52.000000,-283.000000
1749,-19.000000,26.000000,6.000000,-31.000000,-18.000000,-22.000000,71.000000,-283.000000
1750,-19.000000,2.000000,6.000000,-31.000000,-18.000000,-29.000000,33.000000,-25.000000
1751,-19.000000,-43.000000,6.000000,-20.000000,-24.000000,-29.000000,33.000000,-25.000000
1752,-12.000000,-86.000000,6.000000,-20.000000,-24.000000,-29.000000,-1.000000,260.000000
1753,-12.000000,-58.000000,6.000000,-20.000000,-24.000000,-14.000000,45.000000,260.000000
1754,-12.000000,-84.000000,6.000000,-20.000000,-5.000000,-14.000000,45.000000,372.000000
1755,-7.000000,-89.000000,7.000000,21.000000,-5.000000,-14.000000,85.000000,372.000000
1756,-7.000000,53.000000,7.000000,21.000000,-5.000000,-1.000000,44.000000,162.000000
1757,-7.000000,56.000000,7.000000,21.000000,26.000000,-1.000000,15.000000,162.000000
1758,0.000000,99.000000,0.000000,48.000000,26.000000,-1.000000,15.000000,35.000000
1759,0.000000,122.000000,0.000000,48.000000,16.000000,-2.000000,-4.000000,122.000000
1760,0.000000,75.000000,0.000000,48.000000,16.000000,-2.000000,-16.000000,122.000000
1761,1.000000,27.000000,-6.000000,48.000000,16.000000,-13.000000,-16.000000,111.000000
1762,1.000000,-20.000000,-6.000000,19.000000,18.000000,-13.000000,3.000000,111.000000
1763,1.000000,-23.000000,-6.000000,19.000000,18.000000,-13.000000,28.000000,32.000000
1764,1.000000,-31.000000,0.000000,19.000000,18.000000,-25.000000,28.000000,32.000000
1765,1.000000,-68.000000,0.000000,-5.000000,16.000000,-25.000000,85.000000,-61.000000
1766,1.000000,-82.000000,0.000000,-5.000000,16.000000,-25.000000,125.000000,-61.000000
1767,5.000000,-74.000000,6.000000,-5.000000,16.000000,1.000000,125.000000,-111.000000
1768,5.000000,-55.000000,6.000000,11.000000,9.000000,1.000000,125.000000,-111.000000
1769,5.000000,-40.000000,6.000000,11.000000,9.000000,1.000000,139.000000,-23.000000
1770,3.000000,-69.000000,3.000000,11.000000,9.000000,16.000000,168.000000,-23.000000
1771,3.000000,-106.000000,3.000000,11.000000,11.000000,16.000000,168.000000,115.000000
1772,3.000000,-101.000000,3.000000,35.000000,11.000000,16.000000,200.000000,115.000000
1773,3.000000,-44.000000,2.000000,35.000000,11.000000,2.000000,159.000000,219.000000
1774,3.000000,65.000000,2.000000,35.000000,3.000000,2.000000,159.000000,219.000000
1775,10.000000,123.000000,4.000000,26.000000,3.000000,2.000000,17.000000,218.000000
1776,10.000000,60.000000,4.000000,26.000000,3.000000,9.000000,-123.000000,218.000000
1777,10.000000,-46.000000,4.000000,26.000000,0.000000,9.000000,-123.000000,163.000000
1778,11.000000,-208.000000,-1.000000,26.000000,0.000000,9.000000,-248.000000,163.000000
1779,11.000000,-255.000000,-1.000000,-24.000000,0.000000,1.000000,-350.000000,112.000000
1780,11.000000,59.000000,-1.000000,-24.000000,-8.000000,1.000000,-299.000000,112.000000
1781,3.000000,415.000000,-7.000000,-24.000000,-8.000000,1.000000,-299.000000,38.000000
1782,3.000000,544.000000,-7.000000,-93.000000,-8.000000,0.000000,-172.000000,38.000000
1783,3.000000,585.000000,-7.000000,-93.000000,-5.000000,0.000000,-81.000000,-12.000000
1784,7.000000,523.000000,-6.000000,-93.000000,-5.000000,0.000000,-81.000000,-12.000000
1785,7.000000,183.000000,-6.000000,-106.000000,-5.000000,39.000000,3.000000,-50.000000
1786,7.000000,-207.000000,-6.000000,-106.000000,5.000000,39.000000,48.000000,-50.000000
1787,10.000000,-280.000000,-3.000000,-106.000000,5.000000,39.000000,48.000000,-130.000000
1788,10.000000,-256.000000,-3.000000,-106.000000,5.000000,61.000000,82.000000,-130.000000
1789,10.000000,-277.000000,-3.000000,-22.000000,-2.000000,61.000000,112.000000,-260.000000
1790,-2.000000,-232.000000,0.000000,-22.000000,-2.000000,61.000000,112.000000,-260.000000
1791,-2.000000,-40.000000,0.000000,-22.000000,-2.000000,19.000000,8.000000,5.000000
1792,-2.000000,-40.000000,0.000000,66.000000,-3.000000,19.000000,8.000000,46.000000
1793,0.000000,-40.000000,2.000000,66.000000,-3.000000,19.000000,8.000000,46.000000
1794,0.000000,-39.000000,2.000000,66.000000,-3.000000,28.000000,8.000000,20.000000
1795,0.000000,-39.000000,2.000000,66.000000,1.000000,28.000000,0.000000,20.000000
1796,9.000000,-39.000000,-6.000000,63.000000,1.000000,28.000000,0.000000,-32.000000
1797,9.000000,-37.000000,-6.000000,63.000000,1.000000,29.000000,0.000000,-32.000000
1798,9.000000,-37.000000,-6.000000,63.000000,-2.000000,29.000000,0.000000,-55.000000
1799,12.000000,-37.000000,-3.000000,-3.000000,-2.000000,29.000000,4.000000,-55.000000
1800,12.000000,-37.000000,-3.000000,-3.000000,-2.000000,29.000000,4.000000,-60.000000
1801,12.000000,-25.000000,-3.000000,-3.000000,-11.000000,21.000000,4.000000,-60.000000
1802,6.000000,-25.000000,13.000000,-33.000000,-11.000000,21.000000,4.000000,-37.000000
1803,6.000000,-25.000000,13.000000,-33.000000,-11.000000,21.000000,4.000000,-37.000000
1804,6.000000,10.000000,13.000000,-33.000000,-20.000000,-9.000000,-15.000000,-12.000000
1805,-6.000000,10.000000,12.000000,-33.000000,-20.000000,-9.000000,-15.000000,-12.000000
1806,-6.000000,10.000000,12.000000,-12.000000,-20.000000,-9.000000,-15.000000,-13.000000
1807,-6.000000,10.000000,12.000000,-12.000000,-15.000000,-9.000000,-15.000000,-13.000000
1808,-5.000000,40.000000,5.000000,-12.000000,-7.000000,4.000000,-21.000000,-7.000000
1809,-5.000000,40.000000,5.000000,0.000000,1.000000,4.000000,-21.000000,-7.000000
1810,-5.000000,40.000000,5.000000,0.000000,1.000000,4.000000,-21.000000,57.000000
1811,-2.000000,55.000000,-2.000000,0.000000,7.000000,26.000000,-21.000000,57.000000
1812,-2.000000,55.000000,-2.000000,0.000000,-11.000000,26.000000,-21.000000,110.000000
1813,-2.000000,55.000000,-2.000000,13.000000,-11.000000,26.000000,-3.000000,110.000000
1814,-4.000000,55.000000,-5.000000,13.000000,-19.000000,26.000000,-3.000000,36.000000
1815,-4.000000,85.000000,-5.000000,13.000000,-8.000000,25.000000,-3.000000,36.000000
1816,-4.000000,85.000000,-5.000000,29.000000,-8.000000,25.000000,-3.000000,-44.000000
1817,0.000000,85.000000,4.000000,29.000000,-2.000000,25.000000,-2.000000,-44.000000
1818,0.000000,94.000000,4.000000,29.000000,-1.000000,22.000000,-2.000000,-29.000000
1819,0.000000,94.000000,4.000000,-3.000000,-1.000000,22.000000,-2.000000,-29.000000
1820,0.000000,94.000000,2.000000,-3.000000,-12.000000,22.000000,-2.000000,-6.000000
1821,0.000000,32.000000,2.000000,-3.000000,-20.000000,-2.000000,0.000000,-6.000000
1822,0.000000,32.000000,2.000000,-3.000000,-20.000000,-2.000000,0.000000,-5.000000
1823,-2.000000,32.000000,0.000000,-47.000000,-16.000000,-2.000000,0.000000,-5.000000
1824,-2.000000,32.000000,5.000000,-47.000000,-7.000000,-2.000000,0.000000,0.000000
1825,-8.000000,-25.000000,3.000000,-47.000000,-7.000000,-5.000000,0.000000,0.000000
1826,-8.000000,-25.000000,3.000000,-10.000000,0.000000,-5.000000,-5.000000,34.000000
1827,-14.000000,-25.000000,-3.000000,-10.000000,-6.000000,-5.000000,-5.000000,34.000000
1828,-4.000000,-28.000000,-11.000000,-10.000000,-6.000000,-2.000000,-5.000000,87.000000
1829,-4.000000,-28.000000,-11.000000,-10.000000,-16.000000,-2.000000,-5.000000,87.000000
1830,7.000000,-28.000000,-9.000000,41.000000,-18.000000,-2.000000,-26.000000,84.000000
1831,7.000000,-28.000000,-2.000000,41.000000,-23.000000,-2.000000,-26.000000,84.000000
1832,7.000000,-35.000000,-2.000000,41.000000,-23.000000,-19.000000,-26.000000,-23.000000
1833,6.000000,-35.000000,5.000000,19.000000,-22.000000,-19.000000,-26.000000,-23.000000
1834,-3.000000,-35.000000,6.000000,19.000000,-16.000000,-19.000000,-26.000000,-96.000000
1835,-3.000000,-24.000000,6.000000,19.000000,-16.000000,-6.000000,-94.000000,-96.000000
1836,-10.000000,-24.000000,1.000000,-6.000000,-11.000000,-6.000000,-94.000000,-3.000000
1837,0.000000,-24.000000,-9.000000,-6.000000,6.000000,-6.000000,-94.000000,-3.000000
1838,0.000000,-24.000000,-9.000000,-6.000000,6.000000,-6.000000,-94.000000,79.000000
1839,17.000000,-3.000000,-30.000000,-6.000000,6.000000,0.000000,-62.000000,79.000000
1840,30.000000,-3.000000,-33.000000,18.000000,6.000000,0.000000,-62.000000,112.000000
1841,30.000000,-3.000000,-33.000000,18.000000,6.000000,0.000000,-62.000000,112.000000
1842,32.000000,-1.000000,-16.000000,18.000000,33.000000,-14.000000,-62.000000,77.000000
1843,19.000000,-1.000000,-2.000000,42.000000,43.000000,-14.000000,-35.000000,77.000000
1844,19.000000,-1.000000,-2.000000,42.000000,43.000000,-14.000000,-35.000000,-143.000000
1845,11.000000,-1.000000,9.000000,42.000000,29.000000,-14.000000,-35.000000,-143.000000
1846,19.000000,10.000000,14.000000,42.000000,7.000000,-13.000000,-35.000000,-269.000000
1847,5.000000,10.000000,27.000000,26.000000,7.000000,-13.000000,-35.000000,-269.000000
1848,5.000000,10.000000,27.000000,26.000000,3.000000,-13.000000,-15.000000,-149.000000
1849,-27.000000,15.000000,31.000000,26.000000,15.000000,-8.000000,-15.000000,-149.000000
1850,-35.000000,15.000000,18.000000,9.000000,15.000000,-8.000000,-15.000000,-10.000000
1851,-35.000000,15.000000,18.000000,9.000000,6.000000,-8.000000,-15.000000,-10.000000
1852,-36.000000,15.000000,24.000000,9.000000,-15.000000,-1.000000,17.000000,52.000000
1853,-29.000000,15.000000,21.000000,9.000000,-15.000000,-1.000000,17.000000,52.000000
1854,-29.000000,15.000000,21.000000,4.000000,-31.000000,-1.000000,17.000000,88.000000
1855,-1.000000,15.000000,5.000000,-28.000000,-25.000000,-1.000000,17.000000,49.000000
1856,5.000000,20.000000,2.000000,3.000000,-13.000000,0.000000,17.000000,46.000000
1857,5.000000,20.000000,2.000000,-1.000000,24.000000,0.000000,19.000000,45.000000
1858,4.000000,20.000000,7.000000,1.000000,55.000000,0.000000,19.000000,19.000000
1859,18.000000,18.000000,20.000000,24.000000,85.000000,-3.000000,19.000000,-15.000000
1860,18.000000,18.000000,20.000000,-55.000000,12.000000,-3.000000,19.000000,-36.000000
1861,10.000000,18.000000,15.000000,8.000000,-55.000000,-3.000000,9.000000,-21.000000
1862,-4.000000,18.000000,-5.000000,-19.000000,-67.000000,-3.000000,9.000000,-19.000000
1863,-4.000000,-4.000000,-5.000000,-31.000000,-90.000000,14.000000,9.000000,-11.000000
1864,2.000000,-4.000000,-40.000000,-57.000000,12.000000,14.000000,9.000000,4.000000
1865,2.000000,-4.000000,-68.000000,-8.000000,33.000000,14.000000,11.000000,-1.000000
1866,2.000000,-32.000000,-68.000000,60.000000,74.000000,28.000000,11.000000,9.000000
1867,-7.000000,-32.000000,-31.000000,108.000000,76.000000,28.000000,11.000000,9.000000
1868,-10.000000,-32.000000,8.000000,-9.000000,126.000000,28.000000,11.000000,-7.000000
1869,-10.000000,-32.000000,8.000000,-62.000000,132.000000,28.000000,11.000000,5.000000
1870,-11.000000,-25.000000,-5.000000,-50.000000,46.000000,31.000000,24.000000,11.000000
1871,-12.000000,-25.000000,-11.000000,-19.000000,-82.000000,31.000000,24.000000,-9.000000
1872,-2.000000,-25.000000,-13.000000,-24.000000,-104.000000,31.000000,24.000000,-12.000000
1873,-2.000000,-6.000000,-13.000000,-43.000000,-104.000000,64.000000,24.000000,-13.000000
1874,6.000000,-6.000000,-8.000000,-63.000000,-84.000000,64.000000,28.000000,-15.000000
1875,8.000000,-6.000000,-7.000000,-83.000000,-97.000000,64.000000,28.000000,-1.000000
1876,8.000000,4.000000,-7.000000,-94.000000,-97.000000,57.000000,28.000000,4.000000
1877,7.000000,4.000000,0.000000,-88.000000,-85.000000,57.000000,28.000000,1.000000
1878,-1.000000,4.000000,3.000000,-16.000000,-74.000000,57.000000,28.000000,2.000000
1879,-1.000000,4.000000,3.000000,78.000000,-74.000000,57.000000,13.000000,2.000000
1880,-2.000000,24.000000,0.000000,120.000000,-61.000000,9.000000,13.000000,12.000000
1881,21.000000,24.000000,6.000000,141.000000,-44.000000,9.000000,13.000000,29.000000
1882,33.000000,24.000000,8.000000,112.000000,-35.000000,9.000000,13.000000,17.000000
1883,33.000000,44.000000,8.000000,55.000000,-35.000000,-4.000000,18.000000,-4.000000
1884,22.000000,44.000000,-1.000000,0.000000,-28.000000,-4.000000,18.000000,-20.000000
1885,28.000000,44.000000,-17.000000,-70.000000,-20.000000,-4.000000,18.000000,-40.000000
1886,28.000000,44.000000,-17.000000,-59.000000,-20.000000,-4.000000,18.000000,-37.000000
1887,17.000000,43.000000,-24.000000,12.000000,0.000000,-18.000000,15.000000,-23.000000
1888,-8.000000,43.000000,-6.000000,40.000000,0.000000,-18.000000,15.000000,-23.000000
1889,-8.000000,43.000000,-6.000000,37.000000,0.000000,-18.000000,15.000000,12.000000
1890,-9.000000,38.000000,2.000000,47.000000,-7.000000,-48.000000,15.000000,29.000000
1891,-9.000000,38.000000,-3.000000,62.000000,-7.000000,-48.000000,15.000000,29.000000
1892,-9.000000,38.000000,-3.000000,57.000000,-7.000000,-48.000000,-9.000000,-7.000000
1893,-10.000000,38.000000,-1.000000,51.000000,-6.000000,-48.000000,-9.000000,-15.000000
1894,-6.000000,33.000000,14.000000,42.000000,8.000000,-68.000000,-9.000000,-15.000000
1895,-8.000000,33.000000,21.000000,20.000000,10.000000,-68.000000,-9.000000,-55.000000
1896,-8.000000,33.000000,21.000000,11.000000,10.000000,-68.000000,-9.000000,-63.000000
1897,-4.000000,29.000000,12.000000,0.000000,0.000000,-65.000000,-9.000000,-63.000000
1898,-2.000000,29.000000,8.000000,-3.000000,15.000000,-65.000000,-9.000000,98.000000
1899,-2.000000,29.000000,8.000000,0.000000,15.000000,-65.000000,-9.000000,189.000000
1900,-1.000000,29.000000,7.000000,-9.000000,38.000000,-65.000000,-9.000000,189.000000
1901,0.000000,0.000000,12.000000,-15.000000,27.000000,-7.000000,-4.000000,109.000000
1902,0.000000,0.000000,12.000000,-4.000000,27.000000,-11.000000,-4.000000,9.000000
1903,-2.000000,0.000000,13.000000,-35.000000,-3.000000,-5.000000,-4.000000,9.000000
1904,-1.000000,5.000000,6.000000,-35.000000,-10.000000,-5.000000,-4.000000,-81.000000
1905,-1.000000,5.000000,8.000000,-37.000000,22.000000,12.000000,-15.000000,-140.000000
1906,-1.000000,5.000000,8.000000,-8.000000,22.000000,15.000000,-15.000000,-140.000000
1907,0.000000,5.000000,5.000000,-8.000000,43.000000,15.000000,-15.000000,-124.000000
1908,0.000000,-1.000000,-2.000000,5.000000,21.000000,3.000000,-15.000000,-57.000000
1909,0.000000,-1.000000,-2.000000,20.000000,21.000000,-12.000000,-15.000000,24.000000
1910,-2.000000,-1.000000,-2.000000,20.000000,12.000000,-12.000000,-15.000000,24.000000
1911,-2.000000,-1.000000,-2.000000,23.000000,16.000000,-16.000000,-15.000000,89.000000
1912,-2.000000,0.000000,-2.000000,8.000000,16.000000,-10.000000,-15.000000,88.000000
1913,-1.000000,0.000000,-5.000000,8.000000,20.000000,-10.000000,-15.000000,88.000000
1914,0.000000,0.000000,-8.000000,20.000000,28.000000,-7.000000,-7.000000,50.000000
1915,0.000000,0.000000,-8.000000,29.000000,28.000000,-14.000000,-7.000000,23.000000
1916,-4.000000,-4.000000,-7.000000,29.000000,17.000000,-14.000000,-7.000000,23.000000
1917,-4.000000,-4.000000,-7.000000,0.000000,19.000000,-15.000000,-7.000000,13.000000
1918,-4.000000,-4.000000,-1.000000,-5.000000,14.000000,-11.000000,6.000000,10.000000
1919,-2.000000,-4.000000,-1.000000,-5.000000,8.000000,-11.000000,6.000000,10.000000
1920,-2.000000,-7.000000,4.000000,26.000000,8.000000,-18.000000,6.000000,-18.000000
1921,-2.000000,-7.000000,1.000000,28.000000,9.000000,-14.000000,6.000000,-34.000000
1922,-2.000000,-7.000000,1.000000,28.000000,1.000000,-14.000000,6.000000,-34.000000
1923,-1.000000,-7.000000,-4.000000,10.000000,-7.000000,-7.000000,33.000000,-16.000000
1924,-1.000000,8.000000,-4.000000,8.000000,-5.000000,-8.000000,33.000000,13.000000
1925,-1.000000,8.000000,-4.000000,12.000000,-4.000000,2.000000,33.000000,13.000000
1926,-1.000000,8.000000,0.000000,12.000000,-9.000000,2.000000,33.000000,37.000000
1927,9.000000,8.000000,-11.000000,18.000000,-6.000000,-6.000000,66.000000,-7.000000
1928,9.000000,14.000000,-11.000000,15.000000,-1.000000,-18.000000,66.000000,-7.000000
1929,9.000000,14.000000,-11.000000,15.000000,8.000000,-18.000000,66.000000,-74.000000
1930,9.000000,14.000000,2.000000,6.000000,23.000000,10.000000,66.000000,-85.000000
1931,14.000000,14.000000,2.000000,-7.000000,28.000000,36.000000,66.000000,-85.000000
1932,14.000000,30.000000,2.000000,-7.000000,29.000000,36.000000,106.000000,1.000000
1933,14.000000,30.000000,9.000000,-19.000000,17.000000,39.000000,106.000000,1.000000
1934,14.000000,30.000000,9.000000,-11.000000,-7.000000,2.000000,79.000000,1.000000
1935,10.000000,30.000000,25.000000,-11.000000,-18.000000,2.000000,79.000000,-31.000000
1936,10.000000,64.000000,18.000000,-9.000000,-24.000000,-24.000000,-29.000000,-31.000000
1937,10.000000,64.000000,18.000000,-5.000000,-23.000000,-7.000000,-29.000000,-31.000000
1938,10.000000,64.000000,5.000000,-5.000000,-20.000000,-7.000000,-29.000000,-31.000000
1939,0.000000,64.000000,5.000000,14.000000,-29.000000,-11.000000,-101.000000,-54.000000
1940,0.000000,84.000000,6.000000,13.000000,-35.000000,-5.000000,-101.000000,-54.000000
1941,0.000000,84.000000,6.000000,13.000000,-31.000000,-5.000000,-109.000000,-54.000000
1942,0.000000,84.000000,4.000000,7.000000,-13.000000,18.000000,-109.000000,-54.000000
1943,-10.000000,64.000000,5.000000,22.000000,0.000000,23.000000,-109.000000,-81.000000
1944,-10.000000,64.000000,5.000000,22.000000,0.000000,23.000000,-101.000000,-81.000000
1945,-10.000000,64.000000,5.000000,23.000000,2.000000,19.000000,-101.000000,-81.000000
1946,-10.000000,64.000000,2.000000,13.000000,-4.000000,0.000000,-73.000000,-81.000000
1947,-6.000000,4.000000,2.000000,13.000000,-4.000000,0.000000,-73.000000,-99.000000
1948,-6.000000,4.000000,0.000000,9.000000,8.000000,-13.000000,-73.000000,-99.000000
1949,-6.000000,4.000000,-7.000000,9.000000,12.000000,-7.000000,-43.000000,-99.000000
1950,-6.000000,4.000000,-7.000000,-21.000000,16.000000,-7.000000,-43.000000,-99.000000
1951,-3.000000,-30.000000,-13.000000,-21.000000,-6.000000,-6.000000,-51.000000,-63.000000
1952,-3.000000,-30.000000,-7.000000,-25.000000,-17.000000,-6.000000,-51.000000,-63.000000
1953,-3.000000,-30.000000,-7.000000,-25.000000,-5.000000,-10.000000,-65.000000,-63.000000
1954,-3.000000,-30.000000,1.000000,-25.000000,12.000000,-10.000000,-65.000000,-63.000000
1955,-5.000000,-27.000000,-4.000000,17.000000,-28.000000,-10.000000,-65.000000,-23.000000
1956,-5.000000,-27.000000,-4.000000,17.000000,-12.000000,-10.000000,-43.000000,-23.000000
1957,-5.000000,-27.000000,-14.000000,12.000000,-8.000000,-7.000000,-43.000000,-23.000000
1958,-6.000000,-27.000000,-10.000000,12.000000,-1.000000,-7.000000,-6.000000,-23.000000
1959,-6.000000,-21.000000,-10.000000,12.000000,8.000000,0.000000,-6.000000,-43.000000
1960,-6.000000,-21.000000,-1.000000,0.000000,-6.000000,0.000000,-6.000000,-43.000000
1961,-6.000000,-21.000000,2.000000,0.000000,-11.000000,5.000000,27.000000,-43.000000
1962,-4.000000,-21.000000,2.000000,8.000000,-9.000000,5.000000,27.000000,-43.000000
1963,-4.000000,-20.000000,-11.000000,8.000000,6.000000,-2.000000,59.000000,-53.000000
1964,-4.000000,-20.000000,-8.000000,8.000000,6.000000,-2.000000,59.000000,-53.000000
1965,-4.000000,-20.000000,-1.000000,-28.000000,6.000000,-21.000000,59.000000,-53.000000
1966,-3.000000,-20.000000,10.000000,-28.000000,6.000000,-21.000000,65.000000,-53.000000
1967,-3.000000,-30.000000,7.000000,-62.000000,6.000000,-25.000000,65.000000,-12.000000
1968,-3.000000,-30.000000,0.000000,-62.000000,6.000000,-25.000000,43.000000,-12.000000
1969,-3.000000,-30.000000,-13.000000,-45.000000,-1.000000,-19.000000,43.000000,-12.000000
1970,2.000000,-30.000000,0.000000,-45.000000,-1.000000,-19.000000,41.000000,-12.000000
1971,2.000000,-24.000000,9.000000,-45.000000,-1.000000,-17.000000,41.000000,29.000000
1972,2.000000,-24.000000,1.000000,-40.000000,-1.000000,-17.000000,41.000000,29.000000
1973,2.000000,-24.000000,-5.000000,-40.000000,-1.000000,-13.000000,57.000000,29.000000
1974,7.000000,-24.000000,10.000000,-48.000000,-1.000000,-13.000000,57.000000,25.000000
1975,7.000000,-24.000000,7.000000,-48.000000,-16.000000,-11.000000,57.000000,25.000000
1976,7.000000,-24.000000,3.000000,-48.000000,-16.000000,-11.000000,57.000000,25.000000
1977,7.000000,-24.000000,5.000000,-15.000000,-16.000000,-11.000000,57.000000,25.000000
1978,2.000000,-24.000000,3.000000,-15.000000,-16.000000,0.000000,44.000000,12.000000
1979,2.000000,-43.000000,3.000000,8.000000,-16.000000,0.000000,44.000000,12.000000
1980,2.000000,-43.000000,-1.000000,8.000000,-16.000000,11.000000,35.000000,12.000000
1981,2.000000,-43.000000,-1.000000,8.000000,-16.000000,11.000000,35.000000,12.000000
1982,5.000000,-43.000000,-2.000000,29.000000,-14.000000,14.000000,35.000000,5.000000
1983,5.000000,-50.000000,-2.000000,29.000000,-14.000000,14.000000,37.000000,5.000000
1984,5.000000,-50.000000,-6.000000,46.000000,-14.000000,13.000000,37.000000,5.000000
1985,5.000000,-50.000000,-6.000000,46.000000,-14.000000,13.000000,35.000000,5.000000
1986,4.000000,-50.000000,-13.000000,46.000000,-14.000000,0.000000,35.000000,-1.000000
1987,4.000000,-50.000000,-13.000000,37.000000,-14.000000,0.000000,35.000000,-1.000000
1988,4.000000,-50.000000,-11.000000,37.000000,-28.000000,-10.000000,21.000000,-1.000000
1989,4.000000,-50.000000,-11.000000,51.000000,-28.000000,-10.000000,21.000000,-1.000000
1990,-7.000000,-44.000000,-20.000000,51.000000,-28.000000,-5.000000,16.000000,17.000000
1991,-7.000000,-44.000000,-20.000000,8.000000,-28.000000,-5.000000,16.000000,17.000000
1992,-7.000000,-44.000000,-32.000000,8.000000,-28.000000,-14.000000,2.000000,17.000000
1993,-7.000000,-44.000000,-32.000000,8.000000,-28.000000,-14.000000,2.000000,17.000000
1994,-6.000000,-19.000000,-10.000000,-53.000000,-25.000000,-20.000000,2.000000,34.000000
1995,-6.000000,-19.000000,-10.000000,-53.000000,-25.000000,-20.000000,-28.000000,34.000000
1996,-6.000000,-19.000000,5.000000,-25.000000,-25.000000,-6.000000,-28.000000,34.000000
1997,-6.000000,-19.000000,5.000000,-25.000000,-25.000000,-6.000000,-30.000000,34.000000
1998,-8.000000,16.000000,0.000000,-25.000000,-25.000000,19.000000,-30.000000,26.000000
1999,-8.000000,16.000000,0.000000,9.000000,-25.000000,19.000000,-30.000000,26.000000
