time_ms,R1_Roll,R1_Pitch,R1_Yaw,R2_Roll,R2_Pitch,R2_Yaw,R3_Roll,R3_Pitch,R3_Yaw,R4_Roll,R4_Pitch,R4_Yaw
0,20.000000,-16.000000,-114.000000,-18.000000,-3.000000,-108.000000,-14.000000,-3.000000,163.000000,65.000000,7.000000,-90.000000
1,20.000000,-16.000000,-114.000000,-18.000000,-3.000000,-108.000000,-14.000000,-3.000000,163.000000,65.000000,7.000000,-90.000000
2,20.000000,-16.000000,-114.000000,-18.000000,-3.000000,-108.000000,-14.000000,-3.000000,163.000000,65.000000,7.000000,-90.000000
3,20.000000,-16.000000,-114.000000,-18.000000,-3.000000,-108.000000,-14.000000,-3.000000,163.000000,65.000000,7.000000,-90.000000
4,20.000000,-16.000000,-114.000000,-18.000000,-3.000000,-108.000000,-14.000000,-3.000000,163.000000,65.000000,7.000000,-90.000000
5,20.000000,-16.000000,-114.000000,-18.000000,-3.000000,-108.000000,-14.000000,-3.000000,163.000000,65.000000,7.000000,-90.000000
6,20.000000,-16.000000,-114.000000,-18.000000,-3.000000,-108.000000,-14.000000,-3.000000,163.000000,65.000000,7.000000,-90.000000
7,20.000000,-16.000000,-114.000000,-18.000000,-3.000000,-108.000000,-14.000000,-3.000000,163.000000,65.000000,7.000000,-90.000000
8,20.000000,-16.000000,-114.000000,-18.000000,-3.000000,-108.000000,-14.000000,-3.000000,163.000000,65.000000,7.000000,-90.000000
9,20.000000,-16.000000,-114.000000,-18.000000,-3.000000,-108.000000,-14.000000,-3.000000,163.000000,65.000000,7.000000,-90.000000
10,20.000000,-16.000000,-114.000000,-18.000000,-3.000000,-108.000000,-14.000000,-3.000000,163.000000,65.000000,7.000000,-90.000000
11,20.000000,-16.000000,-114.000000,-18.000000,-3.000000,-108.000000,-14.000000,-3.000000,163.000000,65.000000,7.000000,-90.000000
12,20.000000,-16.000000,-114.000000,-18.000000,-3.000000,-108.000000,-14.000000,-3.000000,163.000000,65.000000,7.000000,-90.000000
13,20.000000,-16.000000,-114.000000,-18.000000,-3.000000,-108.000000,-14.000000,-3.000000,163.000000,65.000000,7.000000,-90.000000
14,20.000000,-16.000000,-114.000000,-18.000000,-3.000000,-108.000000,-14.000000,-3.000000,163.000000,65.000000,7.000000,-90.000000
15,20.000000,-16.000000,-114.000000,-18.000000,-3.000000,-108.000000,-14.000000,-3.000000,163.000000,65.000000,7.000000,-90.000000
16,20.000000,-16.000000,-114.000000,-18.000000,-3.000000,-108.000000,-14.000000,-3.000000,163.000000,65.000000,7.000000,-90.000000
17,20.000000,-16.000000,-114.000000,-18.000000,-3.000000,-108.000000,-14.000000,-3.000000,163.000000,65.000000,7.000000,-90.000000
18,20.000000,-16.000000,-114.000000,-18.000000,-3.000000,-108.000000,-14.000000,-3.000000,163.000000,65.000000,7.000000,-90.000000
19,20.000000,-16.000000,-114.000000,-18.000000,-3.000000,-108.000000,-14.000000,-3.000000,163.000000,65.000000,7.000000,-90.000000
20,20.000000,-16.000000,-114.000000,-18.000000,-3.000000,-108.000000,-14.000000,-3.000000,163.000000,65.000000,7.000000,-90.000000
21,20.000000,-16.000000,-114.000000,-18.000000,-3.000000,-108.000000,-14.000000,-3.000000,163.000000,65.000000,7.000000,-90.000000
22,20.000000,-16.000000,-114.000000,-18.000000,-3.000000,-108.000000,-14.000000,-3.000000,163.000000,65.000000,7.000000,-90.000000
23,20.000000,-16.000000,-114.000000,-18.000000,-3.000000,-108.000000,-14.000000,-3.000000,163.000000,65.000000,7.000000,-90.000000
24,20.000000,-16.000000,-114.000000,-18.000000,-3.000000,-108.000000,-14.000000,-3.000000,163.000000,65.000000,7.000000,-90.000000
25,20.000000,-16.000000,-114.000000,-18.000000,-3.000000,-108.000000,-14.000000,-3.000000,163.000000,65.000000,7.000000,-90.000000
26,20.000000,-16.000000,-114.000000,-18.000000,-3.000000,-108.000000,-14.000000,-3.000000,163.000000,65.000000,7.000000,-90.000000
27,20.000000,-16.000000,-114.000000,-18.000000,-3.000000,-108.000000,-14.000000,-3.000000,163.000000,65.000000,7.000000,-90.000000
28,20.000000,-16.000000,-114.000000,-18.000000,-3.000000,-108.000000,-14.000000,-3.000000,163.000000,65.000000,7.000000,-90.000000
29,20.000000,-16.000000,-114.000000,-18.000000,-3.000000,-108.000000,-14.000000,-3.000000,163.000000,65.000000,7.000000,-90.000000
30,20.000000,-16.000000,-114.000000,-18.000000,-3.000000,-108.000000,-14.000000,-3.000000,163.000000,65.000000,7.000000,-90.000000
31,20.000000,-16.000000,-114.000000,-18.000000,-3.000000,-108.000000,-14.000000,-3.000000,163.000000,65.000000,7.000000,-90.000000
32,20.000000,-16.000000,-114.000000,-18.000000,-3.000000,-108.000000,-14.000000,-3.000000,163.000000,65.000000,7.000000,-90.000000
33,20.000000,-16.000000,-114.000000,-18.000000,-3.000000,-108.000000,-14.000000,-3.000000,163.000000,65.000000,7.000000,-90.000000
34,20.000000,-16.000000,-114.000000,-18.000000,-3.000000,-108.000000,-14.000000,-3.000000,163.000000,65.000000,7.000000,-90.000000
35,20.000000,-16.000000,-114.000000,-18.000000,-3.000000,-108.000000,-14.000000,-3.000000,163.000000,65.000000,7.000000,-90.000000
36,20.000000,-16.000000,-114.000000,-18.000000,-3.000000,-108.000000,-14.000000,-3.000000,163.000000,65.000000,7.000000,-90.000000
37,20.000000,-16.000000,-114.000000,-18.000000,-3.000000,-108.000000,-14.000000,-3.000000,163.000000,65.000000,7.000000,-90.000000
38,20.000000,-16.000000,-114.000000,-18.000000,-3.000000,-108.000000,-14.000000,-3.000000,163.000000,65.000000,7.000000,-90.000000
39,20.000000,-16.000000,-114.000000,-18.000000,-3.000000,-108.000000,-14.000000,-3.000000,163.000000,65.000000,7.000000,-90.000000
40,20.000000,-16.000000,-114.000000,-18.000000,-3.000000,-108.000000,-14.000000,-3.000000,163.000000,65.000000,7.000000,-90.000000
41,20.000000,-16.000000,-114.000000,-18.000000,-3.000000,-108.000000,-14.000000,-3.000000,163.000000,65.000000,7.000000,-90.000000
42,20.000000,-16.000000,-114.000000,-18.000000,-3.000000,-108.000000,-14.000000,-3.000000,163.000000,65.000000,7.000000,-90.000000
43,20.000000,-16.000000,-114.000000,-18.000000,-3.000000,-108.000000,-14.000000,-3.000000,163.000000,65.000000,7.000000,-90.000000
44,20.000000,-16.000000,-114.000000,-18.000000,-3.000000,-108.000000,-14.000000,-3.000000,163.000000,65.000000,7.000000,-90.000000
45,20.000000,-16.000000,-114.000000,-18.000000,-3.000000,-108.000000,-14.000000,-3.000000,163.000000,65.000000,7.000000,-90.000000
46,20.000000,-16.000000,-114.000000,-18.000000,-3.000000,-108.000000,-14.000000,-3.000000,163.000000,65.000000,7.000000,-90.000000
47,20.000000,-16.000000,-114.000000,-18.000000,-3.000000,-108.000000,-14.000000,-3.000000,163.000000,65.000000,7.000000,-90.000000
48,20.000000,-16.000000,-114.000000,-18.000000,-3.000000,-108.000000,-14.000000,-3.000000,163.000000,65.000000,7.000000,-90.000000
49,20.000000,-16.000000,-114.000000,-18.000000,-3.000000,-108.000000,-14.000000,-3.000000,163.000000,65.000000,7.000000,-90.000000
50,20.000000,-16.000000,-114.000000,-18.000000,-3.000000,-108.000000,-14.000000,-3.000000,163.000000,65.000000,7.000000,-90.000000
51,20.000000,-16.000000,-114.000000,-18.000000,-3.000000,-108.000000,-14.000000,-3.000000,163.000000,65.000000,7.000000,-90.000000
52,20.000000,-16.000000,-114.000000,-18.000000,-3.000000,-108.000000,-14.000000,-3.000000,163.000000,65.000000,7.000000,-90.000000
53,20.000000,-16.000000,-114.000000,-18.000000,-3.000000,-108.000000,-14.000000,-3.000000,163.000000,65.000000,7.000000,-90.000000
54,20.000000,-16.000000,-114.000000,-18.000000,-3.000000,-108.000000,-14.000000,-3.000000,163.000000,65.000000,7.000000,-90.000000
55,20.000000,-16.000000,-114.000000,-18.000000,-3.000000,-108.000000,-14.000000,-3.000000,163.000000,65.000000,7.000000,-90.000000
56,20.000000,-16.000000,-114.000000,-18.000000,-3.000000,-108.000000,-14.000000,-3.000000,163.000000,65.000000,7.000000,-90.000000
57,20.000000,-16.000000,-114.000000,-18.000000,-3.000000,-108.000000,-14.000000,-3.000000,163.000000,65.000000,7.000000,-90.000000
58,20.000000,-16.000000,-114.000000,-18.000000,-3.000000,-108.000000,-14.000000,-3.000000,163.000000,65.000000,7.000000,-90.000000
59,20.000000,-16.000000,-114.000000,-18.000000,-3.000000,-108.000000,-14.000000,-3.000000,163.000000,65.000000,7.000000,-90.000000
60,20.000000,-16.000000,-114.000000,-18.000000,-3.000000,-108.000000,-14.000000,-3.000000,163.000000,65.000000,7.000000,-90.000000
61,20.000000,-16.000000,-114.000000,-18.000000,-3.000000,-108.000000,-14.000000,-3.000000,163.000000,65.000000,7.000000,-90.000000
62,20.000000,-16.000000,-114.000000,-18.000000,-3.000000,-108.000000,-14.000000,-3.000000,163.000000,65.000000,7.000000,-90.000000
63,20.000000,-16.000000,-114.000000,-18.000000,-3.000000,-108.000000,-14.000000,-3.000000,163.000000,65.000000,7.000000,-90.000000
64,20.000000,-16.000000,-114.000000,-18.000000,-3.000000,-108.000000,-14.000000,-3.000000,163.000000,65.000000,7.000000,-90.000000
65,19.000000,-16.000000,-114.000000,-17.000000,-3.000000,-108.000000,-14.000000,-3.000000,163.000000,65.000000,7.000000,-90.000000
66,19.000000,-16.000000,-114.000000,-17.000000,-3.000000,-108.000000,-14.000000,-3.000000,163.000000,65.000000,7.000000,-90.000000
67,19.000000,-16.000000,-114.000000,-17.000000,-3.000000,-108.000000,-14.000000,-3.000000,163.000000,65.000000,7.000000,-90.000000
68,19.000000,-16.000000,-114.000000,-17.000000,-3.000000,-108.000000,-14.000000,-3.000000,163.000000,65.000000,7.000000,-90.000000
69,19.000000,-16.000000,-114.000000,-17.000000,-3.000000,-108.000000,-14.000000,-3.000000,163.000000,65.000000,7.000000,-90.000000
70,19.000000,-16.000000,-114.000000,-17.000000,-3.000000,-108.000000,-14.000000,-3.000000,163.000000,65.000000,7.000000,-90.000000
71,19.000000,-16.000000,-114.000000,-17.000000,-3.000000,-108.000000,-14.000000,-3.000000,163.000000,65.000000,7.000000,-90.000000
72,19.000000,-16.000000,-114.000000,-17.000000,-3.000000,-108.000000,-13.000000,-3.000000,163.000000,65.000000,7.000000,-90.000000
73,19.000000,-16.000000,-114.000000,-17.000000,-3.000000,-108.000000,-13.000000,-3.000000,163.000000,65.000000,7.000000,-90.000000
74,19.000000,-16.000000,-114.000000,-17.000000,-3.000000,-108.000000,-13.000000,-3.000000,163.000000,65.000000,7.000000,-90.000000
75,19.000000,-16.000000,-114.000000,-17.000000,-3.000000,-108.000000,-13.000000,-3.000000,163.000000,65.000000,7.000000,-90.000000
76,19.000000,-16.000000,-115.000000,-17.000000,-3.000000,-108.000000,-13.000000,-3.000000,163.000000,65.000000,7.000000,-90.000000
77,19.000000,-16.000000,-115.000000,-16.000000,-3.000000,-108.000000,-13.000000,-3.000000,163.000000,65.000000,7.000000,-90.000000
78,19.000000,-16.000000,-115.000000,-16.000000,-3.000000,-108.000000,-13.000000,-3.000000,163.000000,65.000000,7.000000,-90.000000
79,19.000000,-16.000000,-115.000000,-16.000000,-3.000000,-108.000000,-13.000000,-3.000000,163.000000,65.000000,7.000000,-90.000000
80,19.000000,-16.000000,-115.000000,-16.000000,-3.000000,-108.000000,-13.000000,-3.000000,163.000000,65.000000,7.000000,-90.000000
81,19.000000,-16.000000,-115.000000,-16.000000,-3.000000,-108.000000,-13.000000,-3.000000,163.000000,65.000000,7.000000,-90.000000
82,19.000000,-16.000000,-115.000000,-16.000000,-3.000000,-108.000000,-13.000000,-3.000000,163.000000,65.000000,7.000000,-90.000000
83,19.000000,-16.000000,-115.000000,-16.000000,-3.000000,-108.000000,-13.000000,-3.000000,163.000000,65.000000,7.000000,-90.000000
84,19.000000,-16.000000,-115.000000,-16.000000,-3.000000,-108.000000,-13.000000,-3.000000,163.000000,65.000000,7.000000,-90.000000
85,19.000000,-16.000000,-115.000000,-16.000000,-3.000000,-108.000000,-13.000000,-3.000000,163.000000,65.000000,7.000000,-90.000000
86,19.000000,-16.000000,-115.000000,-16.000000,-3.000000,-108.000000,-13.000000,-3.000000,163.000000,65.000000,7.000000,-90.000000
87,19.000000,-16.000000,-115.000000,-16.000000,-3.000000,-108.000000,-13.000000,-3.000000,163.000000,65.000000,7.000000,-90.000000
88,19.000000,-16.000000,-115.000000,-16.000000,-3.000000,-108.000000,-13.000000,-3.000000,163.000000,65.000000,7.000000,-90.000000
89,19.000000,-16.000000,-115.000000,-16.000000,-3.000000,-108.000000,-13.000000,-3.000000,163.000000,65.000000,7.000000,-90.000000
90,19.000000,-16.000000,-115.000000,-16.000000,-3.000000,-108.000000,-13.000000,-3.000000,163.000000,65.000000,7.000000,-90.000000
91,19.000000,-16.000000,-115.000000,-16.000000,-3.000000,-108.000000,-13.000000,-3.000000,163.000000,65.000000,7.000000,-90.000000
92,19.000000,-16.000000,-115.000000,-15.000000,-3.000000,-107.000000,-13.000000,-3.000000,163.000000,65.000000,7.000000,-90.000000
93,19.000000,-16.000000,-115.000000,-15.000000,-3.000000,-107.000000,-13.000000,-3.000000,163.000000,65.000000,7.000000,-90.000000
94,19.000000,-16.000000,-115.000000,-15.000000,-3.000000,-107.000000,-13.000000,-3.000000,163.000000,65.000000,7.000000,-90.000000
95,19.000000,-16.000000,-115.000000,-15.000000,-3.000000,-107.000000,-13.000000,-3.000000,163.000000,65.000000,7.000000,-90.000000
96,19.000000,-16.000000,-115.000000,-15.000000,-3.000000,-107.000000,-13.000000,-3.000000,163.000000,65.000000,7.000000,-90.000000
97,19.000000,-16.000000,-115.000000,-15.000000,-3.000000,-107.000000,-13.000000,-3.000000,163.000000,65.000000,7.000000,-90.000000
98,19.000000,-16.000000,-115.000000,-15.000000,-3.000000,-107.000000,-13.000000,-3.000000,163.000000,65.000000,7.000000,-90.000000
99,19.000000,-16.000000,-115.000000,-15.000000,-3.000000,-107.000000,-13.000000,-3.000000,163.000000,65.000000,7.000000,-90.000000
100,19.000000,-16.000000,-115.000000,-15.000000,-3.000000,-107.000000,-13.000000,-3.000000,163.000000,65.000000,7.000000,-90.000000
101,19.000000,-16.000000,-115.000000,-15.000000,-3.000000,-107.000000,-13.000000,-3.000000,163.000000,65.000000,7.000000,-90.000000
102,19.000000,-16.000000,-115.000000,-15.000000,-3.000000,-107.000000,-13.000000,-3.000000,164.000000,65.000000,7.000000,-90.000000
103,19.000000,-16.000000,-115.000000,-15.000000,-3.000000,-107.000000,-13.000000,-3.000000,164.000000,65.000000,7.000000,-90.000000
104,19.000000,-16.000000,-115.000000,-15.000000,-3.000000,-107.000000,-13.000000,-3.000000,164.000000,65.000000,7.000000,-90.000000
105,18.000000,-16.000000,-115.000000,-15.000000,-3.000000,-107.000000,-13.000000,-3.000000,164.000000,65.000000,7.000000,-90.000000
106,18.000000,-16.000000,-115.000000,-15.000000,-3.000000,-107.000000,-13.000000,-3.000000,164.000000,65.000000,7.000000,-90.000000
107,18.000000,-16.000000,-115.000000,-15.000000,-3.000000,-107.000000,-13.000000,-3.000000,164.000000,65.000000,7.000000,-90.000000
108,18.000000,-16.000000,-115.000000,-15.000000,-3.000000,-107.000000,-13.000000,-3.000000,164.000000,65.000000,7.000000,-90.000000
109,18.000000,-16.000000,-115.000000,-15.000000,-3.000000,-107.000000,-13.000000,-3.000000,164.000000,65.000000,7.000000,-90.000000
110,18.000000,-16.000000,-115.000000,-15.000000,-3.000000,-107.000000,-13.000000,-3.000000,164.000000,65.000000,7.000000,-90.000000
111,18.000000,-16.000000,-115.000000,-15.000000,-3.000000,-107.000000,-13.000000,-3.000000,164.000000,65.000000,7.000000,-90.000000
112,18.000000,-16.000000,-115.000000,-15.000000,-3.000000,-107.000000,-13.000000,-3.000000,164.000000,65.000000,7.000000,-90.000000
113,18.000000,-16.000000,-115.000000,-15.000000,-3.000000,-107.000000,-13.000000,-3.000000,164.000000,65.000000,7.000000,-90.000000
114,18.000000,-16.000000,-115.000000,-15.000000,-3.000000,-107.000000,-13.000000,-3.000000,164.000000,65.000000,7.000000,-90.000000
115,18.000000,-16.000000,-115.000000,-15.000000,-3.000000,-107.000000,-13.000000,-3.000000,164.000000,65.000000,7.000000,-90.000000
116,18.000000,-16.000000,-115.000000,-15.000000,-3.000000,-107.000000,-13.000000,-3.000000,164.000000,65.000000,7.000000,-90.000000
117,18.000000,-16.000000,-115.000000,-15.000000,-3.000000,-107.000000,-13.000000,-3.000000,164.000000,65.000000,7.000000,-90.000000
118,18.000000,-16.000000,-115.000000,-15.000000,-3.000000,-107.000000,-13.000000,-3.000000,164.000000,65.000000,7.000000,-90.000000
119,18.000000,-16.000000,-115.000000,-15.000000,-3.000000,-107.000000,-13.000000,-3.000000,164.000000,65.000000,7.000000,-90.000000
120,18.000000,-16.000000,-115.000000,-15.000000,-3.000000,-107.000000,-13.000000,-3.000000,164.000000,65.000000,7.000000,-90.000000
121,18.000000,-16.000000,-115.000000,-15.000000,-3.000000,-107.000000,-13.000000,-3.000000,164.000000,65.000000,7.000000,-90.000000
122,18.000000,-16.000000,-115.000000,-15.000000,-3.000000,-107.000000,-13.000000,-3.000000,164.000000,65.000000,7.000000,-90.000000
123,18.000000,-16.000000,-115.000000,-15.000000,-3.000000,-107.000000,-13.000000,-3.000000,164.000000,65.000000,7.000000,-90.000000
124,18.000000,-16.000000,-115.000000,-15.000000,-3.000000,-107.000000,-13.000000,-3.000000,164.000000,65.000000,7.000000,-90.000000
125,18.000000,-16.000000,-115.000000,-15.000000,-3.000000,-107.000000,-13.000000,-3.000000,164.000000,65.000000,7.000000,-90.000000
126,18.000000,-16.000000,-115.000000,-15.000000,-3.000000,-107.000000,-13.000000,-3.000000,164.000000,65.000000,7.000000,-90.000000
127,18.000000,-16.000000,-115.000000,-15.000000,-3.000000,-107.000000,-13.000000,-3.000000,164.000000,65.000000,7.000000,-90.000000
128,18.000000,-16.000000,-115.000000,-15.000000,-3.000000,-107.000000,-13.000000,-3.000000,164.000000,65.000000,7.000000,-90.000000
129,18.000000,-16.000000,-115.000000,-15.000000,-3.000000,-107.000000,-13.000000,-3.000000,164.000000,65.000000,7.000000,-90.000000
130,18.000000,-16.000000,-115.000000,-15.000000,-3.000000,-107.000000,-13.000000,-3.000000,164.000000,65.000000,7.000000,-90.000000
131,18.000000,-16.000000,-115.000000,-15.000000,-3.000000,-107.000000,-13.000000,-3.000000,164.000000,65.000000,7.000000,-90.000000
132,18.000000,-16.000000,-115.000000,-15.000000,-3.000000,-107.000000,-13.000000,-3.000000,164.000000,65.000000,7.000000,-90.000000
133,18.000000,-16.000000,-115.000000,-15.000000,-3.000000,-107.000000,-13.000000,-3.000000,164.000000,65.000000,7.000000,-90.000000
134,18.000000,-16.000000,-115.000000,-15.000000,-3.000000,-107.000000,-13.000000,-3.000000,164.000000,65.000000,7.000000,-90.000000
135,18.000000,-16.000000,-115.000000,-15.000000,-3.000000,-107.000000,-13.000000,-3.000000,164.000000,65.000000,7.000000,-90.000000
136,18.000000,-16.000000,-115.000000,-15.000000,-3.000000,-107.000000,-13.000000,-3.000000,164.000000,65.000000,7.000000,-90.000000
137,18.000000,-16.000000,-115.000000,-15.000000,-3.000000,-107.000000,-13.000000,-3.000000,164.000000,65.000000,7.000000,-90.000000
138,18.000000,-16.000000,-115.000000,-15.000000,-3.000000,-107.000000,-13.000000,-3.000000,164.000000,65.000000,7.000000,-90.000000
139,18.000000,-16.000000,-115.000000,-15.000000,-3.000000,-107.000000,-13.000000,-3.000000,164.000000,65.000000,7.000000,-90.000000
140,18.000000,-16.000000,-115.000000,-15.000000,-3.000000,-107.000000,-13.000000,-3.000000,164.000000,65.000000,7.000000,-90.000000
141,18.000000,-16.000000,-115.000000,-15.000000,-3.000000,-107.000000,-13.000000,-3.000000,164.000000,65.000000,7.000000,-90.000000
142,18.000000,-16.000000,-115.000000,-15.000000,-3.000000,-107.000000,-13.000000,-3.000000,164.000000,65.000000,7.000000,-90.000000
143,18.000000,-16.000000,-115.000000,-15.000000,-3.000000,-107.000000,-13.000000,-3.000000,164.000000,65.000000,7.000000,-90.000000
144,18.000000,-16.000000,-115.000000,-15.000000,-3.000000,-107.000000,-13.000000,-3.000000,164.000000,65.000000,7.000000,-90.000000
145,18.000000,-16.000000,-115.000000,-15.000000,-3.000000,-107.000000,-13.000000,-3.000000,164.000000,65.000000,7.000000,-90.000000
146,18.000000,-16.000000,-115.000000,-15.000000,-3.000000,-107.000000,-13.000000,-3.000000,164.000000,65.000000,7.000000,-90.000000
147,18.000000,-16.000000,-115.000000,-15.000000,-3.000000,-107.000000,-13.000000,-3.000000,164.000000,65.000000,7.000000,-90.000000
148,18.000000,-16.000000,-115.000000,-15.000000,-3.000000,-107.000000,-13.000000,-3.000000,164.000000,65.000000,7.000000,-90.000000
149,18.000000,-16.000000,-115.000000,-15.000000,-3.000000,-107.000000,-13.000000,-3.000000,164.000000,65.000000,7.000000,-90.000000
150,18.000000,-16.000000,-115.000000,-15.000000,-3.000000,-107.000000,-13.000000,-3.000000,164.000000,65.000000,7.000000,-90.000000
151,18.000000,-16.000000,-115.000000,-15.000000,-3.000000,-107.000000,-13.000000,-3.000000,164.000000,65.000000,7.000000,-90.000000
152,18.000000,-16.000000,-115.000000,-15.000000,-3.000000,-107.000000,-13.000000,-3.000000,164.000000,65.000000,7.000000,-90.000000
153,18.000000,-16.000000,-115.000000,-15.000000,-3.000000,-107.000000,-13.000000,-3.000000,164.000000,65.000000,7.000000,-90.000000
154,18.000000,-16.000000,-115.000000,-15.000000,-3.000000,-107.000000,-13.000000,-3.000000,164.000000,65.000000,7.000000,-90.000000
155,18.000000,-16.000000,-115.000000,-15.000000,-3.000000,-107.000000,-13.000000,-3.000000,164.000000,65.000000,7.000000,-90.000000
156,18.000000,-16.000000,-115.000000,-15.000000,-3.000000,-107.000000,-13.000000,-3.000000,164.000000,65.000000,7.000000,-90.000000
157,18.000000,-16.000000,-115.000000,-15.000000,-3.000000,-107.000000,-13.000000,-3.000000,164.000000,65.000000,7.000000,-90.000000
158,18.000000,-16.000000,-115.000000,-15.000000,-3.000000,-107.000000,-13.000000,-3.000000,164.000000,65.000000,7.000000,-90.000000
159,18.000000,-16.000000,-115.000000,-15.000000,-3.000000,-107.000000,-13.000000,-3.000000,164.000000,65.000000,7.000000,-90.000000
160,18.000000,-16.000000,-115.000000,-15.000000,-3.000000,-107.000000,-13.000000,-3.000000,164.000000,65.000000,7.000000,-90.000000
161,18.000000,-16.000000,-115.000000,-15.000000,-3.000000,-107.000000,-13.000000,-3.000000,164.000000,65.000000,7.000000,-90.000000
162,18.000000,-16.000000,-115.000000,-15.000000,-3.000000,-107.000000,-13.000000,-3.000000,164.000000,65.000000,7.000000,-90.000000
163,18.000000,-16.000000,-115.000000,-15.000000,-3.000000,-107.000000,-13.000000,-3.000000,164.000000,65.000000,7.000000,-90.000000
164,18.000000,-16.000000,-115.000000,-15.000000,-3.000000,-107.000000,-13.000000,-3.000000,164.000000,65.000000,7.000000,-90.000000
165,18.000000,-16.000000,-115.000000,-15.000000,-3.000000,-107.000000,-13.000000,-3.000000,164.000000,65.000000,7.000000,-90.000000
166,18.000000,-16.000000,-115.000000,-15.000000,-3.000000,-107.000000,-13.000000,-3.000000,164.000000,65.000000,7.000000,-90.000000
167,18.000000,-16.000000,-115.000000,-15.000000,-3.000000,-107.000000,-13.000000,-3.000000,164.000000,65.000000,7.000000,-90.000000
168,18.000000,-16.000000,-115.000000,-15.000000,-3.000000,-107.000000,-13.000000,-3.000000,164.000000,65.000000,7.000000,-90.000000
169,18.000000,-16.000000,-115.000000,-15.000000,-3.000000,-107.000000,-13.000000,-3.000000,164.000000,65.000000,7.000000,-90.000000
170,18.000000,-16.000000,-115.000000,-15.000000,-3.000000,-107.000000,-13.000000,-3.000000,164.000000,65.000000,7.000000,-90.000000
171,18.000000,-16.000000,-115.000000,-15.000000,-3.000000,-107.000000,-13.000000,-3.000000,164.000000,65.000000,7.000000,-90.000000
172,18.000000,-16.000000,-115.000000,-15.000000,-3.000000,-107.000000,-13.000000,-3.000000,164.000000,65.000000,7.000000,-90.000000
173,18.000000,-16.000000,-115.000000,-15.000000,-3.000000,-107.000000,-13.000000,-3.000000,164.000000,65.000000,7.000000,-90.000000
174,18.000000,-16.000000,-115.000000,-15.000000,-3.000000,-107.000000,-13.000000,-3.000000,164.000000,65.000000,7.000000,-90.000000
175,18.000000,-16.000000,-115.000000,-15.000000,-3.000000,-107.000000,-13.000000,-3.000000,164.000000,65.000000,7.000000,-90.000000
176,18.000000,-16.000000,-115.000000,-15.000000,-3.000000,-107.000000,-13.000000,-3.000000,164.000000,65.000000,7.000000,-90.000000
177,18.000000,-16.000000,-115.000000,-15.000000,-3.000000,-107.000000,-13.000000,-3.000000,164.000000,65.000000,7.000000,-90.000000
178,18.000000,-16.000000,-115.000000,-15.000000,-3.000000,-107.000000,-13.000000,-3.000000,164.000000,65.000000,7.000000,-90.000000
179,18.000000,-16.000000,-115.000000,-15.000000,-3.000000,-107.000000,-13.000000,-3.000000,164.000000,65.000000,7.000000,-90.000000
180,18.000000,-16.000000,-115.000000,-15.000000,-3.000000,-107.000000,-13.000000,-3.000000,164.000000,65.000000,7.000000,-90.000000
181,18.000000,-16.000000,-115.000000,-15.000000,-3.000000,-107.000000,-13.000000,-3.000000,164.000000,65.000000,7.000000,-90.000000
182,18.000000,-16.000000,-115.000000,-15.000000,-3.000000,-107.000000,-13.000000,-3.000000,164.000000,65.000000,7.000000,-90.000000
183,18.000000,-16.000000,-115.000000,-15.000000,-3.000000,-107.000000,-13.000000,-3.000000,164.000000,65.000000,7.000000,-90.000000
184,18.000000,-16.000000,-115.000000,-15.000000,-3.000000,-107.000000,-13.000000,-3.000000,164.000000,65.000000,7.000000,-90.000000
185,18.000000,-16.000000,-115.000000,-15.000000,-3.000000,-107.000000,-13.000000,-3.000000,164.000000,65.000000,7.000000,-90.000000
186,18.000000,-16.000000,-115.000000,-15.000000,-3.000000,-107.000000,-13.000000,-3.000000,164.000000,65.000000,7.000000,-90.000000
187,18.000000,-16.000000,-115.000000,-15.000000,-3.000000,-107.000000,-13.000000,-3.000000,164.000000,65.000000,7.000000,-90.000000
188,18.000000,-16.000000,-115.000000,-15.000000,-3.000000,-107.000000,-13.000000,-3.000000,164.000000,65.000000,7.000000,-90.000000
189,18.000000,-16.000000,-115.000000,-15.000000,-3.000000,-107.000000,-13.000000,-3.000000,164.000000,65.000000,7.000000,-90.000000
190,18.000000,-16.000000,-115.000000,-15.000000,-3.000000,-107.000000,-13.000000,-3.000000,164.000000,65.000000,7.000000,-90.000000
191,18.000000,-16.000000,-115.000000,-15.000000,-3.000000,-107.000000,-13.000000,-3.000000,164.000000,65.000000,7.000000,-90.000000
192,18.000000,-16.000000,-115.000000,-15.000000,-3.000000,-107.000000,-13.000000,-3.000000,164.000000,65.000000,7.000000,-90.000000
193,18.000000,-16.000000,-115.000000,-15.000000,-3.000000,-107.000000,-13.000000,-3.000000,164.000000,65.000000,7.000000,-90.000000
194,18.000000,-16.000000,-115.000000,-15.000000,-3.000000,-107.000000,-13.000000,-3.000000,164.000000,65.000000,7.000000,-90.000000
195,18.000000,-16.000000,-115.000000,-15.000000,-3.000000,-107.000000,-13.000000,-3.000000,164.000000,65.000000,7.000000,-90.000000
196,18.000000,-16.000000,-115.000000,-15.000000,-3.000000,-107.000000,-13.000000,-3.000000,164.000000,65.000000,7.000000,-90.000000
197,18.000000,-16.000000,-115.000000,-15.000000,-3.000000,-107.000000,-13.000000,-3.000000,164.000000,65.000000,7.000000,-90.000000
198,18.000000,-16.000000,-115.000000,-15.000000,-3.000000,-107.000000,-13.000000,-3.000000,164.000000,65.000000,7.000000,-90.000000
199,18.000000,-16.000000,-115.000000,-15.000000,-3.000000,-107.000000,-13.000000,-3.000000,164.000000,65.000000,7.000000,-90.000000
200,18.000000,-16.000000,-115.000000,-15.000000,-3.000000,-107.000000,-13.000000,-3.000000,164.000000,65.000000,7.000000,-90.000000
201,18.000000,-16.000000,-115.000000,-15.000000,-3.000000,-107.000000,-13.000000,-3.000000,164.000000,65.000000,7.000000,-90.000000
202,18.000000,-16.000000,-115.000000,-15.000000,-3.000000,-107.000000,-13.000000,-3.000000,164.000000,65.000000,7.000000,-90.000000
203,18.000000,-16.000000,-115.000000,-15.000000,-3.000000,-107.000000,-13.000000,-3.000000,164.000000,65.000000,7.000000,-90.000000
204,18.000000,-16.000000,-115.000000,-15.000000,-3.000000,-107.000000,-13.000000,-3.000000,164.000000,65.000000,7.000000,-90.000000
205,18.000000,-16.000000,-115.000000,-15.000000,-3.000000,-107.000000,-13.000000,-3.000000,164.000000,65.000000,7.000000,-90.000000
206,18.000000,-16.000000,-115.000000,-15.000000,-3.000000,-107.000000,-13.000000,-3.000000,164.000000,65.000000,7.000000,-90.000000
207,18.000000,-16.000000,-115.000000,-15.000000,-3.000000,-107.000000,-13.000000,-3.000000,164.000000,65.000000,7.000000,-90.000000
208,18.000000,-16.000000,-115.000000,-15.000000,-3.000000,-107.000000,-13.000000,-3.000000,164.000000,65.000000,7.000000,-90.000000
209,18.000000,-16.000000,-115.000000,-15.000000,-3.000000,-107.000000,-13.000000,-3.000000,164.000000,65.000000,7.000000,-90.000000
210,18.000000,-16.000000,-115.000000,-15.000000,-3.000000,-107.000000,-13.000000,-3.000000,164.000000,65.000000,7.000000,-90.000000
211,18.000000,-16.000000,-115.000000,-15.000000,-3.000000,-107.000000,-13.000000,-3.000000,164.000000,65.000000,7.000000,-90.000000
212,18.000000,-16.000000,-115.000000,-15.000000,-3.000000,-107.000000,-13.000000,-3.000000,164.000000,65.000000,7.000000,-90.000000
213,18.000000,-16.000000,-115.000000,-15.000000,-3.000000,-107.000000,-13.000000,-3.000000,164.000000,65.000000,7.000000,-90.000000
214,18.000000,-16.000000,-115.000000,-15.000000,-3.000000,-107.000000,-13.000000,-3.000000,164.000000,65.000000,7.000000,-90.000000
215,18.000000,-16.000000,-115.000000,-15.000000,-3.000000,-107.000000,-13.000000,-3.000000,164.000000,65.000000,7.000000,-90.000000
216,18.000000,-16.000000,-115.000000,-15.000000,-3.000000,-107.000000,-13.000000,-3.000000,164.000000,65.000000,7.000000,-90.000000
217,18.000000,-16.000000,-115.000000,-15.000000,-3.000000,-107.000000,-13.000000,-3.000000,164.000000,65.000000,7.000000,-90.000000
218,18.000000,-16.000000,-115.000000,-15.000000,-3.000000,-107.000000,-13.000000,-3.000000,164.000000,65.000000,7.000000,-90.000000
219,18.000000,-16.000000,-115.000000,-15.000000,-3.000000,-107.000000,-13.000000,-3.000000,164.000000,65.000000,7.000000,-90.000000
220,18.000000,-16.000000,-115.000000,-15.000000,-3.000000,-107.000000,-13.000000,-3.000000,164.000000,65.000000,7.000000,-90.000000
221,18.000000,-16.000000,-115.000000,-15.000000,-3.000000,-107.000000,-13.000000,-3.000000,164.000000,65.000000,7.000000,-90.000000
222,18.000000,-16.000000,-115.000000,-15.000000,-3.000000,-107.000000,-13.000000,-3.000000,164.000000,65.000000,7.000000,-90.000000
223,18.000000,-16.000000,-115.000000,-15.000000,-3.000000,-107.000000,-13.000000,-3.000000,164.000000,65.000000,7.000000,-90.000000
224,18.000000,-16.000000,-115.000000,-15.000000,-3.000000,-107.000000,-13.000000,-3.000000,164.000000,65.000000,7.000000,-90.000000
225,18.000000,-16.000000,-115.000000,-15.000000,-3.000000,-107.000000,-13.000000,-3.000000,164.000000,65.000000,7.000000,-90.000000
226,18.000000,-16.000000,-115.000000,-15.000000,-3.000000,-107.000000,-13.000000,-3.000000,164.000000,65.000000,7.000000,-90.000000
227,18.000000,-16.000000,-115.000000,-15.000000,-3.000000,-107.000000,-13.000000,-3.000000,164.000000,65.000000,7.000000,-90.000000
228,18.000000,-16.000000,-115.000000,-15.000000,-3.000000,-107.000000,-13.000000,-3.000000,164.000000,65.000000,7.000000,-90.000000
229,18.000000,-16.000000,-115.000000,-15.000000,-3.000000,-107.000000,-13.000000,-3.000000,164.000000,65.000000,7.000000,-90.000000
230,18.000000,-16.000000,-115.000000,-15.000000,-3.000000,-107.000000,-13.000000,-3.000000,164.000000,65.000000,7.000000,-90.000000
231,18.000000,-16.000000,-115.000000,-15.000000,-3.000000,-107.000000,-13.000000,-3.000000,164.000000,65.000000,7.000000,-90.000000
232,18.000000,-16.000000,-115.000000,-15.000000,-3.000000,-107.000000,-13.000000,-3.000000,164.000000,65.000000,7.000000,-90.000000
233,15.000000,-18.000000,-118.000000,-3.000000,-4.000000,-107.000000,-14.000000,-4.000000,162.000000,65.000000,7.000000,-90.000000
234,15.000000,-18.000000,-118.000000,-3.000000,-4.000000,-107.000000,-14.000000,-4.000000,162.000000,65.000000,7.000000,-90.000000
235,15.000000,-18.000000,-118.000000,-3.000000,-4.000000,-107.000000,-14.000000,-4.000000,162.000000,65.000000,7.000000,-90.000000
236,15.000000,-18.000000,-118.000000,-3.000000,-4.000000,-107.000000,-14.000000,-4.000000,162.000000,65.000000,7.000000,-90.000000
237,15.000000,-18.000000,-118.000000,-3.000000,-4.000000,-107.000000,-14.000000,-4.000000,161.000000,65.000000,7.000000,-90.000000
238,15.000000,-18.000000,-118.000000,-3.000000,-4.000000,-107.000000,-14.000000,-4.000000,161.000000,65.000000,7.000000,-90.000000
239,15.000000,-18.000000,-118.000000,-3.000000,-4.000000,-107.000000,-14.000000,-4.000000,161.000000,65.000000,7.000000,-90.000000
240,14.000000,-19.000000,-118.000000,-3.000000,-4.000000,-107.000000,-14.000000,-4.000000,161.000000,65.000000,7.000000,-90.000000
241,14.000000,-19.000000,-118.000000,-2.000000,-4.000000,-107.000000,-14.000000,-4.000000,161.000000,65.000000,7.000000,-90.000000
242,14.000000,-19.000000,-118.000000,-2.000000,-4.000000,-107.000000,-14.000000,-4.000000,161.000000,65.000000,7.000000,-90.000000
243,14.000000,-19.000000,-118.000000,-2.000000,-4.000000,-107.000000,-14.000000,-4.000000,161.000000,65.000000,7.000000,-90.000000
244,14.000000,-19.000000,-118.000000,-2.000000,-4.000000,-107.000000,-14.000000,-4.000000,161.000000,65.000000,7.000000,-90.000000
245,14.000000,-19.000000,-118.000000,-2.000000,-4.000000,-107.000000,-14.000000,-4.000000,161.000000,65.000000,7.000000,-90.000000
246,14.000000,-19.000000,-118.000000,-2.000000,-4.000000,-107.000000,-14.000000,-4.000000,161.000000,65.000000,7.000000,-90.000000
247,14.000000,-19.000000,-118.000000,-2.000000,-4.000000,-107.000000,-14.000000,-4.000000,161.000000,65.000000,7.000000,-90.000000
248,14.000000,-19.000000,-118.000000,-2.000000,-4.000000,-107.000000,-14.000000,-4.000000,161.000000,65.000000,7.000000,-90.000000
249,14.000000,-19.000000,-118.000000,-2.000000,-4.000000,-107.000000,-14.000000,-4.000000,161.000000,65.000000,7.000000,-90.000000
250,14.000000,-19.000000,-118.000000,-2.000000,-4.000000,-107.000000,-14.000000,-4.000000,161.000000,65.000000,7.000000,-90.000000
251,14.000000,-19.000000,-118.000000,-2.000000,-4.000000,-107.000000,-14.000000,-4.000000,161.000000,65.000000,7.000000,-90.000000
252,14.000000,-19.000000,-118.000000,-2.000000,-4.000000,-107.000000,-14.000000,-4.000000,161.000000,65.000000,7.000000,-90.000000
253,14.000000,-19.000000,-118.000000,-2.000000,-4.000000,-107.000000,-14.000000,-4.000000,161.000000,65.000000,7.000000,-90.000000
254,14.000000,-19.000000,-118.000000,-2.000000,-4.000000,-107.000000,-14.000000,-4.000000,161.000000,65.000000,7.000000,-90.000000
255,13.000000,-19.000000,-119.000000,-2.000000,-4.000000,-107.000000,-14.000000,-4.000000,161.000000,65.000000,7.000000,-90.000000
256,13.000000,-19.000000,-119.000000,-1.000000,-4.000000,-108.000000,-14.000000,-4.000000,161.000000,65.000000,7.000000,-90.000000
257,13.000000,-19.000000,-119.000000,-1.000000,-4.000000,-108.000000,-14.000000,-4.000000,161.000000,65.000000,7.000000,-90.000000
258,13.000000,-19.000000,-119.000000,-1.000000,-4.000000,-108.000000,-14.000000,-4.000000,161.000000,65.000000,7.000000,-90.000000
259,13.000000,-19.000000,-119.000000,-1.000000,-4.000000,-108.000000,-14.000000,-4.000000,161.000000,65.000000,7.000000,-90.000000
260,13.000000,-19.000000,-119.000000,-1.000000,-4.000000,-108.000000,-14.000000,-4.000000,161.000000,65.000000,7.000000,-90.000000
261,13.000000,-19.000000,-119.000000,-1.000000,-4.000000,-108.000000,-14.000000,-4.000000,161.000000,65.000000,7.000000,-90.000000
262,13.000000,-19.000000,-119.000000,-1.000000,-4.000000,-108.000000,-14.000000,-4.000000,161.000000,65.000000,7.000000,-90.000000
263,13.000000,-19.000000,-119.000000,-1.000000,-4.000000,-108.000000,-14.000000,-4.000000,161.000000,65.000000,7.000000,-90.000000
264,13.000000,-19.000000,-119.000000,-1.000000,-4.000000,-108.000000,-14.000000,-4.000000,161.000000,65.000000,7.000000,-90.000000
265,13.000000,-19.000000,-119.000000,-1.000000,-4.000000,-108.000000,-14.000000,-4.000000,161.000000,65.000000,7.000000,-90.000000
266,13.000000,-19.000000,-119.000000,-1.000000,-4.000000,-108.000000,-15.000000,-4.000000,160.000000,65.000000,7.000000,-90.000000
267,13.000000,-19.000000,-119.000000,-1.000000,-4.000000,-108.000000,-15.000000,-4.000000,160.000000,65.000000,7.000000,-90.000000
268,13.000000,-19.000000,-119.000000,-1.000000,-4.000000,-108.000000,-15.000000,-4.000000,160.000000,65.000000,7.000000,-90.000000
269,13.000000,-19.000000,-119.000000,-1.000000,-4.000000,-108.000000,-15.000000,-4.000000,160.000000,65.000000,7.000000,-90.000000
270,12.000000,-20.000000,-119.000000,-1.000000,-4.000000,-108.000000,-15.000000,-4.000000,160.000000,65.000000,7.000000,-90.000000
271,12.000000,-20.000000,-119.000000,1.000000,-4.000000,-108.000000,-15.000000,-4.000000,160.000000,65.000000,7.000000,-90.000000
272,12.000000,-20.000000,-119.000000,1.000000,-4.000000,-108.000000,-15.000000,-4.000000,160.000000,65.000000,7.000000,-90.000000
273,12.000000,-20.000000,-119.000000,1.000000,-4.000000,-108.000000,-15.000000,-4.000000,160.000000,65.000000,7.000000,-90.000000
274,12.000000,-20.000000,-119.000000,1.000000,-4.000000,-108.000000,-15.000000,-4.000000,160.000000,65.000000,7.000000,-90.000000
275,12.000000,-20.000000,-119.000000,1.000000,-4.000000,-108.000000,-15.000000,-4.000000,160.000000,65.000000,7.000000,-90.000000
276,12.000000,-20.000000,-119.000000,1.000000,-4.000000,-108.000000,-15.000000,-4.000000,160.000000,65.000000,7.000000,-90.000000
277,12.000000,-20.000000,-119.000000,1.000000,-4.000000,-108.000000,-15.000000,-4.000000,160.000000,65.000000,7.000000,-90.000000
278,12.000000,-20.000000,-119.000000,1.000000,-4.000000,-108.000000,-15.000000,-4.000000,160.000000,65.000000,7.000000,-90.000000
279,12.000000,-20.000000,-119.000000,1.000000,-4.000000,-108.000000,-15.000000,-4.000000,160.000000,65.000000,7.000000,-90.000000
280,12.000000,-20.000000,-119.000000,1.000000,-4.000000,-108.000000,-15.000000,-4.000000,160.000000,65.000000,7.000000,-90.000000
281,12.000000,-20.000000,-119.000000,1.000000,-4.000000,-108.000000,-15.000000,-4.000000,159.000000,65.000000,7.000000,-90.000000
282,12.000000,-20.000000,-119.000000,1.000000,-4.000000,-108.000000,-15.000000,-4.000000,159.000000,65.000000,7.000000,-90.000000
283,12.000000,-20.000000,-119.000000,1.000000,-4.000000,-108.000000,-15.000000,-4.000000,159.000000,65.000000,7.000000,-90.000000
284,12.000000,-20.000000,-119.000000,1.000000,-4.000000,-108.000000,-15.000000,-4.000000,159.000000,65.000000,7.000000,-90.000000
285,11.000000,-20.000000,-119.000000,1.000000,-4.000000,-108.000000,-15.000000,-4.000000,159.000000,65.000000,7.000000,-90.000000
286,11.000000,-20.000000,-119.000000,2.000000,-4.000000,-109.000000,-15.000000,-4.000000,159.000000,65.000000,7.000000,-90.000000
287,11.000000,-20.000000,-119.000000,2.000000,-4.000000,-109.000000,-15.000000,-4.000000,159.000000,65.000000,7.000000,-90.000000
288,11.000000,-20.000000,-119.000000,2.000000,-4.000000,-109.000000,-15.000000,-4.000000,159.000000,65.000000,7.000000,-90.000000
289,11.000000,-20.000000,-119.000000,2.000000,-4.000000,-109.000000,-15.000000,-4.000000,159.000000,65.000000,7.000000,-90.000000
290,11.000000,-20.000000,-119.000000,2.000000,-4.000000,-109.000000,-15.000000,-4.000000,159.000000,65.000000,7.000000,-90.000000
291,11.000000,-20.000000,-119.000000,2.000000,-4.000000,-109.000000,-15.000000,-4.000000,159.000000,65.000000,7.000000,-90.000000
292,11.000000,-20.000000,-119.000000,2.000000,-4.000000,-109.000000,-15.000000,-4.000000,159.000000,65.000000,7.000000,-90.000000
293,11.000000,-20.000000,-119.000000,2.000000,-4.000000,-109.000000,-15.000000,-4.000000,159.000000,65.000000,7.000000,-90.000000
294,11.000000,-20.000000,-119.000000,2.000000,-4.000000,-109.000000,-15.000000,-4.000000,159.000000,65.000000,7.000000,-90.000000
295,11.000000,-20.000000,-119.000000,2.000000,-4.000000,-109.000000,-15.000000,-4.000000,159.000000,65.000000,7.000000,-90.000000
296,11.000000,-20.000000,-119.000000,2.000000,-4.000000,-109.000000,-15.000000,-4.000000,159.000000,65.000000,7.000000,-90.000000
297,11.000000,-20.000000,-119.000000,2.000000,-4.000000,-109.000000,-15.000000,-4.000000,159.000000,65.000000,7.000000,-90.000000
298,11.000000,-20.000000,-119.000000,2.000000,-4.000000,-109.000000,-15.000000,-4.000000,159.000000,65.000000,7.000000,-90.000000
299,11.000000,-20.000000,-119.000000,2.000000,-4.000000,-109.000000,-15.000000,-4.000000,159.000000,65.000000,7.000000,-90.000000
300,11.000000,-20.000000,-119.000000,2.000000,-4.000000,-109.000000,-15.000000,-4.000000,159.000000,65.000000,7.000000,-90.000000
301,11.000000,-20.000000,-119.000000,2.000000,-4.000000,-109.000000,-15.000000,-4.000000,159.000000,65.000000,7.000000,-90.000000
302,11.000000,-20.000000,-119.000000,2.000000,-4.000000,-109.000000,-15.000000,-4.000000,159.000000,65.000000,7.000000,-90.000000
303,11.000000,-20.000000,-119.000000,2.000000,-4.000000,-109.000000,-15.000000,-4.000000,159.000000,65.000000,7.000000,-90.000000
304,11.000000,-20.000000,-119.000000,2.000000,-4.000000,-109.000000,-15.000000,-4.000000,159.000000,65.000000,7.000000,-90.000000
305,11.000000,-20.000000,-119.000000,2.000000,-4.000000,-109.000000,-15.000000,-4.000000,159.000000,65.000000,7.000000,-90.000000
306,11.000000,-20.000000,-119.000000,2.000000,-4.000000,-109.000000,-15.000000,-4.000000,159.000000,65.000000,7.000000,-90.000000
307,11.000000,-20.000000,-119.000000,2.000000,-4.000000,-109.000000,-15.000000,-4.000000,159.000000,65.000000,7.000000,-90.000000
308,11.000000,-20.000000,-119.000000,2.000000,-4.000000,-109.000000,-15.000000,-4.000000,159.000000,65.000000,7.000000,-90.000000
309,11.000000,-20.000000,-119.000000,2.000000,-4.000000,-109.000000,-15.000000,-4.000000,159.000000,65.000000,7.000000,-90.000000
310,11.000000,-20.000000,-119.000000,2.000000,-4.000000,-109.000000,-15.000000,-4.000000,159.000000,65.000000,7.000000,-90.000000
311,11.000000,-20.000000,-119.000000,2.000000,-4.000000,-109.000000,-15.000000,-4.000000,159.000000,65.000000,7.000000,-90.000000
312,11.000000,-20.000000,-119.000000,2.000000,-4.000000,-109.000000,-15.000000,-4.000000,159.000000,65.000000,7.000000,-90.000000
313,11.000000,-20.000000,-119.000000,2.000000,-4.000000,-109.000000,-15.000000,-4.000000,159.000000,65.000000,7.000000,-90.000000
314,11.000000,-20.000000,-119.000000,2.000000,-4.000000,-109.000000,-15.000000,-4.000000,159.000000,65.000000,7.000000,-90.000000
315,11.000000,-20.000000,-119.000000,2.000000,-4.000000,-109.000000,-15.000000,-4.000000,159.000000,65.000000,7.000000,-90.000000
316,11.000000,-20.000000,-119.000000,2.000000,-4.000000,-109.000000,-15.000000,-4.000000,159.000000,65.000000,7.000000,-90.000000
317,11.000000,-20.000000,-119.000000,2.000000,-4.000000,-109.000000,-15.000000,-4.000000,159.000000,65.000000,7.000000,-90.000000
318,11.000000,-20.000000,-119.000000,2.000000,-4.000000,-109.000000,-15.000000,-4.000000,159.000000,65.000000,7.000000,-90.000000
319,11.000000,-20.000000,-119.000000,2.000000,-4.000000,-109.000000,-15.000000,-4.000000,159.000000,65.000000,7.000000,-90.000000
320,11.000000,-20.000000,-119.000000,2.000000,-4.000000,-109.000000,-15.000000,-4.000000,159.000000,65.000000,7.000000,-90.000000
321,11.000000,-20.000000,-119.000000,2.000000,-4.000000,-109.000000,-15.000000,-4.000000,159.000000,65.000000,7.000000,-90.000000
322,11.000000,-20.000000,-119.000000,2.000000,-4.000000,-109.000000,-15.000000,-4.000000,159.000000,65.000000,7.000000,-90.000000
323,11.000000,-20.000000,-119.000000,2.000000,-4.000000,-109.000000,-15.000000,-4.000000,159.000000,65.000000,7.000000,-90.000000
324,11.000000,-20.000000,-119.000000,2.000000,-4.000000,-109.000000,-15.000000,-4.000000,159.000000,65.000000,7.000000,-90.000000
325,11.000000,-20.000000,-119.000000,2.000000,-4.000000,-109.000000,-15.000000,-4.000000,159.000000,65.000000,7.000000,-90.000000
326,11.000000,-20.000000,-119.000000,2.000000,-4.000000,-109.000000,-15.000000,-4.000000,159.000000,65.000000,7.000000,-90.000000
327,11.000000,-20.000000,-119.000000,2.000000,-4.000000,-109.000000,-15.000000,-4.000000,159.000000,65.000000,7.000000,-90.000000
328,11.000000,-20.000000,-119.000000,2.000000,-4.000000,-109.000000,-15.000000,-4.000000,159.000000,65.000000,7.000000,-90.000000
329,11.000000,-20.000000,-119.000000,2.000000,-4.000000,-109.000000,-15.000000,-4.000000,159.000000,65.000000,7.000000,-90.000000
330,11.000000,-20.000000,-119.000000,2.000000,-4.000000,-109.000000,-15.000000,-4.000000,159.000000,65.000000,7.000000,-90.000000
331,11.000000,-20.000000,-119.000000,2.000000,-4.000000,-109.000000,-15.000000,-4.000000,159.000000,65.000000,7.000000,-90.000000
332,11.000000,-20.000000,-119.000000,2.000000,-4.000000,-109.000000,-15.000000,-4.000000,159.000000,65.000000,7.000000,-90.000000
333,11.000000,-20.000000,-119.000000,2.000000,-4.000000,-109.000000,-15.000000,-4.000000,159.000000,65.000000,7.000000,-90.000000
334,11.000000,-20.000000,-119.000000,2.000000,-4.000000,-109.000000,-15.000000,-4.000000,159.000000,65.000000,7.000000,-90.000000
335,11.000000,-20.000000,-119.000000,2.000000,-4.000000,-109.000000,-15.000000,-4.000000,159.000000,65.000000,7.000000,-90.000000
336,11.000000,-20.000000,-119.000000,2.000000,-4.000000,-109.000000,-15.000000,-4.000000,159.000000,65.000000,7.000000,-90.000000
337,11.000000,-20.000000,-119.000000,2.000000,-4.000000,-109.000000,-15.000000,-4.000000,159.000000,65.000000,7.000000,-90.000000
338,11.000000,-20.000000,-119.000000,2.000000,-4.000000,-109.000000,-15.000000,-4.000000,159.000000,65.000000,7.000000,-90.000000
339,11.000000,-20.000000,-119.000000,2.000000,-4.000000,-109.000000,-15.000000,-4.000000,159.000000,65.000000,7.000000,-90.000000
340,11.000000,-20.000000,-119.000000,2.000000,-4.000000,-109.000000,-15.000000,-4.000000,159.000000,65.000000,7.000000,-90.000000
341,11.000000,-20.000000,-119.000000,2.000000,-4.000000,-109.000000,-15.000000,-4.000000,159.000000,65.000000,7.000000,-90.000000
342,11.000000,-20.000000,-119.000000,2.000000,-4.000000,-109.000000,-15.000000,-4.000000,159.000000,65.000000,7.000000,-90.000000
343,11.000000,-20.000000,-119.000000,2.000000,-4.000000,-109.000000,-15.000000,-4.000000,159.000000,65.000000,7.000000,-90.000000
344,11.000000,-20.000000,-119.000000,2.000000,-4.000000,-109.000000,-15.000000,-4.000000,159.000000,65.000000,7.000000,-90.000000
345,11.000000,-20.000000,-119.000000,2.000000,-4.000000,-109.000000,-15.000000,-4.000000,159.000000,65.000000,7.000000,-90.000000
346,11.000000,-20.000000,-119.000000,2.000000,-4.000000,-109.000000,-15.000000,-4.000000,159.000000,65.000000,7.000000,-90.000000
347,11.000000,-20.000000,-119.000000,2.000000,-4.000000,-109.000000,-15.000000,-4.000000,159.000000,65.000000,7.000000,-90.000000
348,11.000000,-20.000000,-119.000000,2.000000,-4.000000,-109.000000,-15.000000,-4.000000,159.000000,65.000000,7.000000,-90.000000
349,11.000000,-20.000000,-119.000000,2.000000,-4.000000,-109.000000,-15.000000,-4.000000,159.000000,65.000000,7.000000,-90.000000
350,11.000000,-20.000000,-119.000000,2.000000,-4.000000,-109.000000,-15.000000,-4.000000,159.000000,65.000000,7.000000,-90.000000
351,11.000000,-20.000000,-119.000000,2.000000,-4.000000,-109.000000,-15.000000,-4.000000,159.000000,65.000000,7.000000,-90.000000
352,11.000000,-20.000000,-119.000000,2.000000,-4.000000,-109.000000,-15.000000,-4.000000,159.000000,65.000000,7.000000,-90.000000
353,11.000000,-20.000000,-119.000000,2.000000,-4.000000,-109.000000,-15.000000,-4.000000,159.000000,65.000000,7.000000,-90.000000
354,11.000000,-20.000000,-119.000000,2.000000,-4.000000,-109.000000,-15.000000,-4.000000,159.000000,65.000000,7.000000,-90.000000
355,11.000000,-20.000000,-119.000000,2.000000,-4.000000,-109.000000,-15.000000,-4.000000,159.000000,65.000000,7.000000,-90.000000
356,11.000000,-20.000000,-119.000000,2.000000,-4.000000,-109.000000,-15.000000,-4.000000,159.000000,65.000000,7.000000,-90.000000
357,11.000000,-20.000000,-119.000000,2.000000,-4.000000,-109.000000,-15.000000,-4.000000,159.000000,65.000000,7.000000,-90.000000
358,11.000000,-20.000000,-119.000000,2.000000,-4.000000,-109.000000,-15.000000,-4.000000,159.000000,65.000000,7.000000,-90.000000
359,11.000000,-20.000000,-119.000000,2.000000,-4.000000,-109.000000,-15.000000,-4.000000,159.000000,65.000000,7.000000,-90.000000
360,11.000000,-20.000000,-119.000000,2.000000,-4.000000,-109.000000,-15.000000,-4.000000,159.000000,65.000000,7.000000,-90.000000
361,11.000000,-20.000000,-119.000000,2.000000,-4.000000,-109.000000,-15.000000,-4.000000,159.000000,65.000000,7.000000,-90.000000
362,11.000000,-20.000000,-119.000000,2.000000,-4.000000,-109.000000,-15.000000,-4.000000,159.000000,65.000000,7.000000,-90.000000
363,11.000000,-20.000000,-119.000000,2.000000,-4.000000,-109.000000,-15.000000,-4.000000,159.000000,65.000000,7.000000,-90.000000
364,11.000000,-20.000000,-119.000000,2.000000,-4.000000,-109.000000,-15.000000,-4.000000,159.000000,65.000000,7.000000,-90.000000
365,11.000000,-20.000000,-119.000000,2.000000,-4.000000,-109.000000,-15.000000,-4.000000,159.000000,65.000000,7.000000,-90.000000
366,11.000000,-20.000000,-119.000000,2.000000,-4.000000,-109.000000,-15.000000,-4.000000,159.000000,65.000000,7.000000,-90.000000
367,11.000000,-20.000000,-119.000000,2.000000,-4.000000,-109.000000,-15.000000,-4.000000,159.000000,65.000000,7.000000,-90.000000
368,11.000000,-20.000000,-119.000000,2.000000,-4.000000,-109.000000,-15.000000,-4.000000,159.000000,65.000000,7.000000,-90.000000
369,11.000000,-20.000000,-119.000000,2.000000,-4.000000,-109.000000,-15.000000,-4.000000,159.000000,65.000000,7.000000,-90.000000
370,11.000000,-20.000000,-119.000000,2.000000,-4.000000,-109.000000,-15.000000,-4.000000,159.000000,65.000000,7.000000,-90.000000
371,11.000000,-20.000000,-119.000000,2.000000,-4.000000,-109.000000,-15.000000,-4.000000,159.000000,65.000000,7.000000,-90.000000
372,11.000000,-20.000000,-119.000000,2.000000,-4.000000,-109.000000,-15.000000,-4.000000,159.000000,65.000000,7.000000,-90.000000
373,11.000000,-20.000000,-119.000000,2.000000,-4.000000,-109.000000,-15.000000,-4.000000,159.000000,65.000000,7.000000,-90.000000
374,11.000000,-20.000000,-119.000000,2.000000,-4.000000,-109.000000,-15.000000,-4.000000,159.000000,65.000000,7.000000,-90.000000
375,11.000000,-20.000000,-119.000000,2.000000,-4.000000,-109.000000,-15.000000,-4.000000,159.000000,65.000000,7.000000,-90.000000
376,11.000000,-20.000000,-119.000000,2.000000,-4.000000,-109.000000,-15.000000,-4.000000,159.000000,65.000000,7.000000,-90.000000
377,11.000000,-20.000000,-119.000000,2.000000,-4.000000,-109.000000,-15.000000,-4.000000,159.000000,65.000000,7.000000,-90.000000
378,11.000000,-20.000000,-119.000000,2.000000,-4.000000,-109.000000,-15.000000,-4.000000,159.000000,65.000000,7.000000,-90.000000
379,11.000000,-20.000000,-119.000000,2.000000,-4.000000,-109.000000,-15.000000,-4.000000,159.000000,65.000000,7.000000,-90.000000
380,11.000000,-20.000000,-119.000000,2.000000,-4.000000,-109.000000,-15.000000,-4.000000,159.000000,65.000000,7.000000,-90.000000
381,11.000000,-20.000000,-119.000000,2.000000,-4.000000,-109.000000,-15.000000,-4.000000,159.000000,65.000000,7.000000,-90.000000
382,11.000000,-20.000000,-119.000000,2.000000,-4.000000,-109.000000,-15.000000,-4.000000,159.000000,65.000000,7.000000,-90.000000
383,11.000000,-20.000000,-119.000000,2.000000,-4.000000,-109.000000,-15.000000,-4.000000,159.000000,65.000000,7.000000,-90.000000
384,11.000000,-20.000000,-119.000000,2.000000,-4.000000,-109.000000,-15.000000,-4.000000,159.000000,65.000000,7.000000,-90.000000
385,11.000000,-20.000000,-119.000000,2.000000,-4.000000,-109.000000,-15.000000,-4.000000,159.000000,65.000000,7.000000,-90.000000
386,11.000000,-20.000000,-119.000000,2.000000,-4.000000,-109.000000,-15.000000,-4.000000,159.000000,65.000000,7.000000,-90.000000
387,11.000000,-20.000000,-119.000000,2.000000,-4.000000,-109.000000,-15.000000,-4.000000,159.000000,65.000000,7.000000,-90.000000
388,11.000000,-20.000000,-119.000000,2.000000,-4.000000,-109.000000,-15.000000,-4.000000,159.000000,65.000000,7.000000,-90.000000
389,11.000000,-20.000000,-119.000000,2.000000,-4.000000,-109.000000,-15.000000,-4.000000,159.000000,65.000000,7.000000,-90.000000
390,11.000000,-20.000000,-119.000000,2.000000,-4.000000,-109.000000,-15.000000,-4.000000,159.000000,65.000000,7.000000,-90.000000
391,11.000000,-20.000000,-119.000000,2.000000,-4.000000,-109.000000,-15.000000,-4.000000,159.000000,65.000000,7.000000,-90.000000
392,11.000000,-20.000000,-119.000000,2.000000,-4.000000,-109.000000,-15.000000,-4.000000,159.000000,65.000000,7.000000,-90.000000
393,11.000000,-20.000000,-119.000000,2.000000,-4.000000,-109.000000,-15.000000,-4.000000,159.000000,65.000000,7.000000,-90.000000
394,11.000000,-20.000000,-119.000000,2.000000,-4.000000,-109.000000,-15.000000,-4.000000,159.000000,65.000000,7.000000,-90.000000
395,11.000000,-20.000000,-119.000000,2.000000,-4.000000,-109.000000,-15.000000,-4.000000,159.000000,65.000000,7.000000,-90.000000
396,11.000000,-20.000000,-119.000000,2.000000,-4.000000,-109.000000,-15.000000,-4.000000,159.000000,65.000000,7.000000,-90.000000
397,11.000000,-20.000000,-119.000000,2.000000,-4.000000,-109.000000,-15.000000,-4.000000,159.000000,65.000000,7.000000,-90.000000
398,11.000000,-20.000000,-119.000000,2.000000,-4.000000,-109.000000,-15.000000,-4.000000,159.000000,65.000000,7.000000,-90.000000
399,11.000000,-20.000000,-119.000000,2.000000,-4.000000,-109.000000,-15.000000,-4.000000,159.000000,65.000000,7.000000,-90.000000
400,11.000000,-20.000000,-119.000000,2.000000,-4.000000,-109.000000,-15.000000,-4.000000,159.000000,65.000000,7.000000,-90.000000
401,11.000000,-20.000000,-119.000000,2.000000,-4.000000,-109.000000,-15.000000,-4.000000,159.000000,65.000000,7.000000,-90.000000
402,11.000000,-20.000000,-119.000000,2.000000,-4.000000,-109.000000,-15.000000,-4.000000,159.000000,65.000000,7.000000,-90.000000
403,11.000000,-20.000000,-119.000000,2.000000,-4.000000,-109.000000,-15.000000,-4.000000,159.000000,65.000000,7.000000,-90.000000
404,11.000000,-20.000000,-119.000000,2.000000,-4.000000,-109.000000,-15.000000,-4.000000,159.000000,65.000000,7.000000,-90.000000
405,11.000000,-20.000000,-119.000000,2.000000,-4.000000,-109.000000,-15.000000,-4.000000,159.000000,65.000000,7.000000,-90.000000
406,11.000000,-20.000000,-119.000000,2.000000,-4.000000,-109.000000,-15.000000,-4.000000,159.000000,65.000000,7.000000,-90.000000
407,11.000000,-20.000000,-119.000000,2.000000,-4.000000,-109.000000,-15.000000,-4.000000,159.000000,65.000000,7.000000,-90.000000
408,11.000000,-20.000000,-119.000000,2.000000,-4.000000,-109.000000,-15.000000,-4.000000,159.000000,65.000000,7.000000,-90.000000
409,11.000000,-20.000000,-119.000000,2.000000,-4.000000,-109.000000,-15.000000,-4.000000,159.000000,65.000000,7.000000,-90.000000
410,11.000000,-20.000000,-119.000000,2.000000,-4.000000,-109.000000,-15.000000,-4.000000,159.000000,65.000000,7.000000,-90.000000
411,11.000000,-20.000000,-119.000000,2.000000,-4.000000,-109.000000,-15.000000,-4.000000,159.000000,65.000000,7.000000,-90.000000
412,11.000000,-20.000000,-119.000000,2.000000,-4.000000,-109.000000,-15.000000,-4.000000,159.000000,65.000000,7.000000,-90.000000
413,11.000000,-20.000000,-119.000000,2.000000,-4.000000,-109.000000,-15.000000,-4.000000,159.000000,65.000000,7.000000,-90.000000
414,11.000000,-20.000000,-119.000000,2.000000,-4.000000,-109.000000,-15.000000,-4.000000,159.000000,65.000000,7.000000,-90.000000
415,11.000000,-20.000000,-119.000000,2.000000,-4.000000,-109.000000,-15.000000,-4.000000,159.000000,65.000000,7.000000,-90.000000
416,11.000000,-20.000000,-119.000000,2.000000,-4.000000,-109.000000,-15.000000,-4.000000,159.000000,65.000000,7.000000,-90.000000
417,11.000000,-20.000000,-119.000000,2.000000,-4.000000,-109.000000,-15.000000,-4.000000,159.000000,65.000000,7.000000,-90.000000
418,11.000000,-20.000000,-119.000000,2.000000,-4.000000,-109.000000,-15.000000,-4.000000,159.000000,65.000000,7.000000,-90.000000
419,11.000000,-20.000000,-119.000000,2.000000,-4.000000,-109.000000,-15.000000,-4.000000,159.000000,65.000000,7.000000,-90.000000
420,11.000000,-20.000000,-119.000000,2.000000,-4.000000,-109.000000,-15.000000,-4.000000,159.000000,65.000000,7.000000,-90.000000
421,11.000000,-20.000000,-119.000000,2.000000,-4.000000,-109.000000,-15.000000,-4.000000,159.000000,65.000000,7.000000,-90.000000
422,11.000000,-20.000000,-119.000000,2.000000,-4.000000,-109.000000,-15.000000,-4.000000,159.000000,65.000000,7.000000,-90.000000
423,11.000000,-20.000000,-119.000000,2.000000,-4.000000,-109.000000,-15.000000,-4.000000,159.000000,65.000000,7.000000,-90.000000
424,11.000000,-20.000000,-119.000000,2.000000,-4.000000,-109.000000,-15.000000,-4.000000,159.000000,65.000000,7.000000,-90.000000
425,11.000000,-20.000000,-119.000000,2.000000,-4.000000,-109.000000,-15.000000,-4.000000,159.000000,65.000000,7.000000,-90.000000
426,11.000000,-20.000000,-119.000000,2.000000,-4.000000,-109.000000,-15.000000,-4.000000,159.000000,65.000000,7.000000,-90.000000
427,11.000000,-20.000000,-119.000000,2.000000,-4.000000,-109.000000,-15.000000,-4.000000,159.000000,65.000000,7.000000,-90.000000
428,11.000000,-20.000000,-119.000000,2.000000,-4.000000,-109.000000,-15.000000,-4.000000,159.000000,65.000000,7.000000,-90.000000
429,11.000000,-20.000000,-119.000000,2.000000,-4.000000,-109.000000,-15.000000,-4.000000,159.000000,65.000000,7.000000,-90.000000
430,11.000000,-20.000000,-119.000000,2.000000,-4.000000,-109.000000,-15.000000,-4.000000,159.000000,65.000000,7.000000,-90.000000
431,11.000000,-20.000000,-119.000000,2.000000,-4.000000,-109.000000,-15.000000,-4.000000,159.000000,65.000000,7.000000,-90.000000
432,11.000000,-20.000000,-119.000000,2.000000,-4.000000,-109.000000,-15.000000,-4.000000,159.000000,65.000000,7.000000,-90.000000
433,11.000000,-20.000000,-119.000000,2.000000,-4.000000,-109.000000,-15.000000,-4.000000,159.000000,65.000000,7.000000,-90.000000
434,11.000000,-20.000000,-119.000000,2.000000,-4.000000,-109.000000,-15.000000,-4.000000,159.000000,65.000000,7.000000,-90.000000
435,11.000000,-20.000000,-119.000000,2.000000,-4.000000,-109.000000,-15.000000,-4.000000,159.000000,65.000000,7.000000,-90.000000
436,11.000000,-20.000000,-119.000000,2.000000,-4.000000,-109.000000,-15.000000,-4.000000,159.000000,65.000000,7.000000,-90.000000
437,11.000000,-20.000000,-119.000000,2.000000,-4.000000,-109.000000,-15.000000,-4.000000,159.000000,65.000000,7.000000,-90.000000
438,11.000000,-20.000000,-119.000000,2.000000,-4.000000,-109.000000,-15.000000,-4.000000,159.000000,65.000000,7.000000,-90.000000
439,11.000000,-20.000000,-119.000000,2.000000,-4.000000,-109.000000,-15.000000,-4.000000,159.000000,65.000000,7.000000,-90.000000
440,11.000000,-20.000000,-119.000000,2.000000,-4.000000,-109.000000,-15.000000,-4.000000,159.000000,65.000000,7.000000,-90.000000
441,11.000000,-20.000000,-119.000000,2.000000,-4.000000,-109.000000,-15.000000,-4.000000,159.000000,65.000000,7.000000,-90.000000
442,11.000000,-20.000000,-119.000000,2.000000,-4.000000,-109.000000,-15.000000,-4.000000,159.000000,65.000000,7.000000,-90.000000
443,11.000000,-20.000000,-119.000000,2.000000,-4.000000,-109.000000,-15.000000,-4.000000,159.000000,65.000000,7.000000,-90.000000
444,11.000000,-20.000000,-119.000000,2.000000,-4.000000,-109.000000,-15.000000,-4.000000,159.000000,65.000000,7.000000,-90.000000
445,11.000000,-20.000000,-119.000000,2.000000,-4.000000,-109.000000,-15.000000,-4.000000,159.000000,65.000000,7.000000,-90.000000
446,11.000000,-20.000000,-119.000000,2.000000,-4.000000,-109.000000,-15.000000,-4.000000,159.000000,65.000000,7.000000,-90.000000
447,11.000000,-20.000000,-119.000000,2.000000,-4.000000,-109.000000,-15.000000,-4.000000,159.000000,65.000000,7.000000,-90.000000
448,11.000000,-20.000000,-119.000000,2.000000,-4.000000,-109.000000,-15.000000,-4.000000,159.000000,65.000000,7.000000,-90.000000
449,11.000000,-20.000000,-119.000000,2.000000,-4.000000,-109.000000,-15.000000,-4.000000,159.000000,65.000000,7.000000,-90.000000
450,11.000000,-20.000000,-119.000000,2.000000,-4.000000,-109.000000,-15.000000,-4.000000,159.000000,65.000000,7.000000,-90.000000
451,11.000000,-20.000000,-119.000000,2.000000,-4.000000,-109.000000,-15.000000,-4.000000,159.000000,65.000000,7.000000,-90.000000
452,11.000000,-20.000000,-119.000000,2.000000,-4.000000,-109.000000,-15.000000,-4.000000,159.000000,65.000000,7.000000,-90.000000
453,11.000000,-20.000000,-119.000000,2.000000,-4.000000,-109.000000,-15.000000,-4.000000,159.000000,65.000000,7.000000,-90.000000
454,11.000000,-20.000000,-119.000000,2.000000,-4.000000,-109.000000,-15.000000,-4.000000,159.000000,65.000000,7.000000,-90.000000
455,11.000000,-20.000000,-119.000000,2.000000,-4.000000,-109.000000,-15.000000,-4.000000,159.000000,65.000000,7.000000,-90.000000
456,11.000000,-20.000000,-119.000000,2.000000,-4.000000,-109.000000,-15.000000,-4.000000,159.000000,65.000000,7.000000,-90.000000
457,11.000000,-20.000000,-119.000000,2.000000,-4.000000,-109.000000,-15.000000,-4.000000,159.000000,65.000000,7.000000,-90.000000
458,11.000000,-20.000000,-119.000000,2.000000,-4.000000,-109.000000,-15.000000,-4.000000,159.000000,65.000000,7.000000,-90.000000
459,11.000000,-20.000000,-119.000000,2.000000,-4.000000,-109.000000,-15.000000,-4.000000,159.000000,65.000000,7.000000,-90.000000
460,11.000000,-20.000000,-119.000000,2.000000,-4.000000,-109.000000,-15.000000,-4.000000,159.000000,65.000000,7.000000,-90.000000
461,11.000000,-20.000000,-119.000000,2.000000,-4.000000,-109.000000,-15.000000,-4.000000,159.000000,65.000000,7.000000,-90.000000
462,11.000000,-20.000000,-119.000000,2.000000,-4.000000,-109.000000,-15.000000,-4.000000,159.000000,65.000000,7.000000,-90.000000
463,11.000000,-20.000000,-119.000000,2.000000,-4.000000,-109.000000,-15.000000,-4.000000,159.000000,65.000000,7.000000,-90.000000
464,11.000000,-20.000000,-119.000000,2.000000,-4.000000,-109.000000,-15.000000,-4.000000,159.000000,65.000000,7.000000,-90.000000
465,11.000000,-20.000000,-119.000000,2.000000,-4.000000,-109.000000,-15.000000,-4.000000,159.000000,65.000000,7.000000,-90.000000
466,11.000000,-20.000000,-119.000000,2.000000,-4.000000,-109.000000,-15.000000,-4.000000,159.000000,65.000000,7.000000,-90.000000
467,11.000000,-20.000000,-119.000000,2.000000,-4.000000,-109.000000,-15.000000,-4.000000,159.000000,65.000000,7.000000,-90.000000
468,11.000000,-20.000000,-119.000000,2.000000,-4.000000,-109.000000,-15.000000,-4.000000,159.000000,65.000000,7.000000,-90.000000
469,11.000000,-20.000000,-119.000000,2.000000,-4.000000,-109.000000,-15.000000,-4.000000,159.000000,65.000000,7.000000,-90.000000
470,11.000000,-20.000000,-119.000000,2.000000,-4.000000,-109.000000,-15.000000,-4.000000,159.000000,65.000000,7.000000,-90.000000
471,11.000000,-20.000000,-119.000000,2.000000,-4.000000,-109.000000,-15.000000,-4.000000,159.000000,65.000000,7.000000,-90.000000
472,11.000000,-20.000000,-119.000000,2.000000,-4.000000,-109.000000,-15.000000,-4.000000,159.000000,65.000000,7.000000,-90.000000
473,11.000000,-20.000000,-119.000000,2.000000,-4.000000,-109.000000,-15.000000,-4.000000,159.000000,65.000000,7.000000,-90.000000
474,11.000000,-20.000000,-119.000000,2.000000,-4.000000,-109.000000,-15.000000,-4.000000,159.000000,65.000000,7.000000,-90.000000
475,11.000000,-20.000000,-119.000000,2.000000,-4.000000,-109.000000,-15.000000,-4.000000,159.000000,65.000000,7.000000,-90.000000
476,11.000000,-20.000000,-119.000000,2.000000,-4.000000,-109.000000,-15.000000,-4.000000,159.000000,65.000000,7.000000,-90.000000
477,11.000000,-20.000000,-119.000000,2.000000,-4.000000,-109.000000,-15.000000,-4.000000,159.000000,65.000000,7.000000,-90.000000
478,11.000000,-20.000000,-119.000000,2.000000,-4.000000,-109.000000,-15.000000,-4.000000,159.000000,65.000000,7.000000,-90.000000
479,11.000000,-20.000000,-119.000000,2.000000,-4.000000,-109.000000,-15.000000,-4.000000,159.000000,65.000000,7.000000,-90.000000
480,11.000000,-20.000000,-119.000000,2.000000,-4.000000,-109.000000,-15.000000,-4.000000,159.000000,65.000000,7.000000,-90.000000
481,11.000000,-20.000000,-119.000000,2.000000,-4.000000,-109.000000,-15.000000,-4.000000,159.000000,65.000000,7.000000,-90.000000
482,-6.000000,-30.000000,-118.000000,23.000000,-4.000000,-114.000000,-20.000000,-3.000000,157.000000,65.000000,7.000000,-90.000000
483,-6.000000,-30.000000,-118.000000,23.000000,-4.000000,-114.000000,-20.000000,-3.000000,157.000000,65.000000,7.000000,-90.000000
484,-6.000000,-30.000000,-118.000000,23.000000,-4.000000,-114.000000,-20.000000,-3.000000,157.000000,65.000000,7.000000,-90.000000
485,-6.000000,-30.000000,-118.000000,23.000000,-4.000000,-114.000000,-20.000000,-3.000000,157.000000,65.000000,7.000000,-90.000000
486,-6.000000,-30.000000,-118.000000,23.000000,-4.000000,-114.000000,-20.000000,-3.000000,157.000000,65.000000,7.000000,-90.000000
487,-6.000000,-30.000000,-118.000000,23.000000,-4.000000,-114.000000,-20.000000,-3.000000,157.000000,65.000000,7.000000,-90.000000
488,-6.000000,-30.000000,-118.000000,23.000000,-4.000000,-114.000000,-20.000000,-3.000000,157.000000,65.000000,7.000000,-90.000000
489,-6.000000,-30.000000,-118.000000,23.000000,-4.000000,-114.000000,-20.000000,-3.000000,157.000000,65.000000,7.000000,-90.000000
490,-6.000000,-30.000000,-118.000000,23.000000,-4.000000,-114.000000,-20.000000,-3.000000,157.000000,65.000000,7.000000,-90.000000
491,-6.000000,-30.000000,-118.000000,23.000000,-4.000000,-114.000000,-20.000000,-3.000000,156.000000,65.000000,7.000000,-90.000000
492,-6.000000,-30.000000,-118.000000,23.000000,-4.000000,-114.000000,-20.000000,-3.000000,156.000000,65.000000,7.000000,-90.000000
493,-6.000000,-30.000000,-118.000000,23.000000,-4.000000,-114.000000,-20.000000,-3.000000,156.000000,65.000000,7.000000,-90.000000
494,-7.000000,-31.000000,-118.000000,23.000000,-4.000000,-114.000000,-20.000000,-3.000000,156.000000,65.000000,7.000000,-90.000000
495,-7.000000,-31.000000,-118.000000,26.000000,-3.000000,-115.000000,-20.000000,-3.000000,156.000000,65.000000,7.000000,-90.000000
496,-7.000000,-31.000000,-118.000000,26.000000,-3.000000,-115.000000,-20.000000,-3.000000,156.000000,65.000000,7.000000,-90.000000
497,-7.000000,-31.000000,-118.000000,26.000000,-3.000000,-115.000000,-20.000000,-3.000000,156.000000,65.000000,7.000000,-90.000000
498,-7.000000,-31.000000,-118.000000,26.000000,-3.000000,-115.000000,-20.000000,-3.000000,156.000000,65.000000,7.000000,-90.000000
499,-7.000000,-31.000000,-118.000000,26.000000,-3.000000,-115.000000,-20.000000,-3.000000,156.000000,65.000000,7.000000,-90.000000
500,-7.000000,-31.000000,-118.000000,26.000000,-3.000000,-115.000000,-20.000000,-3.000000,156.000000,65.000000,7.000000,-90.000000
501,-7.000000,-31.000000,-118.000000,26.000000,-3.000000,-115.000000,-20.000000,-3.000000,156.000000,65.000000,7.000000,-90.000000
502,-7.000000,-31.000000,-118.000000,26.000000,-3.000000,-115.000000,-20.000000,-3.000000,156.000000,65.000000,7.000000,-90.000000
503,-7.000000,-31.000000,-118.000000,26.000000,-3.000000,-115.000000,-20.000000,-3.000000,156.000000,65.000000,7.000000,-90.000000
504,-7.000000,-31.000000,-118.000000,26.000000,-3.000000,-115.000000,-20.000000,-3.000000,156.000000,65.000000,7.000000,-90.000000
505,-7.000000,-31.000000,-118.000000,26.000000,-3.000000,-115.000000,-20.000000,-3.000000,156.000000,65.000000,7.000000,-90.000000
506,-7.000000,-31.000000,-118.000000,26.000000,-3.000000,-115.000000,-21.000000,-3.000000,156.000000,65.000000,7.000000,-90.000000
507,-7.000000,-31.000000,-118.000000,26.000000,-3.000000,-115.000000,-21.000000,-3.000000,156.000000,65.000000,7.000000,-90.000000
508,-7.000000,-31.000000,-118.000000,26.000000,-3.000000,-115.000000,-21.000000,-3.000000,156.000000,65.000000,7.000000,-90.000000
509,-9.000000,-32.000000,-117.000000,26.000000,-3.000000,-115.000000,-21.000000,-3.000000,156.000000,65.000000,7.000000,-90.000000
510,-9.000000,-32.000000,-117.000000,28.000000,-2.000000,-116.000000,-21.000000,-3.000000,156.000000,65.000000,7.000000,-90.000000
511,-9.000000,-32.000000,-117.000000,28.000000,-2.000000,-116.000000,-21.000000,-3.000000,156.000000,65.000000,7.000000,-90.000000
512,-9.000000,-32.000000,-117.000000,28.000000,-2.000000,-116.000000,-21.000000,-3.000000,156.000000,65.000000,7.000000,-90.000000
513,-9.000000,-32.000000,-117.000000,28.000000,-2.000000,-116.000000,-21.000000,-3.000000,156.000000,65.000000,7.000000,-90.000000
514,-9.000000,-32.000000,-117.000000,28.000000,-2.000000,-116.000000,-21.000000,-3.000000,156.000000,65.000000,7.000000,-90.000000
515,-9.000000,-32.000000,-117.000000,28.000000,-2.000000,-116.000000,-21.000000,-3.000000,156.000000,65.000000,7.000000,-90.000000
516,-9.000000,-32.000000,-117.000000,28.000000,-2.000000,-116.000000,-21.000000,-3.000000,156.000000,65.000000,7.000000,-90.000000
517,-9.000000,-32.000000,-117.000000,28.000000,-2.000000,-116.000000,-21.000000,-3.000000,156.000000,65.000000,7.000000,-90.000000
518,-9.000000,-32.000000,-117.000000,28.000000,-2.000000,-116.000000,-21.000000,-3.000000,156.000000,65.000000,7.000000,-90.000000
519,-9.000000,-32.000000,-117.000000,28.000000,-2.000000,-116.000000,-21.000000,-3.000000,156.000000,65.000000,7.000000,-90.000000
520,-9.000000,-32.000000,-117.000000,28.000000,-2.000000,-116.000000,-21.000000,-3.000000,156.000000,65.000000,7.000000,-90.000000
521,-9.000000,-32.000000,-117.000000,28.000000,-2.000000,-116.000000,-21.000000,-3.000000,155.000000,65.000000,7.000000,-90.000000
522,-9.000000,-32.000000,-117.000000,28.000000,-2.000000,-116.000000,-21.000000,-3.000000,155.000000,65.000000,7.000000,-90.000000
523,-9.000000,-32.000000,-117.000000,28.000000,-2.000000,-116.000000,-21.000000,-3.000000,155.000000,65.000000,7.000000,-90.000000
524,-10.000000,-32.000000,-117.000000,28.000000,-2.000000,-116.000000,-21.000000,-3.000000,155.000000,65.000000,7.000000,-90.000000
525,-10.000000,-32.000000,-117.000000,29.000000,-2.000000,-117.000000,-21.000000,-3.000000,155.000000,65.000000,7.000000,-90.000000
526,-10.000000,-32.000000,-117.000000,29.000000,-2.000000,-117.000000,-21.000000,-3.000000,155.000000,65.000000,7.000000,-90.000000
527,-10.000000,-32.000000,-117.000000,29.000000,-2.000000,-117.000000,-21.000000,-3.000000,155.000000,65.000000,7.000000,-90.000000
528,-10.000000,-32.000000,-117.000000,29.000000,-2.000000,-117.000000,-21.000000,-3.000000,155.000000,65.000000,7.000000,-90.000000
529,-10.000000,-32.000000,-117.000000,29.000000,-2.000000,-117.000000,-21.000000,-3.000000,155.000000,65.000000,7.000000,-90.000000
530,-10.000000,-32.000000,-117.000000,29.000000,-2.000000,-117.000000,-21.000000,-3.000000,155.000000,65.000000,7.000000,-90.000000
531,-10.000000,-32.000000,-117.000000,29.000000,-2.000000,-117.000000,-21.000000,-3.000000,155.000000,65.000000,7.000000,-90.000000
532,-10.000000,-32.000000,-117.000000,29.000000,-2.000000,-117.000000,-21.000000,-3.000000,155.000000,65.000000,7.000000,-90.000000
533,-10.000000,-32.000000,-117.000000,29.000000,-2.000000,-117.000000,-21.000000,-3.000000,155.000000,65.000000,7.000000,-90.000000
534,-10.000000,-32.000000,-117.000000,29.000000,-2.000000,-117.000000,-21.000000,-3.000000,155.000000,65.000000,7.000000,-90.000000
535,-10.000000,-32.000000,-117.000000,29.000000,-2.000000,-117.000000,-21.000000,-3.000000,155.000000,65.000000,7.000000,-90.000000
536,-10.000000,-32.000000,-117.000000,29.000000,-2.000000,-117.000000,-21.000000,-2.000000,155.000000,65.000000,7.000000,-90.000000
537,-10.000000,-32.000000,-117.000000,29.000000,-2.000000,-117.000000,-21.000000,-2.000000,155.000000,65.000000,7.000000,-90.000000
538,-10.000000,-32.000000,-117.000000,29.000000,-2.000000,-117.000000,-21.000000,-2.000000,155.000000,65.000000,7.000000,-90.000000
539,-11.000000,-32.000000,-116.000000,29.000000,-2.000000,-117.000000,-21.000000,-2.000000,155.000000,65.000000,7.000000,-90.000000
540,-11.000000,-32.000000,-116.000000,31.000000,-1.000000,-118.000000,-21.000000,-2.000000,155.000000,65.000000,7.000000,-90.000000
541,-11.000000,-32.000000,-116.000000,31.000000,-1.000000,-118.000000,-21.000000,-2.000000,155.000000,65.000000,7.000000,-90.000000
542,-11.000000,-32.000000,-116.000000,31.000000,-1.000000,-118.000000,-21.000000,-2.000000,155.000000,65.000000,7.000000,-90.000000
543,-11.000000,-32.000000,-116.000000,31.000000,-1.000000,-118.000000,-21.000000,-2.000000,155.000000,65.000000,7.000000,-90.000000
544,-11.000000,-32.000000,-116.000000,31.000000,-1.000000,-118.000000,-21.000000,-2.000000,155.000000,65.000000,7.000000,-90.000000
545,-11.000000,-32.000000,-116.000000,31.000000,-1.000000,-118.000000,-21.000000,-2.000000,155.000000,65.000000,7.000000,-90.000000
546,-11.000000,-32.000000,-116.000000,31.000000,-1.000000,-118.000000,-21.000000,-2.000000,155.000000,65.000000,7.000000,-90.000000
547,-11.000000,-32.000000,-116.000000,31.000000,-1.000000,-118.000000,-21.000000,-2.000000,155.000000,65.000000,7.000000,-90.000000
548,-11.000000,-32.000000,-116.000000,31.000000,-1.000000,-118.000000,-21.000000,-2.000000,155.000000,65.000000,7.000000,-90.000000
549,-11.000000,-32.000000,-116.000000,31.000000,-1.000000,-118.000000,-21.000000,-2.000000,155.000000,65.000000,7.000000,-90.000000
550,-11.000000,-32.000000,-116.000000,31.000000,-1.000000,-118.000000,-21.000000,-2.000000,155.000000,65.000000,7.000000,-90.000000
551,-11.000000,-32.000000,-116.000000,31.000000,-1.000000,-118.000000,-21.000000,-2.000000,155.000000,65.000000,7.000000,-90.000000
552,-11.000000,-32.000000,-116.000000,31.000000,-1.000000,-118.000000,-21.000000,-2.000000,155.000000,65.000000,7.000000,-90.000000
553,-11.000000,-32.000000,-116.000000,31.000000,-1.000000,-118.000000,-21.000000,-2.000000,155.000000,65.000000,7.000000,-90.000000
554,-11.000000,-32.000000,-116.000000,31.000000,-1.000000,-118.000000,-21.000000,-2.000000,155.000000,65.000000,7.000000,-90.000000
555,-11.000000,-32.000000,-116.000000,31.000000,-1.000000,-118.000000,-21.000000,-2.000000,155.000000,65.000000,7.000000,-90.000000
556,-11.000000,-32.000000,-116.000000,31.000000,-1.000000,-118.000000,-21.000000,-2.000000,155.000000,65.000000,7.000000,-90.000000
557,-11.000000,-32.000000,-116.000000,31.000000,-1.000000,-118.000000,-21.000000,-2.000000,155.000000,65.000000,7.000000,-90.000000
558,-11.000000,-32.000000,-116.000000,31.000000,-1.000000,-118.000000,-21.000000,-2.000000,155.000000,65.000000,7.000000,-90.000000
559,-11.000000,-32.000000,-116.000000,31.000000,-1.000000,-118.000000,-21.000000,-2.000000,155.000000,65.000000,7.000000,-90.000000
560,-11.000000,-32.000000,-116.000000,31.000000,-1.000000,-118.000000,-21.000000,-2.000000,155.000000,65.000000,7.000000,-90.000000
561,-11.000000,-32.000000,-116.000000,31.000000,-1.000000,-118.000000,-21.000000,-2.000000,155.000000,65.000000,7.000000,-90.000000
562,-11.000000,-32.000000,-116.000000,31.000000,-1.000000,-118.000000,-21.000000,-2.000000,155.000000,65.000000,7.000000,-90.000000
563,-11.000000,-32.000000,-116.000000,31.000000,-1.000000,-118.000000,-21.000000,-2.000000,155.000000,65.000000,7.000000,-90.000000
564,-11.000000,-32.000000,-116.000000,31.000000,-1.000000,-118.000000,-21.000000,-2.000000,155.000000,65.000000,7.000000,-90.000000
565,-11.000000,-32.000000,-116.000000,31.000000,-1.000000,-118.000000,-21.000000,-2.000000,155.000000,65.000000,7.000000,-90.000000
566,-11.000000,-32.000000,-116.000000,31.000000,-1.000000,-118.000000,-21.000000,-2.000000,155.000000,65.000000,7.000000,-90.000000
567,-11.000000,-32.000000,-116.000000,31.000000,-1.000000,-118.000000,-21.000000,-2.000000,155.000000,65.000000,7.000000,-90.000000
568,-11.000000,-32.000000,-116.000000,31.000000,-1.000000,-118.000000,-21.000000,-2.000000,155.000000,65.000000,7.000000,-90.000000
569,-11.000000,-32.000000,-116.000000,31.000000,-1.000000,-118.000000,-21.000000,-2.000000,155.000000,65.000000,7.000000,-90.000000
570,-11.000000,-32.000000,-116.000000,31.000000,-1.000000,-118.000000,-21.000000,-2.000000,155.000000,65.000000,7.000000,-90.000000
571,-11.000000,-32.000000,-116.000000,31.000000,-1.000000,-118.000000,-21.000000,-2.000000,155.000000,65.000000,7.000000,-90.000000
572,-11.000000,-32.000000,-116.000000,31.000000,-1.000000,-118.000000,-21.000000,-2.000000,155.000000,65.000000,7.000000,-90.000000
573,-11.000000,-32.000000,-116.000000,31.000000,-1.000000,-118.000000,-21.000000,-2.000000,155.000000,65.000000,7.000000,-90.000000
574,-11.000000,-32.000000,-116.000000,31.000000,-1.000000,-118.000000,-21.000000,-2.000000,155.000000,65.000000,7.000000,-90.000000
575,-11.000000,-32.000000,-116.000000,31.000000,-1.000000,-118.000000,-21.000000,-2.000000,155.000000,65.000000,7.000000,-90.000000
576,-11.000000,-32.000000,-116.000000,31.000000,-1.000000,-118.000000,-21.000000,-2.000000,155.000000,65.000000,7.000000,-90.000000
577,-11.000000,-32.000000,-116.000000,31.000000,-1.000000,-118.000000,-21.000000,-2.000000,155.000000,65.000000,7.000000,-90.000000
578,-11.000000,-32.000000,-116.000000,31.000000,-1.000000,-118.000000,-21.000000,-2.000000,155.000000,65.000000,7.000000,-90.000000
579,-11.000000,-32.000000,-116.000000,31.000000,-1.000000,-118.000000,-21.000000,-2.000000,155.000000,65.000000,7.000000,-90.000000
580,-11.000000,-32.000000,-116.000000,31.000000,-1.000000,-118.000000,-21.000000,-2.000000,155.000000,65.000000,7.000000,-90.000000
581,-11.000000,-32.000000,-116.000000,31.000000,-1.000000,-118.000000,-21.000000,-2.000000,155.000000,65.000000,7.000000,-90.000000
582,-11.000000,-32.000000,-116.000000,31.000000,-1.000000,-118.000000,-21.000000,-2.000000,155.000000,65.000000,7.000000,-90.000000
583,-11.000000,-32.000000,-116.000000,31.000000,-1.000000,-118.000000,-21.000000,-2.000000,155.000000,65.000000,7.000000,-90.000000
584,-11.000000,-32.000000,-116.000000,31.000000,-1.000000,-118.000000,-21.000000,-2.000000,155.000000,65.000000,7.000000,-90.000000
585,-11.000000,-32.000000,-116.000000,31.000000,-1.000000,-118.000000,-21.000000,-2.000000,155.000000,65.000000,7.000000,-90.000000
586,-11.000000,-32.000000,-116.000000,31.000000,-1.000000,-118.000000,-21.000000,-2.000000,155.000000,65.000000,7.000000,-90.000000
587,-11.000000,-32.000000,-116.000000,31.000000,-1.000000,-118.000000,-21.000000,-2.000000,155.000000,65.000000,7.000000,-90.000000
588,-11.000000,-32.000000,-116.000000,31.000000,-1.000000,-118.000000,-21.000000,-2.000000,155.000000,65.000000,7.000000,-90.000000
589,-11.000000,-32.000000,-116.000000,31.000000,-1.000000,-118.000000,-21.000000,-2.000000,155.000000,65.000000,7.000000,-90.000000
590,-11.000000,-32.000000,-116.000000,31.000000,-1.000000,-118.000000,-21.000000,-2.000000,155.000000,65.000000,7.000000,-90.000000
591,-11.000000,-32.000000,-116.000000,31.000000,-1.000000,-118.000000,-21.000000,-2.000000,155.000000,65.000000,7.000000,-90.000000
592,-11.000000,-32.000000,-116.000000,31.000000,-1.000000,-118.000000,-21.000000,-2.000000,155.000000,65.000000,7.000000,-90.000000
593,-11.000000,-32.000000,-116.000000,31.000000,-1.000000,-118.000000,-21.000000,-2.000000,155.000000,65.000000,7.000000,-90.000000
594,-11.000000,-32.000000,-116.000000,31.000000,-1.000000,-118.000000,-21.000000,-2.000000,155.000000,65.000000,7.000000,-90.000000
595,-11.000000,-32.000000,-116.000000,31.000000,-1.000000,-118.000000,-21.000000,-2.000000,155.000000,65.000000,7.000000,-90.000000
596,-11.000000,-32.000000,-116.000000,31.000000,-1.000000,-118.000000,-21.000000,-2.000000,155.000000,65.000000,7.000000,-90.000000
597,-11.000000,-32.000000,-116.000000,31.000000,-1.000000,-118.000000,-21.000000,-2.000000,155.000000,65.000000,7.000000,-90.000000
598,-11.000000,-32.000000,-116.000000,31.000000,-1.000000,-118.000000,-21.000000,-2.000000,155.000000,65.000000,7.000000,-90.000000
599,-11.000000,-32.000000,-116.000000,31.000000,-1.000000,-118.000000,-21.000000,-2.000000,155.000000,65.000000,7.000000,-90.000000
600,-11.000000,-32.000000,-116.000000,31.000000,-1.000000,-118.000000,-21.000000,-2.000000,155.000000,65.000000,7.000000,-90.000000
601,-11.000000,-32.000000,-116.000000,31.000000,-1.000000,-118.000000,-21.000000,-2.000000,155.000000,65.000000,7.000000,-90.000000
602,-11.000000,-32.000000,-116.000000,31.000000,-1.000000,-118.000000,-21.000000,-2.000000,155.000000,65.000000,7.000000,-90.000000
603,-11.000000,-32.000000,-116.000000,31.000000,-1.000000,-118.000000,-21.000000,-2.000000,155.000000,65.000000,7.000000,-90.000000
604,-11.000000,-32.000000,-116.000000,31.000000,-1.000000,-118.000000,-21.000000,-2.000000,155.000000,65.000000,7.000000,-90.000000
605,-11.000000,-32.000000,-116.000000,31.000000,-1.000000,-118.000000,-21.000000,-2.000000,155.000000,65.000000,7.000000,-90.000000
606,-11.000000,-32.000000,-116.000000,31.000000,-1.000000,-118.000000,-21.000000,-2.000000,155.000000,65.000000,7.000000,-90.000000
607,-11.000000,-32.000000,-116.000000,31.000000,-1.000000,-118.000000,-21.000000,-2.000000,155.000000,65.000000,7.000000,-90.000000
608,-11.000000,-32.000000,-116.000000,31.000000,-1.000000,-118.000000,-21.000000,-2.000000,155.000000,65.000000,7.000000,-90.000000
609,-11.000000,-32.000000,-116.000000,31.000000,-1.000000,-118.000000,-21.000000,-2.000000,155.000000,65.000000,7.000000,-90.000000
610,-11.000000,-32.000000,-116.000000,31.000000,-1.000000,-118.000000,-21.000000,-2.000000,155.000000,65.000000,7.000000,-90.000000
611,-11.000000,-32.000000,-116.000000,31.000000,-1.000000,-118.000000,-21.000000,-2.000000,155.000000,65.000000,7.000000,-90.000000
612,-11.000000,-32.000000,-116.000000,31.000000,-1.000000,-118.000000,-21.000000,-2.000000,155.000000,65.000000,7.000000,-90.000000
613,-11.000000,-32.000000,-116.000000,31.000000,-1.000000,-118.000000,-21.000000,-2.000000,155.000000,65.000000,7.000000,-90.000000
614,-11.000000,-32.000000,-116.000000,31.000000,-1.000000,-118.000000,-21.000000,-2.000000,155.000000,65.000000,7.000000,-90.000000
615,-11.000000,-32.000000,-116.000000,31.000000,-1.000000,-118.000000,-21.000000,-2.000000,155.000000,65.000000,7.000000,-90.000000
616,-11.000000,-32.000000,-116.000000,31.000000,-1.000000,-118.000000,-21.000000,-2.000000,155.000000,65.000000,7.000000,-90.000000
617,-11.000000,-32.000000,-116.000000,31.000000,-1.000000,-118.000000,-21.000000,-2.000000,155.000000,65.000000,7.000000,-90.000000
618,-11.000000,-32.000000,-116.000000,31.000000,-1.000000,-118.000000,-21.000000,-2.000000,155.000000,65.000000,7.000000,-90.000000
619,-11.000000,-32.000000,-116.000000,31.000000,-1.000000,-118.000000,-21.000000,-2.000000,155.000000,65.000000,7.000000,-90.000000
620,-11.000000,-32.000000,-116.000000,31.000000,-1.000000,-118.000000,-21.000000,-2.000000,155.000000,65.000000,7.000000,-90.000000
621,-11.000000,-32.000000,-116.000000,31.000000,-1.000000,-118.000000,-21.000000,-2.000000,155.000000,65.000000,7.000000,-90.000000
622,-11.000000,-32.000000,-116.000000,31.000000,-1.000000,-118.000000,-21.000000,-2.000000,155.000000,65.000000,7.000000,-90.000000
623,-11.000000,-32.000000,-116.000000,31.000000,-1.000000,-118.000000,-21.000000,-2.000000,155.000000,65.000000,7.000000,-90.000000
624,-11.000000,-32.000000,-116.000000,31.000000,-1.000000,-118.000000,-21.000000,-2.000000,155.000000,65.000000,7.000000,-90.000000
625,-11.000000,-32.000000,-116.000000,31.000000,-1.000000,-118.000000,-21.000000,-2.000000,155.000000,65.000000,7.000000,-90.000000
626,-11.000000,-32.000000,-116.000000,31.000000,-1.000000,-118.000000,-21.000000,-2.000000,155.000000,65.000000,7.000000,-90.000000
627,-11.000000,-32.000000,-116.000000,31.000000,-1.000000,-118.000000,-21.000000,-2.000000,155.000000,65.000000,7.000000,-90.000000
628,-11.000000,-32.000000,-116.000000,31.000000,-1.000000,-118.000000,-21.000000,-2.000000,155.000000,65.000000,7.000000,-90.000000
629,-11.000000,-32.000000,-116.000000,31.000000,-1.000000,-118.000000,-21.000000,-2.000000,155.000000,65.000000,7.000000,-90.000000
630,-11.000000,-32.000000,-116.000000,31.000000,-1.000000,-118.000000,-21.000000,-2.000000,155.000000,65.000000,7.000000,-90.000000
631,-11.000000,-32.000000,-116.000000,31.000000,-1.000000,-118.000000,-21.000000,-2.000000,155.000000,65.000000,7.000000,-90.000000
632,-11.000000,-32.000000,-116.000000,31.000000,-1.000000,-118.000000,-21.000000,-2.000000,155.000000,65.000000,7.000000,-90.000000
633,-11.000000,-32.000000,-116.000000,31.000000,-1.000000,-118.000000,-21.000000,-2.000000,155.000000,65.000000,7.000000,-90.000000
634,-11.000000,-32.000000,-116.000000,31.000000,-1.000000,-118.000000,-21.000000,-2.000000,155.000000,65.000000,7.000000,-90.000000
635,-11.000000,-32.000000,-116.000000,31.000000,-1.000000,-118.000000,-21.000000,-2.000000,155.000000,65.000000,7.000000,-90.000000
636,-11.000000,-32.000000,-116.000000,31.000000,-1.000000,-118.000000,-21.000000,-2.000000,155.000000,65.000000,7.000000,-90.000000
637,-11.000000,-32.000000,-116.000000,31.000000,-1.000000,-118.000000,-21.000000,-2.000000,155.000000,65.000000,7.000000,-90.000000
638,-11.000000,-32.000000,-116.000000,31.000000,-1.000000,-118.000000,-21.000000,-2.000000,155.000000,65.000000,7.000000,-90.000000
639,-11.000000,-32.000000,-116.000000,31.000000,-1.000000,-118.000000,-21.000000,-2.000000,155.000000,65.000000,7.000000,-90.000000
640,-11.000000,-32.000000,-116.000000,31.000000,-1.000000,-118.000000,-21.000000,-2.000000,155.000000,65.000000,7.000000,-90.000000
641,-11.000000,-32.000000,-116.000000,31.000000,-1.000000,-118.000000,-21.000000,-2.000000,155.000000,65.000000,7.000000,-90.000000
642,-11.000000,-32.000000,-116.000000,31.000000,-1.000000,-118.000000,-21.000000,-2.000000,155.000000,65.000000,7.000000,-90.000000
643,-11.000000,-32.000000,-116.000000,31.000000,-1.000000,-118.000000,-21.000000,-2.000000,155.000000,65.000000,7.000000,-90.000000
644,-11.000000,-32.000000,-116.000000,31.000000,-1.000000,-118.000000,-21.000000,-2.000000,155.000000,65.000000,7.000000,-90.000000
645,-11.000000,-32.000000,-116.000000,31.000000,-1.000000,-118.000000,-21.000000,-2.000000,155.000000,65.000000,7.000000,-90.000000
646,-11.000000,-32.000000,-116.000000,31.000000,-1.000000,-118.000000,-21.000000,-2.000000,155.000000,65.000000,7.000000,-90.000000
647,-11.000000,-32.000000,-116.000000,31.000000,-1.000000,-118.000000,-21.000000,-2.000000,155.000000,65.000000,7.000000,-90.000000
648,-11.000000,-32.000000,-116.000000,31.000000,-1.000000,-118.000000,-21.000000,-2.000000,155.000000,65.000000,7.000000,-90.000000
649,-11.000000,-32.000000,-116.000000,31.000000,-1.000000,-118.000000,-21.000000,-2.000000,155.000000,65.000000,7.000000,-90.000000
650,-11.000000,-32.000000,-116.000000,31.000000,-1.000000,-118.000000,-21.000000,-2.000000,155.000000,65.000000,7.000000,-90.000000
651,-11.000000,-32.000000,-116.000000,31.000000,-1.000000,-118.000000,-21.000000,-2.000000,155.000000,65.000000,7.000000,-90.000000
652,-11.000000,-32.000000,-116.000000,31.000000,-1.000000,-118.000000,-21.000000,-2.000000,155.000000,65.000000,7.000000,-90.000000
653,-11.000000,-32.000000,-116.000000,31.000000,-1.000000,-118.000000,-21.000000,-2.000000,155.000000,65.000000,7.000000,-90.000000
654,-11.000000,-32.000000,-116.000000,31.000000,-1.000000,-118.000000,-21.000000,-2.000000,155.000000,65.000000,7.000000,-90.000000
655,-19.000000,-33.000000,-113.000000,39.000000,4.000000,-120.000000,-24.000000,0.000000,156.000000,65.000000,7.000000,-90.000000
656,-19.000000,-33.000000,-113.000000,39.000000,4.000000,-120.000000,-24.000000,0.000000,156.000000,65.000000,7.000000,-90.000000
657,-19.000000,-33.000000,-113.000000,39.000000,4.000000,-120.000000,-24.000000,0.000000,156.000000,65.000000,7.000000,-90.000000
658,-19.000000,-33.000000,-113.000000,39.000000,4.000000,-120.000000,-24.000000,0.000000,156.000000,65.000000,7.000000,-90.000000
659,-19.000000,-33.000000,-112.000000,39.000000,4.000000,-120.000000,-24.000000,0.000000,156.000000,65.000000,7.000000,-90.000000
660,-19.000000,-33.000000,-112.000000,40.000000,5.000000,-120.000000,-24.000000,0.000000,156.000000,65.000000,7.000000,-90.000000
661,-19.000000,-33.000000,-112.000000,40.000000,5.000000,-120.000000,-24.000000,0.000000,156.000000,65.000000,7.000000,-90.000000
662,-19.000000,-33.000000,-112.000000,40.000000,5.000000,-120.000000,-24.000000,0.000000,156.000000,65.000000,7.000000,-90.000000
663,-19.000000,-33.000000,-112.000000,40.000000,5.000000,-120.000000,-24.000000,0.000000,156.000000,65.000000,7.000000,-90.000000
664,-19.000000,-33.000000,-112.000000,40.000000,5.000000,-120.000000,-24.000000,0.000000,156.000000,65.000000,7.000000,-90.000000
665,-19.000000,-33.000000,-112.000000,40.000000,5.000000,-120.000000,-24.000000,0.000000,156.000000,65.000000,7.000000,-90.000000
666,-19.000000,-33.000000,-112.000000,40.000000,5.000000,-120.000000,-24.000000,0.000000,156.000000,65.000000,7.000000,-90.000000
667,-19.000000,-33.000000,-112.000000,40.000000,5.000000,-120.000000,-24.000000,0.000000,156.000000,65.000000,7.000000,-90.000000
668,-19.000000,-33.000000,-112.000000,40.000000,5.000000,-120.000000,-24.000000,0.000000,156.000000,65.000000,7.000000,-90.000000
669,-19.000000,-33.000000,-112.000000,40.000000,5.000000,-120.000000,-24.000000,0.000000,156.000000,65.000000,7.000000,-90.000000
670,-19.000000,-33.000000,-112.000000,40.000000,5.000000,-120.000000,-24.000000,0.000000,156.000000,65.000000,7.000000,-90.000000
671,-19.000000,-33.000000,-112.000000,40.000000,5.000000,-120.000000,-24.000000,0.000000,156.000000,65.000000,7.000000,-90.000000
672,-19.000000,-33.000000,-112.000000,40.000000,5.000000,-120.000000,-24.000000,0.000000,156.000000,65.000000,7.000000,-90.000000
673,-19.000000,-33.000000,-112.000000,40.000000,5.000000,-120.000000,-24.000000,0.000000,156.000000,65.000000,7.000000,-90.000000
674,-20.000000,-33.000000,-112.000000,40.000000,5.000000,-120.000000,-24.000000,0.000000,156.000000,65.000000,7.000000,-90.000000
675,-20.000000,-33.000000,-112.000000,41.000000,5.000000,-120.000000,-24.000000,0.000000,156.000000,65.000000,7.000000,-90.000000
676,-20.000000,-33.000000,-112.000000,41.000000,5.000000,-120.000000,-24.000000,0.000000,156.000000,65.000000,7.000000,-90.000000
677,-20.000000,-33.000000,-112.000000,41.000000,5.000000,-120.000000,-24.000000,0.000000,156.000000,65.000000,7.000000,-90.000000
678,-20.000000,-33.000000,-112.000000,41.000000,5.000000,-120.000000,-24.000000,0.000000,156.000000,65.000000,7.000000,-90.000000
679,-20.000000,-33.000000,-112.000000,41.000000,5.000000,-120.000000,-24.000000,0.000000,156.000000,65.000000,7.000000,-90.000000
680,-20.000000,-33.000000,-112.000000,41.000000,5.000000,-120.000000,-24.000000,0.000000,156.000000,65.000000,7.000000,-90.000000
681,-20.000000,-33.000000,-112.000000,41.000000,5.000000,-120.000000,-24.000000,0.000000,156.000000,65.000000,7.000000,-90.000000
682,-20.000000,-33.000000,-112.000000,41.000000,5.000000,-120.000000,-24.000000,0.000000,156.000000,65.000000,7.000000,-90.000000
683,-20.000000,-33.000000,-112.000000,41.000000,5.000000,-120.000000,-24.000000,0.000000,156.000000,65.000000,7.000000,-90.000000
684,-20.000000,-33.000000,-112.000000,41.000000,5.000000,-120.000000,-24.000000,0.000000,156.000000,65.000000,7.000000,-90.000000
685,-20.000000,-33.000000,-112.000000,41.000000,5.000000,-120.000000,-24.000000,0.000000,157.000000,65.000000,7.000000,-90.000000
686,-20.000000,-33.000000,-112.000000,41.000000,5.000000,-120.000000,-24.000000,0.000000,157.000000,65.000000,7.000000,-90.000000
687,-20.000000,-33.000000,-112.000000,41.000000,5.000000,-120.000000,-24.000000,0.000000,157.000000,65.000000,7.000000,-90.000000
688,-20.000000,-33.000000,-112.000000,41.000000,5.000000,-120.000000,-24.000000,0.000000,157.000000,65.000000,7.000000,-90.000000
689,-20.000000,-34.000000,-112.000000,41.000000,5.000000,-120.000000,-24.000000,0.000000,157.000000,65.000000,7.000000,-90.000000
690,-20.000000,-34.000000,-112.000000,42.000000,5.000000,-119.000000,-24.000000,0.000000,157.000000,65.000000,7.000000,-90.000000
691,-20.000000,-34.000000,-112.000000,42.000000,5.000000,-119.000000,-24.000000,0.000000,157.000000,65.000000,7.000000,-90.000000
692,-20.000000,-34.000000,-112.000000,42.000000,5.000000,-119.000000,-24.000000,0.000000,157.000000,65.000000,7.000000,-90.000000
693,-20.000000,-34.000000,-112.000000,42.000000,5.000000,-119.000000,-24.000000,0.000000,157.000000,65.000000,7.000000,-90.000000
694,-20.000000,-34.000000,-112.000000,42.000000,5.000000,-119.000000,-24.000000,0.000000,157.000000,65.000000,7.000000,-90.000000
695,-20.000000,-34.000000,-112.000000,42.000000,5.000000,-119.000000,-24.000000,0.000000,157.000000,65.000000,7.000000,-90.000000
696,-20.000000,-34.000000,-112.000000,42.000000,5.000000,-119.000000,-24.000000,0.000000,157.000000,65.000000,7.000000,-90.000000
697,-20.000000,-34.000000,-112.000000,42.000000,5.000000,-119.000000,-24.000000,0.000000,157.000000,65.000000,7.000000,-90.000000
698,-20.000000,-34.000000,-112.000000,42.000000,5.000000,-119.000000,-24.000000,0.000000,157.000000,65.000000,7.000000,-90.000000
699,-20.000000,-34.000000,-112.000000,42.000000,5.000000,-119.000000,-24.000000,0.000000,157.000000,65.000000,7.000000,-90.000000
700,-20.000000,-34.000000,-112.000000,42.000000,5.000000,-119.000000,-25.000000,0.000000,157.000000,65.000000,7.000000,-90.000000
701,-20.000000,-34.000000,-112.000000,42.000000,5.000000,-119.000000,-25.000000,0.000000,157.000000,65.000000,7.000000,-90.000000
702,-20.000000,-34.000000,-112.000000,42.000000,5.000000,-119.000000,-25.000000,0.000000,157.000000,65.000000,7.000000,-90.000000
703,-20.000000,-34.000000,-112.000000,42.000000,5.000000,-119.000000,-25.000000,0.000000,157.000000,65.000000,7.000000,-90.000000
704,-21.000000,-33.000000,-112.000000,43.000000,5.000000,-119.000000,-25.000000,0.000000,157.000000,65.000000,7.000000,-90.000000
705,-21.000000,-33.000000,-112.000000,43.000000,5.000000,-119.000000,-25.000000,0.000000,157.000000,65.000000,7.000000,-90.000000
706,-21.000000,-33.000000,-112.000000,43.000000,5.000000,-119.000000,-25.000000,0.000000,157.000000,65.000000,7.000000,-90.000000
707,-21.000000,-33.000000,-112.000000,43.000000,5.000000,-119.000000,-25.000000,0.000000,157.000000,65.000000,7.000000,-90.000000
708,-21.000000,-33.000000,-112.000000,43.000000,5.000000,-119.000000,-25.000000,0.000000,157.000000,65.000000,7.000000,-90.000000
709,-21.000000,-33.000000,-112.000000,43.000000,5.000000,-119.000000,-25.000000,0.000000,157.000000,65.000000,7.000000,-90.000000
710,-21.000000,-33.000000,-112.000000,43.000000,5.000000,-119.000000,-25.000000,0.000000,157.000000,65.000000,7.000000,-90.000000
711,-21.000000,-33.000000,-112.000000,43.000000,5.000000,-119.000000,-25.000000,0.000000,157.000000,65.000000,7.000000,-90.000000
712,-21.000000,-33.000000,-112.000000,43.000000,5.000000,-119.000000,-25.000000,0.000000,157.000000,65.000000,7.000000,-90.000000
713,-21.000000,-33.000000,-112.000000,43.000000,5.000000,-119.000000,-25.000000,0.000000,157.000000,65.000000,7.000000,-90.000000
714,-21.000000,-33.000000,-112.000000,43.000000,5.000000,-119.000000,-25.000000,0.000000,157.000000,65.000000,7.000000,-90.000000
715,-21.000000,-33.000000,-112.000000,43.000000,5.000000,-119.000000,-25.000000,0.000000,157.000000,65.000000,7.000000,-90.000000
716,-21.000000,-33.000000,-112.000000,43.000000,5.000000,-119.000000,-25.000000,0.000000,157.000000,65.000000,7.000000,-90.000000
717,-21.000000,-33.000000,-112.000000,43.000000,5.000000,-119.000000,-25.000000,0.000000,157.000000,65.000000,7.000000,-90.000000
718,-21.000000,-33.000000,-112.000000,43.000000,5.000000,-119.000000,-25.000000,0.000000,157.000000,65.000000,7.000000,-90.000000
719,-21.000000,-33.000000,-112.000000,43.000000,5.000000,-119.000000,-25.000000,0.000000,157.000000,65.000000,7.000000,-90.000000
720,-21.000000,-33.000000,-112.000000,43.000000,5.000000,-119.000000,-25.000000,0.000000,157.000000,65.000000,7.000000,-90.000000
721,-21.000000,-33.000000,-112.000000,43.000000,5.000000,-119.000000,-25.000000,0.000000,157.000000,65.000000,7.000000,-90.000000
722,-21.000000,-33.000000,-112.000000,43.000000,5.000000,-119.000000,-25.000000,0.000000,157.000000,65.000000,7.000000,-90.000000
723,-21.000000,-33.000000,-112.000000,43.000000,5.000000,-119.000000,-25.000000,0.000000,157.000000,65.000000,7.000000,-90.000000
724,-21.000000,-33.000000,-112.000000,43.000000,5.000000,-119.000000,-25.000000,0.000000,157.000000,65.000000,7.000000,-90.000000
725,-21.000000,-33.000000,-112.000000,43.000000,5.000000,-119.000000,-25.000000,0.000000,157.000000,65.000000,7.000000,-90.000000
726,-21.000000,-33.000000,-112.000000,43.000000,5.000000,-119.000000,-25.000000,0.000000,157.000000,65.000000,7.000000,-90.000000
727,-21.000000,-33.000000,-112.000000,43.000000,5.000000,-119.000000,-25.000000,0.000000,157.000000,65.000000,7.000000,-90.000000
728,-21.000000,-33.000000,-112.000000,43.000000,5.000000,-119.000000,-25.000000,0.000000,157.000000,65.000000,7.000000,-90.000000
729,-21.000000,-33.000000,-112.000000,43.000000,5.000000,-119.000000,-25.000000,0.000000,157.000000,65.000000,7.000000,-90.000000
730,-21.000000,-33.000000,-112.000000,43.000000,5.000000,-119.000000,-25.000000,0.000000,157.000000,65.000000,7.000000,-90.000000
731,-21.000000,-33.000000,-112.000000,43.000000,5.000000,-119.000000,-25.000000,0.000000,157.000000,65.000000,7.000000,-90.000000
732,-21.000000,-33.000000,-112.000000,43.000000,5.000000,-119.000000,-25.000000,0.000000,157.000000,65.000000,7.000000,-90.000000
733,-21.000000,-33.000000,-112.000000,43.000000,5.000000,-119.000000,-25.000000,0.000000,157.000000,65.000000,7.000000,-90.000000
734,-21.000000,-33.000000,-112.000000,43.000000,5.000000,-119.000000,-25.000000,0.000000,157.000000,65.000000,7.000000,-90.000000
735,-21.000000,-33.000000,-112.000000,43.000000,5.000000,-119.000000,-25.000000,0.000000,157.000000,65.000000,7.000000,-90.000000
736,-21.000000,-33.000000,-112.000000,43.000000,5.000000,-119.000000,-25.000000,0.000000,157.000000,65.000000,7.000000,-90.000000
737,-21.000000,-33.000000,-112.000000,43.000000,5.000000,-119.000000,-25.000000,0.000000,157.000000,65.000000,7.000000,-90.000000
738,-21.000000,-33.000000,-112.000000,43.000000,5.000000,-119.000000,-25.000000,0.000000,157.000000,65.000000,7.000000,-90.000000
739,-21.000000,-33.000000,-112.000000,43.000000,5.000000,-119.000000,-25.000000,0.000000,157.000000,65.000000,7.000000,-90.000000
740,-21.000000,-33.000000,-112.000000,43.000000,5.000000,-119.000000,-25.000000,0.000000,157.000000,65.000000,7.000000,-90.000000
741,-21.000000,-33.000000,-112.000000,43.000000,5.000000,-119.000000,-25.000000,0.000000,157.000000,65.000000,7.000000,-90.000000
742,-21.000000,-33.000000,-112.000000,43.000000,5.000000,-119.000000,-25.000000,0.000000,157.000000,65.000000,7.000000,-90.000000
743,-21.000000,-33.000000,-112.000000,43.000000,5.000000,-119.000000,-25.000000,0.000000,157.000000,65.000000,7.000000,-90.000000
744,-21.000000,-33.000000,-112.000000,43.000000,5.000000,-119.000000,-25.000000,0.000000,157.000000,65.000000,7.000000,-90.000000
745,-21.000000,-33.000000,-112.000000,43.000000,5.000000,-119.000000,-25.000000,0.000000,157.000000,65.000000,7.000000,-90.000000
746,-21.000000,-33.000000,-112.000000,43.000000,5.000000,-119.000000,-25.000000,0.000000,157.000000,65.000000,7.000000,-90.000000
747,-21.000000,-33.000000,-112.000000,43.000000,5.000000,-119.000000,-25.000000,0.000000,157.000000,65.000000,7.000000,-90.000000
748,-21.000000,-33.000000,-112.000000,43.000000,5.000000,-119.000000,-25.000000,0.000000,157.000000,65.000000,7.000000,-90.000000
749,-21.000000,-33.000000,-112.000000,43.000000,5.000000,-119.000000,-25.000000,0.000000,157.000000,65.000000,7.000000,-90.000000
750,-21.000000,-33.000000,-112.000000,43.000000,5.000000,-119.000000,-25.000000,0.000000,157.000000,65.000000,7.000000,-90.000000
751,-21.000000,-33.000000,-112.000000,43.000000,5.000000,-119.000000,-25.000000,0.000000,157.000000,65.000000,7.000000,-90.000000
752,-21.000000,-33.000000,-112.000000,43.000000,5.000000,-119.000000,-25.000000,0.000000,157.000000,65.000000,7.000000,-90.000000
753,-21.000000,-33.000000,-112.000000,43.000000,5.000000,-119.000000,-25.000000,0.000000,157.000000,65.000000,7.000000,-90.000000
754,-21.000000,-33.000000,-112.000000,43.000000,5.000000,-119.000000,-25.000000,0.000000,157.000000,65.000000,7.000000,-90.000000
755,-21.000000,-33.000000,-112.000000,43.000000,5.000000,-119.000000,-25.000000,0.000000,157.000000,65.000000,7.000000,-90.000000
756,-21.000000,-33.000000,-112.000000,43.000000,5.000000,-119.000000,-25.000000,0.000000,157.000000,65.000000,7.000000,-90.000000
757,-21.000000,-33.000000,-112.000000,43.000000,5.000000,-119.000000,-25.000000,0.000000,157.000000,65.000000,7.000000,-90.000000
758,-21.000000,-33.000000,-112.000000,43.000000,5.000000,-119.000000,-25.000000,0.000000,157.000000,65.000000,7.000000,-90.000000
759,-21.000000,-33.000000,-112.000000,43.000000,5.000000,-119.000000,-25.000000,0.000000,157.000000,65.000000,7.000000,-90.000000
760,-21.000000,-33.000000,-112.000000,43.000000,5.000000,-119.000000,-25.000000,0.000000,157.000000,65.000000,7.000000,-90.000000
761,-21.000000,-33.000000,-112.000000,43.000000,5.000000,-119.000000,-25.000000,0.000000,157.000000,65.000000,7.000000,-90.000000
762,-21.000000,-33.000000,-112.000000,43.000000,5.000000,-119.000000,-25.000000,0.000000,157.000000,65.000000,7.000000,-90.000000
763,-21.000000,-33.000000,-112.000000,43.000000,5.000000,-119.000000,-25.000000,0.000000,157.000000,65.000000,7.000000,-90.000000
764,-21.000000,-33.000000,-112.000000,43.000000,5.000000,-119.000000,-25.000000,0.000000,157.000000,65.000000,7.000000,-90.000000
765,-21.000000,-33.000000,-112.000000,43.000000,5.000000,-119.000000,-25.000000,0.000000,157.000000,65.000000,7.000000,-90.000000
766,-21.000000,-33.000000,-112.000000,43.000000,5.000000,-119.000000,-25.000000,0.000000,157.000000,65.000000,7.000000,-90.000000
767,-21.000000,-33.000000,-112.000000,43.000000,5.000000,-119.000000,-25.000000,0.000000,157.000000,65.000000,7.000000,-90.000000
768,-21.000000,-33.000000,-112.000000,43.000000,5.000000,-119.000000,-25.000000,0.000000,157.000000,65.000000,7.000000,-90.000000
769,-21.000000,-33.000000,-112.000000,43.000000,5.000000,-119.000000,-25.000000,0.000000,157.000000,65.000000,7.000000,-90.000000
770,-21.000000,-33.000000,-112.000000,43.000000,5.000000,-119.000000,-25.000000,0.000000,157.000000,65.000000,7.000000,-90.000000
771,-21.000000,-33.000000,-112.000000,43.000000,5.000000,-119.000000,-25.000000,0.000000,157.000000,65.000000,7.000000,-90.000000
772,-21.000000,-33.000000,-112.000000,43.000000,5.000000,-119.000000,-25.000000,0.000000,157.000000,65.000000,7.000000,-90.000000
773,-21.000000,-33.000000,-112.000000,43.000000,5.000000,-119.000000,-25.000000,0.000000,157.000000,65.000000,7.000000,-90.000000
774,-21.000000,-33.000000,-112.000000,43.000000,5.000000,-119.000000,-25.000000,0.000000,157.000000,65.000000,7.000000,-90.000000
775,-21.000000,-33.000000,-112.000000,43.000000,5.000000,-119.000000,-25.000000,0.000000,157.000000,65.000000,7.000000,-90.000000
776,-21.000000,-33.000000,-112.000000,43.000000,5.000000,-119.000000,-25.000000,0.000000,157.000000,65.000000,7.000000,-90.000000
777,-21.000000,-33.000000,-112.000000,43.000000,5.000000,-119.000000,-25.000000,0.000000,157.000000,65.000000,7.000000,-90.000000
778,-21.000000,-33.000000,-112.000000,43.000000,5.000000,-119.000000,-25.000000,0.000000,157.000000,65.000000,7.000000,-90.000000
779,-21.000000,-33.000000,-112.000000,43.000000,5.000000,-119.000000,-25.000000,0.000000,157.000000,65.000000,7.000000,-90.000000
780,-21.000000,-33.000000,-112.000000,43.000000,5.000000,-119.000000,-25.000000,0.000000,157.000000,65.000000,7.000000,-90.000000
781,-21.000000,-33.000000,-112.000000,43.000000,5.000000,-119.000000,-25.000000,0.000000,157.000000,65.000000,7.000000,-90.000000
782,-21.000000,-33.000000,-112.000000,43.000000,5.000000,-119.000000,-25.000000,0.000000,157.000000,65.000000,7.000000,-90.000000
783,-21.000000,-33.000000,-112.000000,43.000000,5.000000,-119.000000,-25.000000,0.000000,157.000000,65.000000,7.000000,-90.000000
784,-21.000000,-33.000000,-112.000000,43.000000,5.000000,-119.000000,-25.000000,0.000000,157.000000,65.000000,7.000000,-90.000000
785,-21.000000,-33.000000,-112.000000,43.000000,5.000000,-119.000000,-25.000000,0.000000,157.000000,65.000000,7.000000,-90.000000
786,-21.000000,-33.000000,-112.000000,43.000000,5.000000,-119.000000,-25.000000,0.000000,157.000000,65.000000,7.000000,-90.000000
787,-21.000000,-33.000000,-112.000000,43.000000,5.000000,-119.000000,-25.000000,0.000000,157.000000,65.000000,7.000000,-90.000000
788,-21.000000,-33.000000,-112.000000,43.000000,5.000000,-119.000000,-25.000000,0.000000,157.000000,65.000000,7.000000,-90.000000
789,-21.000000,-33.000000,-112.000000,43.000000,5.000000,-119.000000,-25.000000,0.000000,157.000000,65.000000,7.000000,-90.000000
790,-21.000000,-33.000000,-112.000000,43.000000,5.000000,-119.000000,-25.000000,0.000000,157.000000,65.000000,7.000000,-90.000000
791,-21.000000,-33.000000,-112.000000,43.000000,5.000000,-119.000000,-25.000000,0.000000,157.000000,65.000000,7.000000,-90.000000
792,-21.000000,-33.000000,-112.000000,43.000000,5.000000,-119.000000,-25.000000,0.000000,157.000000,65.000000,7.000000,-90.000000
793,-21.000000,-33.000000,-112.000000,43.000000,5.000000,-119.000000,-25.000000,0.000000,157.000000,65.000000,7.000000,-90.000000
794,-21.000000,-33.000000,-112.000000,43.000000,5.000000,-119.000000,-25.000000,0.000000,157.000000,65.000000,7.000000,-90.000000
795,-21.000000,-33.000000,-112.000000,43.000000,5.000000,-119.000000,-25.000000,0.000000,157.000000,65.000000,7.000000,-90.000000
796,-21.000000,-33.000000,-112.000000,43.000000,5.000000,-119.000000,-25.000000,0.000000,157.000000,65.000000,7.000000,-90.000000
797,-21.000000,-33.000000,-112.000000,43.000000,5.000000,-119.000000,-25.000000,0.000000,157.000000,65.000000,7.000000,-90.000000
798,-21.000000,-33.000000,-112.000000,43.000000,5.000000,-119.000000,-25.000000,0.000000,157.000000,65.000000,7.000000,-90.000000
799,-21.000000,-33.000000,-112.000000,43.000000,5.000000,-119.000000,-25.000000,0.000000,157.000000,65.000000,7.000000,-90.000000
800,-21.000000,-33.000000,-112.000000,43.000000,5.000000,-119.000000,-25.000000,0.000000,157.000000,65.000000,7.000000,-90.000000
801,-21.000000,-33.000000,-112.000000,43.000000,5.000000,-119.000000,-25.000000,0.000000,157.000000,65.000000,7.000000,-90.000000
802,-21.000000,-33.000000,-112.000000,43.000000,5.000000,-119.000000,-25.000000,0.000000,157.000000,65.000000,7.000000,-90.000000
803,-21.000000,-33.000000,-112.000000,43.000000,5.000000,-119.000000,-25.000000,0.000000,157.000000,65.000000,7.000000,-90.000000
804,-21.000000,-33.000000,-112.000000,43.000000,5.000000,-119.000000,-25.000000,0.000000,157.000000,65.000000,7.000000,-90.000000
805,-21.000000,-33.000000,-112.000000,43.000000,5.000000,-119.000000,-25.000000,0.000000,157.000000,65.000000,7.000000,-90.000000
806,-21.000000,-33.000000,-112.000000,43.000000,5.000000,-119.000000,-25.000000,0.000000,157.000000,65.000000,7.000000,-90.000000
807,-21.000000,-33.000000,-112.000000,43.000000,5.000000,-119.000000,-25.000000,0.000000,157.000000,65.000000,7.000000,-90.000000
808,-21.000000,-33.000000,-112.000000,43.000000,5.000000,-119.000000,-25.000000,0.000000,157.000000,65.000000,7.000000,-90.000000
809,-21.000000,-33.000000,-112.000000,43.000000,5.000000,-119.000000,-25.000000,0.000000,157.000000,65.000000,7.000000,-90.000000
810,-21.000000,-33.000000,-112.000000,43.000000,5.000000,-119.000000,-25.000000,0.000000,157.000000,65.000000,7.000000,-90.000000
811,-21.000000,-33.000000,-112.000000,43.000000,5.000000,-119.000000,-25.000000,0.000000,157.000000,65.000000,7.000000,-90.000000
812,-21.000000,-33.000000,-112.000000,43.000000,5.000000,-119.000000,-25.000000,0.000000,157.000000,65.000000,7.000000,-90.000000
813,-21.000000,-33.000000,-112.000000,43.000000,5.000000,-119.000000,-25.000000,0.000000,157.000000,65.000000,7.000000,-90.000000
814,-21.000000,-33.000000,-112.000000,43.000000,5.000000,-119.000000,-25.000000,0.000000,157.000000,65.000000,7.000000,-90.000000
815,-21.000000,-33.000000,-112.000000,43.000000,5.000000,-119.000000,-25.000000,0.000000,157.000000,65.000000,7.000000,-90.000000
816,-21.000000,-33.000000,-112.000000,43.000000,5.000000,-119.000000,-25.000000,0.000000,157.000000,65.000000,7.000000,-90.000000
817,-21.000000,-33.000000,-112.000000,43.000000,5.000000,-119.000000,-25.000000,0.000000,157.000000,65.000000,7.000000,-90.000000
818,-21.000000,-33.000000,-112.000000,43.000000,5.000000,-119.000000,-25.000000,0.000000,157.000000,65.000000,7.000000,-90.000000
819,-21.000000,-33.000000,-112.000000,43.000000,5.000000,-119.000000,-25.000000,0.000000,157.000000,65.000000,7.000000,-90.000000
820,-21.000000,-33.000000,-112.000000,43.000000,5.000000,-119.000000,-25.000000,0.000000,157.000000,65.000000,7.000000,-90.000000
821,-21.000000,-33.000000,-112.000000,43.000000,5.000000,-119.000000,-25.000000,0.000000,157.000000,65.000000,7.000000,-90.000000
822,-21.000000,-33.000000,-112.000000,43.000000,5.000000,-119.000000,-25.000000,0.000000,157.000000,65.000000,7.000000,-90.000000
823,-21.000000,-33.000000,-112.000000,43.000000,5.000000,-119.000000,-25.000000,0.000000,157.000000,65.000000,7.000000,-90.000000
824,-21.000000,-33.000000,-112.000000,43.000000,5.000000,-119.000000,-25.000000,0.000000,157.000000,65.000000,7.000000,-90.000000
825,-21.000000,-33.000000,-112.000000,43.000000,5.000000,-119.000000,-25.000000,0.000000,157.000000,65.000000,7.000000,-90.000000
826,-21.000000,-33.000000,-112.000000,43.000000,5.000000,-119.000000,-25.000000,0.000000,157.000000,65.000000,7.000000,-90.000000
827,-21.000000,-33.000000,-112.000000,43.000000,5.000000,-119.000000,-25.000000,0.000000,157.000000,65.000000,7.000000,-90.000000
828,-21.000000,-33.000000,-112.000000,43.000000,5.000000,-119.000000,-25.000000,0.000000,157.000000,65.000000,7.000000,-90.000000
829,-21.000000,-33.000000,-112.000000,43.000000,5.000000,-119.000000,-25.000000,0.000000,157.000000,65.000000,7.000000,-90.000000
830,-22.000000,-34.000000,-114.000000,47.000000,6.000000,-116.000000,-27.000000,0.000000,159.000000,65.000000,7.000000,-90.000000
831,-22.000000,-34.000000,-114.000000,47.000000,6.000000,-116.000000,-27.000000,0.000000,159.000000,65.000000,7.000000,-90.000000
832,-22.000000,-34.000000,-114.000000,47.000000,6.000000,-116.000000,-27.000000,0.000000,159.000000,65.000000,7.000000,-90.000000
833,-22.000000,-34.000000,-114.000000,47.000000,6.000000,-116.000000,-27.000000,0.000000,159.000000,65.000000,7.000000,-90.000000
834,-22.000000,-34.000000,-114.000000,47.000000,6.000000,-116.000000,-27.000000,0.000000,159.000000,65.000000,7.000000,-90.000000
835,-22.000000,-34.000000,-114.000000,47.000000,6.000000,-116.000000,-27.000000,0.000000,159.000000,65.000000,7.000000,-90.000000
836,-22.000000,-34.000000,-114.000000,47.000000,6.000000,-116.000000,-27.000000,0.000000,159.000000,65.000000,7.000000,-90.000000
837,-22.000000,-34.000000,-114.000000,47.000000,6.000000,-116.000000,-27.000000,0.000000,159.000000,65.000000,7.000000,-90.000000
838,-22.000000,-34.000000,-114.000000,47.000000,6.000000,-116.000000,-27.000000,0.000000,159.000000,65.000000,7.000000,-90.000000
839,-22.000000,-34.000000,-114.000000,47.000000,6.000000,-116.000000,-27.000000,0.000000,159.000000,65.000000,7.000000,-90.000000
840,-22.000000,-34.000000,-114.000000,47.000000,6.000000,-116.000000,-27.000000,0.000000,159.000000,65.000000,7.000000,-90.000000
841,-22.000000,-34.000000,-114.000000,47.000000,6.000000,-116.000000,-27.000000,0.000000,159.000000,65.000000,7.000000,-90.000000
842,-22.000000,-34.000000,-114.000000,47.000000,6.000000,-116.000000,-27.000000,0.000000,159.000000,65.000000,7.000000,-90.000000
843,-22.000000,-34.000000,-114.000000,47.000000,6.000000,-116.000000,-27.000000,0.000000,159.000000,65.000000,7.000000,-90.000000
844,-22.000000,-34.000000,-114.000000,47.000000,6.000000,-116.000000,-27.000000,0.000000,159.000000,65.000000,7.000000,-90.000000
845,-22.000000,-34.000000,-114.000000,47.000000,6.000000,-116.000000,-27.000000,0.000000,159.000000,65.000000,7.000000,-90.000000
846,-22.000000,-34.000000,-114.000000,47.000000,6.000000,-116.000000,-27.000000,0.000000,159.000000,65.000000,7.000000,-90.000000
847,-22.000000,-34.000000,-114.000000,47.000000,6.000000,-116.000000,-27.000000,0.000000,159.000000,65.000000,7.000000,-90.000000
848,-22.000000,-34.000000,-114.000000,47.000000,6.000000,-116.000000,-27.000000,0.000000,159.000000,65.000000,7.000000,-90.000000
849,-22.000000,-34.000000,-114.000000,47.000000,6.000000,-116.000000,-27.000000,0.000000,159.000000,65.000000,7.000000,-90.000000
850,-22.000000,-34.000000,-114.000000,47.000000,6.000000,-116.000000,-27.000000,0.000000,159.000000,65.000000,7.000000,-90.000000
851,-22.000000,-34.000000,-114.000000,47.000000,6.000000,-116.000000,-27.000000,0.000000,159.000000,65.000000,7.000000,-90.000000
852,-22.000000,-34.000000,-114.000000,47.000000,6.000000,-116.000000,-27.000000,0.000000,159.000000,65.000000,7.000000,-90.000000
853,-22.000000,-34.000000,-115.000000,47.000000,6.000000,-116.000000,-27.000000,0.000000,159.000000,65.000000,7.000000,-90.000000
854,-22.000000,-34.000000,-115.000000,47.000000,6.000000,-116.000000,-27.000000,0.000000,159.000000,65.000000,7.000000,-90.000000
855,-22.000000,-34.000000,-115.000000,47.000000,6.000000,-116.000000,-27.000000,0.000000,159.000000,65.000000,7.000000,-90.000000
856,-22.000000,-34.000000,-115.000000,47.000000,6.000000,-116.000000,-27.000000,0.000000,159.000000,65.000000,7.000000,-90.000000
857,-22.000000,-34.000000,-115.000000,47.000000,6.000000,-116.000000,-27.000000,0.000000,159.000000,65.000000,7.000000,-90.000000
858,-22.000000,-34.000000,-115.000000,47.000000,6.000000,-116.000000,-27.000000,0.000000,159.000000,65.000000,7.000000,-90.000000
859,-22.000000,-34.000000,-115.000000,47.000000,6.000000,-116.000000,-27.000000,0.000000,159.000000,65.000000,7.000000,-90.000000
860,-22.000000,-34.000000,-115.000000,47.000000,6.000000,-116.000000,-27.000000,0.000000,159.000000,65.000000,7.000000,-90.000000
861,-22.000000,-34.000000,-115.000000,47.000000,6.000000,-116.000000,-27.000000,0.000000,159.000000,65.000000,7.000000,-90.000000
862,-22.000000,-34.000000,-115.000000,47.000000,6.000000,-116.000000,-27.000000,0.000000,159.000000,65.000000,7.000000,-90.000000
863,-22.000000,-34.000000,-115.000000,47.000000,6.000000,-116.000000,-27.000000,0.000000,159.000000,65.000000,7.000000,-90.000000
864,-22.000000,-34.000000,-115.000000,47.000000,6.000000,-116.000000,-28.000000,0.000000,160.000000,65.000000,7.000000,-90.000000
865,-22.000000,-34.000000,-115.000000,47.000000,6.000000,-116.000000,-28.000000,0.000000,160.000000,65.000000,7.000000,-90.000000
866,-22.000000,-34.000000,-115.000000,47.000000,6.000000,-116.000000,-28.000000,0.000000,160.000000,65.000000,7.000000,-90.000000
867,-22.000000,-34.000000,-115.000000,47.000000,6.000000,-116.000000,-28.000000,0.000000,160.000000,65.000000,7.000000,-90.000000
868,-22.000000,-34.000000,-115.000000,47.000000,6.000000,-116.000000,-28.000000,0.000000,160.000000,65.000000,7.000000,-90.000000
869,-22.000000,-34.000000,-115.000000,47.000000,6.000000,-116.000000,-28.000000,0.000000,160.000000,65.000000,7.000000,-90.000000
870,-22.000000,-34.000000,-115.000000,47.000000,6.000000,-116.000000,-28.000000,0.000000,160.000000,65.000000,7.000000,-90.000000
871,-22.000000,-34.000000,-115.000000,47.000000,6.000000,-116.000000,-28.000000,0.000000,160.000000,65.000000,7.000000,-90.000000
872,-22.000000,-34.000000,-115.000000,47.000000,6.000000,-116.000000,-28.000000,0.000000,160.000000,65.000000,7.000000,-90.000000
873,-22.000000,-34.000000,-115.000000,47.000000,6.000000,-116.000000,-28.000000,0.000000,160.000000,65.000000,7.000000,-90.000000
874,-22.000000,-34.000000,-115.000000,47.000000,6.000000,-116.000000,-28.000000,0.000000,160.000000,65.000000,7.000000,-90.000000
875,-22.000000,-34.000000,-115.000000,47.000000,6.000000,-116.000000,-28.000000,0.000000,160.000000,65.000000,7.000000,-90.000000
876,-22.000000,-34.000000,-115.000000,47.000000,6.000000,-116.000000,-28.000000,0.000000,160.000000,65.000000,7.000000,-90.000000
877,-22.000000,-34.000000,-115.000000,47.000000,6.000000,-116.000000,-28.000000,0.000000,160.000000,65.000000,7.000000,-90.000000
878,-22.000000,-34.000000,-115.000000,47.000000,6.000000,-116.000000,-28.000000,0.000000,160.000000,65.000000,7.000000,-90.000000
879,-22.000000,-34.000000,-115.000000,47.000000,6.000000,-116.000000,-28.000000,1.000000,160.000000,65.000000,7.000000,-90.000000
880,-22.000000,-34.000000,-115.000000,47.000000,6.000000,-116.000000,-28.000000,1.000000,160.000000,65.000000,7.000000,-90.000000
881,-22.000000,-34.000000,-115.000000,47.000000,6.000000,-116.000000,-28.000000,1.000000,160.000000,65.000000,7.000000,-90.000000
882,-22.000000,-34.000000,-115.000000,47.000000,6.000000,-116.000000,-28.000000,1.000000,160.000000,65.000000,7.000000,-90.000000
883,-21.000000,-34.000000,-115.000000,47.000000,6.000000,-116.000000,-28.000000,1.000000,160.000000,65.000000,7.000000,-90.000000
884,-21.000000,-34.000000,-115.000000,47.000000,6.000000,-115.000000,-28.000000,1.000000,160.000000,65.000000,7.000000,-90.000000
885,-21.000000,-34.000000,-115.000000,47.000000,6.000000,-115.000000,-28.000000,1.000000,160.000000,65.000000,7.000000,-90.000000
886,-21.000000,-34.000000,-115.000000,47.000000,6.000000,-115.000000,-28.000000,1.000000,160.000000,65.000000,7.000000,-90.000000
887,-21.000000,-34.000000,-115.000000,47.000000,6.000000,-115.000000,-28.000000,1.000000,160.000000,65.000000,7.000000,-90.000000
888,-21.000000,-34.000000,-115.000000,47.000000,6.000000,-115.000000,-28.000000,1.000000,160.000000,65.000000,7.000000,-90.000000
889,-21.000000,-34.000000,-115.000000,47.000000,6.000000,-115.000000,-28.000000,1.000000,160.000000,65.000000,7.000000,-90.000000
890,-21.000000,-34.000000,-115.000000,47.000000,6.000000,-115.000000,-28.000000,1.000000,160.000000,65.000000,7.000000,-90.000000
891,-21.000000,-34.000000,-115.000000,47.000000,6.000000,-115.000000,-28.000000,1.000000,160.000000,65.000000,7.000000,-90.000000
892,-21.000000,-34.000000,-115.000000,47.000000,6.000000,-115.000000,-28.000000,1.000000,160.000000,65.000000,7.000000,-90.000000
893,-21.000000,-34.000000,-115.000000,47.000000,6.000000,-115.000000,-28.000000,1.000000,160.000000,65.000000,7.000000,-90.000000
894,-21.000000,-34.000000,-115.000000,47.000000,6.000000,-115.000000,-28.000000,1.000000,161.000000,65.000000,7.000000,-90.000000
895,-21.000000,-34.000000,-115.000000,47.000000,6.000000,-115.000000,-28.000000,1.000000,161.991730,65.000000,7.000000,-90.000000
896,-21.000000,-34.000000,-115.000000,47.000000,6.000000,-115.000000,-28.000000,1.000000,162.975204,65.000000,7.000000,-90.000000
897,-21.000000,-34.000000,-115.000000,47.000000,6.000000,-115.000000,-28.000000,1.000000,163.950409,65.000000,7.000000,-90.000000
898,-21.000000,-34.000000,-115.000000,47.000000,6.000000,-115.000000,-28.000000,1.000000,164.917358,65.000000,7.000000,-90.000000
899,-21.000000,-34.000000,-115.000000,47.000000,6.000000,-115.000000,-28.000000,1.000000,165.876038,65.000000,7.000000,-90.000000
900,-21.000000,-34.000000,-115.000000,47.000000,6.000000,-115.000000,-28.000000,1.000000,166.826447,65.000000,7.000000,-90.000000
901,-21.000000,-34.000000,-115.000000,47.000000,6.000000,-115.000000,-28.000000,1.000000,167.768600,65.000000,7.000000,-90.000000
902,-21.000000,-34.000000,-115.000000,47.000000,6.000000,-115.000000,-28.000000,1.000000,168.702484,65.000000,7.000000,-90.000000
903,-21.000000,-34.000000,-115.000000,47.000000,6.000000,-115.000000,-28.000000,1.000000,169.628098,65.000000,7.000000,-90.000000
904,-21.000000,-34.000000,-115.000000,47.000000,6.000000,-115.000000,-28.000000,1.000000,170.545456,65.000000,7.000000,-90.000000
905,-21.000000,-34.000000,-115.000000,47.000000,6.000000,-115.000000,-28.000000,1.000000,171.454544,65.000000,7.000000,-90.000000
906,-21.000000,-34.000000,-115.000000,47.000000,6.000000,-115.000000,-28.000000,1.000000,172.355377,65.000000,7.000000,-90.000000
907,-21.000000,-34.000000,-115.000000,47.000000,6.000000,-115.000000,-28.000000,1.000000,173.247940,65.000000,7.000000,-90.000000
908,-21.000000,-34.000000,-115.000000,47.000000,6.000000,-115.000000,-28.000000,1.000000,174.132233,65.000000,7.000000,-90.000000
909,-21.000000,-34.000000,-115.000000,47.000000,6.000000,-115.000000,-28.000000,1.000000,175.008270,65.000000,7.000000,-90.000000
910,-21.000000,-34.000000,-115.000000,47.000000,6.000000,-115.000000,-28.000000,1.000000,175.876038,65.000000,7.000000,-90.000000
911,-21.000000,-34.000000,-115.000000,47.000000,6.000000,-115.000000,-28.000000,1.000000,176.735535,65.000000,7.000000,-90.000000
912,-21.000000,-34.000000,-115.000000,47.000000,6.000000,-115.000000,-28.000000,1.000000,177.586777,65.000000,7.000000,-90.000000
913,-21.000000,-34.000000,-115.000000,47.000000,6.000000,-115.000000,-28.000000,1.000000,178.429749,65.000000,7.000000,-90.000000
914,-21.000000,-34.000000,-115.000000,47.000000,6.000000,-115.000000,-28.000000,1.000000,179.264465,65.000000,7.000000,-90.000000
915,-21.000000,-34.000000,-115.000000,47.000000,6.000000,-115.000000,-28.000000,1.000000,180.090912,65.000000,7.000000,-90.000000
916,-21.000000,-34.000000,-115.000000,47.000000,6.000000,-115.000000,-28.000000,1.000000,180.909088,65.000000,7.000000,-90.000000
917,-21.000000,-34.000000,-115.000000,47.000000,6.000000,-115.000000,-28.000000,1.000000,181.719009,65.000000,7.000000,-90.000000
918,-21.000000,-34.000000,-115.000000,47.000000,6.000000,-115.000000,-28.000000,1.000000,182.520660,65.000000,7.000000,-90.000000
919,-21.000000,-34.000000,-115.000000,47.000000,6.000000,-115.000000,-28.000000,1.000000,183.314056,65.000000,7.000000,-90.000000
920,-21.000000,-34.000000,-115.000000,47.000000,6.000000,-115.000000,-28.000000,1.000000,184.099167,65.000000,7.000000,-90.000000
921,-21.000000,-34.000000,-115.000000,47.000000,6.000000,-115.000000,-28.000000,1.000000,184.876038,65.000000,7.000000,-90.000000
922,-21.000000,-34.000000,-115.000000,47.000000,6.000000,-115.000000,-28.000000,1.000000,185.644623,65.000000,7.000000,-90.000000
923,-21.000000,-34.000000,-115.000000,47.000000,6.000000,-115.000000,-28.000000,1.000000,186.404953,65.000000,7.000000,-90.000000
924,-21.000000,-34.000000,-115.000000,47.000000,6.000000,-115.000000,-28.000000,1.000000,187.157028,65.000000,7.000000,-90.000000
925,-21.000000,-34.000000,-115.000000,47.000000,6.000000,-115.000000,-28.000000,1.000000,187.900833,65.000000,7.000000,-90.000000
926,-21.000000,-34.000000,-115.000000,47.000000,6.000000,-115.000000,-28.000000,1.000000,188.636368,65.000000,7.000000,-90.000000
927,-21.000000,-34.000000,-115.000000,47.000000,6.000000,-115.000000,-28.000000,1.000000,189.363632,65.000000,7.000000,-90.000000
928,-21.000000,-34.000000,-115.000000,47.000000,6.000000,-115.000000,-28.000000,1.000000,190.082642,65.000000,7.000000,-90.000000
929,-21.000000,-34.000000,-115.000000,47.000000,6.000000,-115.000000,-28.000000,1.000000,190.793396,65.000000,7.000000,-90.000000
930,-21.000000,-34.000000,-115.000000,47.000000,6.000000,-115.000000,-28.000000,1.000000,191.495865,65.000000,7.000000,-90.000000
931,-21.000000,-34.000000,-115.000000,47.000000,6.000000,-115.000000,-28.000000,1.000000,192.190079,65.000000,7.000000,-90.000000
932,-21.000000,-34.000000,-115.000000,47.000000,6.000000,-115.000000,-28.000000,1.000000,192.876038,65.000000,7.000000,-90.000000
933,-21.000000,-34.000000,-115.000000,47.000000,6.000000,-115.000000,-28.000000,1.000000,193.553726,65.000000,7.000000,-90.000000
934,-21.000000,-34.000000,-115.000000,47.000000,6.000000,-115.000000,-28.000000,1.000000,194.223145,65.000000,7.000000,-90.000000
935,-21.000000,-34.000000,-115.000000,47.000000,6.000000,-115.000000,-28.000000,1.000000,194.884293,65.000000,7.000000,-90.000000
936,-21.000000,-34.000000,-115.000000,47.000000,6.000000,-115.000000,-28.000000,1.000000,195.537186,65.000000,7.000000,-90.000000
937,-21.000000,-34.000000,-115.000000,47.000000,6.000000,-115.000000,-28.000000,1.000000,196.181824,65.000000,7.000000,-90.000000
938,-21.000000,-34.000000,-115.000000,47.000000,6.000000,-115.000000,-28.000000,1.000000,196.818176,65.000000,7.000000,-90.000000
939,-21.000000,-34.000000,-115.000000,47.000000,6.000000,-115.000000,-28.000000,1.000000,197.446274,65.000000,7.000000,-90.000000
940,-21.000000,-34.000000,-115.000000,47.000000,6.000000,-115.000000,-28.000000,1.000000,198.066116,65.000000,7.000000,-90.000000
941,-21.000000,-34.000000,-115.000000,47.000000,6.000000,-115.000000,-28.000000,1.000000,198.677689,65.000000,7.000000,-90.000000
942,-21.000000,-34.000000,-115.000000,47.000000,6.000000,-115.000000,-28.000000,1.000000,199.280991,65.000000,7.000000,-90.000000
943,-21.000000,-34.000000,-115.000000,47.000000,6.000000,-115.000000,-28.000000,1.000000,199.876038,65.000000,7.000000,-90.000000
944,-21.000000,-34.000000,-115.000000,47.000000,6.000000,-115.000000,-28.000000,1.000000,200.462814,65.000000,7.000000,-90.000000
945,-21.000000,-34.000000,-115.000000,47.000000,6.000000,-115.000000,-28.000000,1.000000,201.041321,65.000000,7.000000,-90.000000
946,-21.000000,-34.000000,-115.000000,47.000000,6.000000,-115.000000,-28.000000,1.000000,201.611572,65.000000,7.000000,-90.000000
947,-21.000000,-34.000000,-115.000000,47.000000,6.000000,-115.000000,-28.000000,1.000000,202.173553,65.000000,7.000000,-90.000000
948,-21.000000,-34.000000,-115.000000,47.000000,6.000000,-115.000000,-28.000000,1.000000,202.727280,65.000000,7.000000,-90.000000
949,-21.000000,-34.000000,-115.000000,47.000000,6.000000,-115.000000,-28.000000,1.000000,203.272720,65.000000,7.000000,-90.000000
950,-21.000000,-34.000000,-115.000000,47.000000,6.000000,-115.000000,-28.000000,1.000000,203.809921,65.000000,7.000000,-90.000000
951,-21.000000,-34.000000,-115.000000,47.000000,6.000000,-115.000000,-28.000000,1.000000,204.338837,65.000000,7.000000,-90.000000
952,-21.000000,-34.000000,-115.000000,47.000000,6.000000,-115.000000,-28.000000,1.000000,204.859497,65.000000,7.000000,-90.000000
953,-21.000000,-34.000000,-115.000000,47.000000,6.000000,-115.000000,-28.000000,1.000000,205.371902,65.000000,7.000000,-90.000000
954,-21.000000,-34.000000,-115.000000,47.000000,6.000000,-115.000000,-28.000000,1.000000,205.876038,65.000000,7.000000,-90.000000
955,-21.000000,-34.000000,-115.000000,47.000000,6.000000,-115.000000,-28.000000,1.000000,206.371902,65.000000,7.000000,-90.000000
956,-21.000000,-34.000000,-115.000000,47.000000,6.000000,-115.000000,-28.000000,1.000000,206.859497,65.000000,7.000000,-90.000000
957,-21.000000,-34.000000,-115.000000,47.000000,6.000000,-115.000000,-28.000000,1.000000,207.338837,65.000000,7.000000,-90.000000
958,-21.000000,-34.000000,-115.000000,47.000000,6.000000,-115.000000,-28.000000,1.000000,207.809921,65.000000,7.000000,-90.000000
959,-21.000000,-34.000000,-115.000000,47.000000,6.000000,-115.000000,-28.000000,1.000000,208.272720,65.000000,7.000000,-90.000000
960,-21.000000,-34.000000,-115.000000,47.000000,6.000000,-115.000000,-28.000000,1.000000,208.727280,65.000000,7.000000,-90.000000
961,-21.000000,-34.000000,-115.000000,47.000000,6.000000,-115.000000,-28.000000,1.000000,209.173553,65.000000,7.000000,-90.000000
962,-21.000000,-34.000000,-115.000000,47.000000,6.000000,-115.000000,-28.000000,1.000000,209.611572,65.000000,7.000000,-90.000000
963,-21.000000,-34.000000,-115.000000,47.000000,6.000000,-115.000000,-28.000000,1.000000,210.041321,65.000000,7.000000,-90.000000
964,-21.000000,-34.000000,-115.000000,47.000000,6.000000,-115.000000,-28.000000,1.000000,210.462814,65.000000,7.000000,-90.000000
965,-21.000000,-34.000000,-115.000000,47.000000,6.000000,-115.000000,-28.000000,1.000000,210.876038,65.000000,7.000000,-90.000000
966,-21.000000,-34.000000,-115.000000,47.000000,6.000000,-115.000000,-28.000000,1.000000,211.280991,65.000000,7.000000,-90.000000
967,-21.000000,-34.000000,-115.000000,47.000000,6.000000,-115.000000,-28.000000,1.000000,211.677689,65.000000,7.000000,-90.000000
968,-21.000000,-34.000000,-115.000000,47.000000,6.000000,-115.000000,-28.000000,1.000000,212.066116,65.000000,7.000000,-90.000000
969,-21.000000,-34.000000,-115.000000,47.000000,6.000000,-115.000000,-28.000000,1.000000,212.446274,65.000000,7.000000,-90.000000
970,-21.000000,-34.000000,-115.000000,47.000000,6.000000,-115.000000,-28.000000,1.000000,212.818176,65.000000,7.000000,-90.000000
971,-21.000000,-34.000000,-115.000000,47.000000,6.000000,-115.000000,-28.000000,1.000000,213.181824,65.000000,7.000000,-90.000000
972,-21.000000,-34.000000,-115.000000,47.000000,6.000000,-115.000000,-28.000000,1.000000,213.537186,65.000000,7.000000,-90.000000
973,-21.000000,-34.000000,-115.000000,47.000000,6.000000,-115.000000,-28.000000,1.000000,213.884293,65.000000,7.000000,-90.000000
974,-21.000000,-34.000000,-115.000000,47.000000,6.000000,-115.000000,-28.000000,1.000000,214.223145,65.000000,7.000000,-90.000000
975,-21.000000,-34.000000,-115.000000,47.000000,6.000000,-115.000000,-28.000000,1.000000,214.553726,65.000000,7.000000,-90.000000
976,-21.000000,-34.000000,-115.000000,47.000000,6.000000,-115.000000,-28.000000,1.000000,214.876038,65.000000,7.000000,-90.000000
977,-21.000000,-34.000000,-115.000000,47.000000,6.000000,-115.000000,-28.000000,1.000000,215.190079,65.000000,7.000000,-90.000000
978,-21.000000,-34.000000,-115.000000,47.000000,6.000000,-115.000000,-28.000000,1.000000,215.495865,65.000000,7.000000,-90.000000
979,-21.000000,-34.000000,-115.000000,47.000000,6.000000,-115.000000,-28.000000,1.000000,215.793396,65.000000,7.000000,-90.000000
980,-21.000000,-34.000000,-115.000000,47.000000,6.000000,-115.000000,-28.000000,1.000000,216.082642,65.000000,7.000000,-90.000000
981,-21.000000,-34.000000,-115.000000,47.000000,6.000000,-115.000000,-28.000000,1.000000,216.363632,65.000000,7.000000,-90.000000
982,-21.000000,-34.000000,-115.000000,47.000000,6.000000,-115.000000,-28.000000,1.000000,216.636368,65.000000,7.000000,-90.000000
983,-21.000000,-34.000000,-115.000000,47.000000,6.000000,-115.000000,-28.000000,1.000000,216.900833,65.000000,7.000000,-90.000000
984,-21.000000,-34.000000,-115.000000,47.000000,6.000000,-115.000000,-28.000000,1.000000,217.157028,65.000000,7.000000,-90.000000
985,-21.000000,-34.000000,-115.000000,47.000000,6.000000,-115.000000,-28.000000,1.000000,217.404953,65.000000,7.000000,-90.000000
986,-21.000000,-34.000000,-115.000000,47.000000,6.000000,-115.000000,-28.000000,1.000000,217.644623,65.000000,7.000000,-90.000000
987,-21.000000,-34.000000,-115.000000,47.000000,6.000000,-115.000000,-28.000000,1.000000,217.876038,65.000000,7.000000,-90.000000
988,-21.000000,-34.000000,-115.000000,47.000000,6.000000,-115.000000,-28.000000,1.000000,218.099167,65.000000,7.000000,-90.000000
989,-21.000000,-34.000000,-115.000000,47.000000,6.000000,-115.000000,-28.000000,1.000000,218.314056,65.000000,7.000000,-90.000000
990,-21.000000,-34.000000,-115.000000,47.000000,6.000000,-115.000000,-28.000000,1.000000,218.520660,65.000000,7.000000,-90.000000
991,-21.000000,-34.000000,-115.000000,47.000000,6.000000,-115.000000,-28.000000,1.000000,218.719009,65.000000,7.000000,-90.000000
992,-21.000000,-34.000000,-115.000000,47.000000,6.000000,-115.000000,-28.000000,1.000000,218.909088,65.000000,7.000000,-90.000000
993,-21.000000,-34.000000,-115.000000,47.000000,6.000000,-115.000000,-28.000000,1.000000,219.090912,65.000000,7.000000,-90.000000
994,-21.000000,-34.000000,-115.000000,47.000000,6.000000,-115.000000,-28.000000,1.000000,219.264465,65.000000,7.000000,-90.000000
995,-21.000000,-34.000000,-115.000000,47.000000,6.000000,-115.000000,-28.000000,1.000000,219.429749,65.000000,7.000000,-90.000000
996,-21.000000,-34.000000,-115.000000,47.000000,6.000000,-115.000000,-28.000000,1.000000,219.586777,65.000000,7.000000,-90.000000
997,-21.000000,-34.000000,-115.000000,47.000000,6.000000,-115.000000,-28.000000,1.000000,219.735535,65.000000,7.000000,-90.000000
998,-21.000000,-34.000000,-115.000000,47.000000,6.000000,-115.000000,-28.000000,1.000000,219.876038,65.000000,7.000000,-90.000000
999,-21.000000,-34.000000,-115.000000,47.000000,6.000000,-115.000000,-28.000000,1.000000,220.008270,65.000000,7.000000,-90.000000
1000,-21.000000,-34.000000,-115.000000,47.000000,6.000000,-115.000000,-28.000000,1.000000,220.132233,65.000000,7.000000,-90.000000
1001,-21.000000,-34.000000,-115.000000,47.000000,6.000000,-115.000000,-28.000000,1.000000,220.247940,65.000000,7.000000,-90.000000
1002,-21.000000,-34.000000,-115.000000,47.000000,6.000000,-115.000000,-28.000000,1.000000,220.355377,65.000000,7.000000,-90.000000
1003,-21.000000,-34.000000,-115.000000,47.000000,6.000000,-115.000000,-28.000000,1.000000,220.454544,65.000000,7.000000,-90.000000
1004,-21.000000,-34.000000,-115.000000,47.000000,6.000000,-115.000000,-28.000000,1.000000,220.545456,65.000000,7.000000,-90.000000
1005,-21.000000,-34.000000,-115.000000,47.000000,6.000000,-115.000000,-28.000000,1.000000,220.628098,65.000000,7.000000,-90.000000
1006,-21.000000,-34.000000,-115.000000,47.000000,6.000000,-115.000000,-28.000000,1.000000,220.702484,65.000000,7.000000,-90.000000
1007,-16.000000,-33.000000,-119.000000,41.000000,6.000000,-112.000000,-31.000000,1.000000,165.000000,65.000000,7.000000,-90.000000
1008,-16.000000,-33.000000,-119.000000,41.000000,6.000000,-112.000000,-31.000000,1.000000,165.000000,65.000000,7.000000,-90.000000
1009,-16.000000,-33.000000,-119.000000,41.000000,6.000000,-112.000000,-31.000000,1.000000,165.000000,65.000000,7.000000,-90.000000
1010,-16.000000,-33.000000,-119.000000,41.000000,6.000000,-112.000000,-31.000000,1.000000,165.000000,65.000000,7.000000,-90.000000
1011,-16.000000,-33.000000,-119.000000,41.000000,6.000000,-112.000000,-31.000000,1.000000,165.000000,65.000000,7.000000,-90.000000
1012,-16.000000,-33.000000,-119.000000,41.000000,6.000000,-112.000000,-31.000000,1.000000,165.000000,65.000000,7.000000,-90.000000
1013,-16.000000,-33.000000,-119.000000,41.000000,6.000000,-112.000000,-31.000000,1.000000,165.000000,65.000000,7.000000,-90.000000
1014,-16.000000,-33.000000,-119.000000,41.000000,6.000000,-112.000000,-31.000000,1.000000,165.000000,65.000000,7.000000,-90.000000
1015,-16.000000,-33.000000,-119.000000,41.000000,6.000000,-112.000000,-31.000000,1.000000,165.000000,65.000000,7.000000,-90.000000
1016,-16.000000,-33.000000,-119.000000,41.000000,6.000000,-112.000000,-31.000000,1.000000,165.000000,65.000000,7.000000,-90.000000
1017,-16.000000,-33.000000,-119.000000,41.000000,6.000000,-112.000000,-31.000000,1.000000,165.000000,65.000000,7.000000,-90.000000
1018,-14.000000,-33.000000,-120.000000,39.000000,6.000000,-112.000000,-31.000000,1.000000,165.000000,65.000000,7.000000,-90.000000
1019,-14.000000,-33.000000,-120.000000,39.000000,6.000000,-112.000000,-31.000000,1.000000,165.000000,65.000000,7.000000,-90.000000
1020,-14.000000,-33.000000,-120.000000,39.000000,6.000000,-112.000000,-31.000000,1.000000,165.000000,65.000000,7.000000,-90.000000
1021,-14.000000,-33.000000,-120.000000,39.000000,6.000000,-112.000000,-31.000000,1.000000,165.000000,65.000000,7.000000,-90.000000
1022,-14.000000,-33.000000,-120.000000,39.000000,6.000000,-112.000000,-31.000000,1.000000,165.000000,65.000000,7.000000,-90.000000
1023,-14.000000,-33.000000,-120.000000,39.000000,6.000000,-112.000000,-31.000000,1.000000,165.000000,65.000000,7.000000,-90.000000
1024,-14.000000,-33.000000,-120.000000,39.000000,6.000000,-112.000000,-31.000000,1.000000,165.000000,65.000000,7.000000,-90.000000
1025,-14.000000,-33.000000,-120.000000,39.000000,6.000000,-112.000000,-31.000000,1.000000,165.000000,65.000000,7.000000,-90.000000
1026,-14.000000,-33.000000,-120.000000,39.000000,6.000000,-112.000000,-31.000000,1.000000,165.000000,65.000000,7.000000,-90.000000
1027,-14.000000,-33.000000,-120.000000,39.000000,6.000000,-112.000000,-31.000000,1.000000,165.000000,65.000000,7.000000,-90.000000
1028,-14.000000,-33.000000,-120.000000,39.000000,6.000000,-112.000000,-31.000000,1.000000,165.000000,65.000000,7.000000,-90.000000
1029,-14.000000,-33.000000,-120.000000,39.000000,6.000000,-112.000000,-32.000000,1.000000,165.000000,65.000000,7.000000,-90.000000
1030,-14.000000,-33.000000,-120.000000,39.000000,6.000000,-112.000000,-32.000000,1.000000,165.000000,65.000000,7.000000,-90.000000
1031,-14.000000,-33.000000,-120.000000,39.000000,6.000000,-112.000000,-32.000000,1.000000,165.000000,65.000000,7.000000,-90.000000
1032,-14.000000,-33.000000,-120.000000,39.000000,6.000000,-112.000000,-32.000000,1.000000,165.000000,65.000000,7.000000,-90.000000
1033,-12.000000,-32.000000,-121.000000,36.000000,5.000000,-112.000000,-32.000000,1.000000,165.000000,65.000000,7.000000,-90.000000
1034,-12.000000,-32.000000,-121.000000,36.000000,5.000000,-112.000000,-32.000000,1.000000,165.000000,65.000000,7.000000,-90.000000
1035,-12.000000,-32.000000,-121.000000,36.000000,5.000000,-112.000000,-32.000000,1.000000,165.000000,65.000000,7.000000,-90.000000
1036,-12.000000,-32.000000,-121.000000,36.000000,5.000000,-112.000000,-32.000000,1.000000,165.000000,65.000000,7.000000,-90.000000
1037,-12.000000,-32.000000,-121.000000,36.000000,5.000000,-112.000000,-32.000000,1.000000,165.000000,65.000000,7.000000,-90.000000
1038,-12.000000,-32.000000,-121.000000,36.000000,5.000000,-112.000000,-32.000000,1.000000,165.000000,65.000000,7.000000,-90.000000
1039,-12.000000,-32.000000,-121.000000,36.000000,5.000000,-112.000000,-32.000000,1.000000,165.000000,65.000000,7.000000,-90.000000
1040,-12.000000,-32.000000,-121.000000,36.000000,5.000000,-112.000000,-32.000000,1.000000,165.000000,65.000000,7.000000,-90.000000
1041,-12.000000,-32.000000,-121.000000,36.000000,5.000000,-112.000000,-32.000000,1.000000,165.000000,65.000000,7.000000,-90.000000
1042,-12.000000,-32.000000,-121.000000,36.000000,5.000000,-112.000000,-32.000000,1.000000,165.000000,65.000000,7.000000,-90.000000
1043,-12.000000,-32.000000,-121.000000,36.000000,5.000000,-112.000000,-32.000000,1.000000,165.000000,65.000000,7.000000,-90.000000
1044,-12.000000,-32.000000,-121.000000,36.000000,5.000000,-112.000000,-32.000000,0.000000,166.000000,65.000000,7.000000,-90.000000
1045,-12.000000,-32.000000,-121.000000,36.000000,5.000000,-112.000000,-32.000000,0.000000,166.000000,65.000000,7.000000,-90.000000
1046,-12.000000,-32.000000,-121.000000,36.000000,5.000000,-112.000000,-32.000000,0.000000,166.000000,65.000000,7.000000,-90.000000
1047,-12.000000,-32.000000,-121.000000,36.000000,5.000000,-112.000000,-32.000000,0.000000,166.000000,65.000000,7.000000,-90.000000
1048,-10.000000,-31.000000,-121.000000,34.000000,5.000000,-112.000000,-32.000000,0.000000,166.000000,65.000000,7.000000,-90.000000
1049,-10.000000,-31.000000,-121.000000,34.000000,5.000000,-112.000000,-32.000000,0.000000,166.000000,65.000000,7.000000,-90.000000
1050,-10.000000,-31.000000,-121.000000,34.000000,5.000000,-112.000000,-32.000000,0.000000,166.000000,65.000000,7.000000,-90.000000
1051,-10.000000,-31.000000,-121.000000,34.000000,5.000000,-112.000000,-32.000000,0.000000,166.000000,65.000000,7.000000,-90.000000
1052,-10.000000,-31.000000,-121.000000,34.000000,5.000000,-112.000000,-32.000000,0.000000,166.000000,65.000000,7.000000,-90.000000
1053,-10.000000,-31.000000,-121.000000,34.000000,5.000000,-112.000000,-32.000000,0.000000,166.000000,65.000000,7.000000,-90.000000
1054,-10.000000,-31.000000,-121.000000,34.000000,5.000000,-112.000000,-32.000000,0.000000,166.000000,65.000000,7.000000,-90.000000
1055,-10.000000,-31.000000,-121.000000,34.000000,5.000000,-112.000000,-32.000000,0.000000,166.000000,65.000000,7.000000,-90.000000
1056,-10.000000,-31.000000,-121.000000,34.000000,5.000000,-112.000000,-32.000000,0.000000,166.000000,65.000000,7.000000,-90.000000
1057,-10.000000,-31.000000,-121.000000,34.000000,5.000000,-112.000000,-32.000000,0.000000,166.000000,65.000000,7.000000,-90.000000
1058,-10.000000,-31.000000,-121.000000,34.000000,5.000000,-112.000000,-32.000000,0.000000,166.000000,65.000000,7.000000,-90.000000
1059,-10.000000,-31.000000,-121.000000,34.000000,5.000000,-112.000000,-33.000000,0.000000,166.000000,65.000000,7.000000,-90.000000
1060,-10.000000,-31.000000,-121.000000,34.000000,5.000000,-112.000000,-33.000000,0.000000,166.000000,65.000000,7.000000,-90.000000
1061,-10.000000,-31.000000,-121.000000,34.000000,5.000000,-112.000000,-33.000000,0.000000,166.000000,64.000000,7.000000,-90.000000
1062,-10.000000,-31.000000,-121.000000,34.000000,5.000000,-112.000000,-33.000000,0.000000,166.000000,64.000000,7.000000,-90.000000
1063,-7.000000,-31.000000,-122.000000,30.000000,4.000000,-111.000000,-33.000000,0.000000,166.000000,64.000000,7.000000,-90.000000
1064,-7.000000,-31.000000,-122.000000,30.000000,4.000000,-111.000000,-33.000000,0.000000,166.000000,64.000000,7.000000,-90.000000
1065,-7.000000,-31.000000,-122.000000,30.000000,4.000000,-111.000000,-33.000000,0.000000,166.000000,64.000000,7.000000,-90.000000
1066,-7.000000,-31.000000,-122.000000,30.000000,4.000000,-111.000000,-33.000000,0.000000,166.000000,64.000000,7.000000,-90.000000
1067,-7.000000,-31.000000,-122.000000,30.000000,4.000000,-111.000000,-33.000000,0.000000,166.000000,64.000000,7.000000,-90.000000
1068,-7.000000,-31.000000,-122.000000,30.000000,4.000000,-111.000000,-33.000000,0.000000,166.000000,64.000000,7.000000,-90.000000
1069,-7.000000,-31.000000,-122.000000,30.000000,4.000000,-111.000000,-33.000000,0.000000,166.000000,64.000000,7.000000,-90.000000
1070,-7.000000,-31.000000,-122.000000,30.000000,4.000000,-111.000000,-33.000000,0.000000,166.000000,64.000000,7.000000,-90.000000
1071,-7.000000,-31.000000,-122.000000,30.000000,4.000000,-111.000000,-33.000000,0.000000,166.000000,64.000000,7.000000,-90.000000
1072,-7.000000,-31.000000,-122.000000,30.000000,4.000000,-111.000000,-33.000000,0.000000,166.000000,64.000000,7.000000,-90.000000
1073,-7.000000,-31.000000,-122.000000,30.000000,4.000000,-111.000000,-33.000000,0.000000,166.000000,64.000000,7.000000,-90.000000
1074,-7.000000,-31.000000,-122.000000,30.000000,4.000000,-111.000000,-33.000000,0.000000,166.000000,64.000000,7.000000,-90.000000
1075,-7.000000,-31.000000,-122.000000,30.000000,4.000000,-111.000000,-33.000000,0.000000,166.000000,64.000000,7.000000,-90.000000
1076,-7.000000,-31.000000,-122.000000,30.000000,4.000000,-111.000000,-33.000000,0.000000,166.000000,64.000000,7.000000,-90.000000
1077,-7.000000,-31.000000,-122.000000,30.000000,4.000000,-111.000000,-33.000000,0.000000,166.000000,64.000000,7.000000,-90.000000
1078,-7.000000,-31.000000,-122.000000,30.000000,4.000000,-111.000000,-33.000000,0.000000,166.000000,64.000000,7.000000,-90.000000
1079,-7.000000,-31.000000,-122.000000,30.000000,4.000000,-111.000000,-33.000000,0.000000,166.000000,64.000000,7.000000,-90.000000
1080,-7.000000,-31.000000,-122.000000,30.000000,4.000000,-111.000000,-33.000000,0.000000,166.000000,64.000000,7.000000,-90.000000
1081,-7.000000,-31.000000,-122.000000,30.000000,4.000000,-111.000000,-33.000000,0.000000,166.000000,64.000000,7.000000,-90.000000
1082,-7.000000,-31.000000,-122.000000,30.000000,4.000000,-111.000000,-33.000000,0.000000,166.000000,64.000000,7.000000,-90.000000
1083,-7.000000,-31.000000,-122.000000,30.000000,4.000000,-111.000000,-33.000000,0.000000,166.000000,64.000000,7.000000,-90.000000
1084,-7.000000,-31.000000,-122.000000,30.000000,4.000000,-111.000000,-33.000000,0.000000,166.000000,64.000000,7.000000,-90.000000
1085,-7.000000,-31.000000,-122.000000,30.000000,4.000000,-111.000000,-33.000000,0.000000,166.000000,64.000000,7.000000,-90.000000
1086,-7.000000,-31.000000,-122.000000,30.000000,4.000000,-111.000000,-33.000000,0.000000,166.000000,64.000000,7.000000,-90.000000
1087,-7.000000,-31.000000,-122.000000,30.000000,4.000000,-111.000000,-33.000000,0.000000,166.000000,64.000000,7.000000,-90.000000
1088,-7.000000,-31.000000,-122.000000,30.000000,4.000000,-111.000000,-33.000000,0.000000,166.000000,64.000000,7.000000,-90.000000
1089,-7.000000,-31.000000,-122.000000,30.000000,4.000000,-111.000000,-33.000000,0.000000,166.000000,64.000000,7.000000,-90.000000
1090,-7.000000,-31.000000,-122.000000,30.000000,4.000000,-111.000000,-33.000000,0.000000,166.000000,64.000000,7.000000,-90.000000
1091,-7.000000,-31.000000,-122.000000,30.000000,4.000000,-111.000000,-33.000000,0.000000,166.000000,64.000000,7.000000,-90.000000
1092,-7.000000,-31.000000,-122.000000,30.000000,4.000000,-111.000000,-33.000000,0.000000,166.000000,64.000000,7.000000,-90.000000
1093,-7.000000,-31.000000,-122.000000,30.000000,4.000000,-111.000000,-33.000000,0.000000,166.000000,64.000000,7.000000,-90.000000
1094,-7.000000,-31.000000,-122.000000,30.000000,4.000000,-111.000000,-33.000000,0.000000,166.000000,64.000000,7.000000,-90.000000
1095,-7.000000,-31.000000,-122.000000,30.000000,4.000000,-111.000000,-33.000000,0.000000,166.000000,64.000000,7.000000,-90.000000
1096,-7.000000,-31.000000,-122.000000,30.000000,4.000000,-111.000000,-33.000000,0.000000,166.000000,64.000000,7.000000,-90.000000
1097,-7.000000,-31.000000,-122.000000,30.000000,4.000000,-111.000000,-33.000000,0.000000,166.000000,64.000000,7.000000,-90.000000
1098,-7.000000,-31.000000,-122.000000,30.000000,4.000000,-111.000000,-33.000000,0.000000,166.000000,64.000000,7.000000,-90.000000
1099,-7.000000,-31.000000,-122.000000,30.000000,4.000000,-111.000000,-33.000000,0.000000,166.000000,64.000000,7.000000,-90.000000
1100,-7.000000,-31.000000,-122.000000,30.000000,4.000000,-111.000000,-33.000000,0.000000,166.000000,64.000000,7.000000,-90.000000
1101,-7.000000,-31.000000,-122.000000,30.000000,4.000000,-111.000000,-33.000000,0.000000,166.000000,64.000000,7.000000,-90.000000
1102,-7.000000,-31.000000,-122.000000,30.000000,4.000000,-111.000000,-33.000000,0.000000,166.000000,64.000000,7.000000,-90.000000
1103,-7.000000,-31.000000,-122.000000,30.000000,4.000000,-111.000000,-33.000000,0.000000,166.000000,64.000000,7.000000,-90.000000
1104,-7.000000,-31.000000,-122.000000,30.000000,4.000000,-111.000000,-33.000000,0.000000,166.000000,64.000000,7.000000,-90.000000
1105,-7.000000,-31.000000,-122.000000,30.000000,4.000000,-111.000000,-33.000000,0.000000,166.000000,64.000000,7.000000,-90.000000
1106,-7.000000,-31.000000,-122.000000,30.000000,4.000000,-111.000000,-33.000000,0.000000,166.000000,64.000000,7.000000,-90.000000
1107,-7.000000,-31.000000,-122.000000,30.000000,4.000000,-111.000000,-33.000000,0.000000,166.000000,64.000000,7.000000,-90.000000
1108,-7.000000,-31.000000,-122.000000,30.000000,4.000000,-111.000000,-33.000000,0.000000,166.000000,64.000000,7.000000,-90.000000
1109,-7.000000,-31.000000,-122.000000,30.000000,4.000000,-111.000000,-33.000000,0.000000,166.000000,64.000000,7.000000,-90.000000
1110,-7.000000,-31.000000,-122.000000,30.000000,4.000000,-111.000000,-33.000000,0.000000,166.000000,64.000000,7.000000,-90.000000
1111,-7.000000,-31.000000,-122.000000,30.000000,4.000000,-111.000000,-33.000000,0.000000,166.000000,64.000000,7.000000,-90.000000
1112,-7.000000,-31.000000,-122.000000,30.000000,4.000000,-111.000000,-33.000000,0.000000,166.000000,64.000000,7.000000,-90.000000
1113,-7.000000,-31.000000,-122.000000,30.000000,4.000000,-111.000000,-33.000000,0.000000,166.000000,64.000000,7.000000,-90.000000
1114,-7.000000,-31.000000,-122.000000,30.000000,4.000000,-111.000000,-33.000000,0.000000,166.000000,64.000000,7.000000,-90.000000
1115,-7.000000,-31.000000,-122.000000,30.000000,4.000000,-111.000000,-33.000000,0.000000,166.000000,64.000000,7.000000,-90.000000
1116,-7.000000,-31.000000,-122.000000,30.000000,4.000000,-111.000000,-33.000000,0.000000,166.000000,64.000000,7.000000,-90.000000
1117,-7.000000,-31.000000,-122.000000,30.000000,4.000000,-111.000000,-33.000000,0.000000,166.000000,64.000000,7.000000,-90.000000
1118,-7.000000,-31.000000,-122.000000,30.000000,4.000000,-111.000000,-33.000000,0.000000,166.000000,64.000000,7.000000,-90.000000
1119,-7.000000,-31.000000,-122.000000,30.000000,4.000000,-111.000000,-33.000000,0.000000,166.000000,64.000000,7.000000,-90.000000
1120,-7.000000,-31.000000,-122.000000,30.000000,4.000000,-111.000000,-33.000000,0.000000,166.000000,64.000000,7.000000,-90.000000
1121,-7.000000,-31.000000,-122.000000,30.000000,4.000000,-111.000000,-33.000000,0.000000,166.000000,64.000000,7.000000,-90.000000
1122,-7.000000,-31.000000,-122.000000,30.000000,4.000000,-111.000000,-33.000000,0.000000,166.000000,64.000000,7.000000,-90.000000
1123,-7.000000,-31.000000,-122.000000,30.000000,4.000000,-111.000000,-33.000000,0.000000,166.000000,64.000000,7.000000,-90.000000
1124,-7.000000,-31.000000,-122.000000,30.000000,4.000000,-111.000000,-33.000000,0.000000,166.000000,64.000000,7.000000,-90.000000
1125,-7.000000,-31.000000,-122.000000,30.000000,4.000000,-111.000000,-33.000000,0.000000,166.000000,64.000000,7.000000,-90.000000
1126,-7.000000,-31.000000,-122.000000,30.000000,4.000000,-111.000000,-33.000000,0.000000,166.000000,64.000000,7.000000,-90.000000
1127,-7.000000,-31.000000,-122.000000,30.000000,4.000000,-111.000000,-33.000000,0.000000,166.000000,64.000000,7.000000,-90.000000
1128,-7.000000,-31.000000,-122.000000,30.000000,4.000000,-111.000000,-33.000000,0.000000,166.000000,64.000000,7.000000,-90.000000
1129,-7.000000,-31.000000,-122.000000,30.000000,4.000000,-111.000000,-33.000000,0.000000,166.000000,64.000000,7.000000,-90.000000
1130,-7.000000,-31.000000,-122.000000,30.000000,4.000000,-111.000000,-33.000000,0.000000,166.000000,64.000000,7.000000,-90.000000
1131,-7.000000,-31.000000,-122.000000,30.000000,4.000000,-111.000000,-33.000000,0.000000,166.000000,64.000000,7.000000,-90.000000
1132,-7.000000,-31.000000,-122.000000,30.000000,4.000000,-111.000000,-33.000000,0.000000,166.000000,64.000000,7.000000,-90.000000
1133,-7.000000,-31.000000,-122.000000,30.000000,4.000000,-111.000000,-33.000000,0.000000,166.000000,64.000000,7.000000,-90.000000
1134,-7.000000,-31.000000,-122.000000,30.000000,4.000000,-111.000000,-33.000000,0.000000,166.000000,64.000000,7.000000,-90.000000
1135,-7.000000,-31.000000,-122.000000,30.000000,4.000000,-111.000000,-33.000000,0.000000,166.000000,64.000000,7.000000,-90.000000
1136,-7.000000,-31.000000,-122.000000,30.000000,4.000000,-111.000000,-33.000000,0.000000,166.000000,64.000000,7.000000,-90.000000
1137,-7.000000,-31.000000,-122.000000,30.000000,4.000000,-111.000000,-33.000000,0.000000,166.000000,64.000000,7.000000,-90.000000
1138,-7.000000,-31.000000,-122.000000,30.000000,4.000000,-111.000000,-33.000000,0.000000,166.000000,64.000000,7.000000,-90.000000
1139,-7.000000,-31.000000,-122.000000,30.000000,4.000000,-111.000000,-33.000000,0.000000,166.000000,64.000000,7.000000,-90.000000
1140,-7.000000,-31.000000,-122.000000,30.000000,4.000000,-111.000000,-33.000000,0.000000,166.000000,64.000000,7.000000,-90.000000
1141,-7.000000,-31.000000,-122.000000,30.000000,4.000000,-111.000000,-33.000000,0.000000,166.000000,64.000000,7.000000,-90.000000
1142,-7.000000,-31.000000,-122.000000,30.000000,4.000000,-111.000000,-33.000000,0.000000,166.000000,64.000000,7.000000,-90.000000
1143,-7.000000,-31.000000,-122.000000,30.000000,4.000000,-111.000000,-33.000000,0.000000,166.000000,64.000000,7.000000,-90.000000
1144,-7.000000,-31.000000,-122.000000,30.000000,4.000000,-111.000000,-33.000000,0.000000,166.000000,64.000000,7.000000,-90.000000
1145,-7.000000,-31.000000,-122.000000,30.000000,4.000000,-111.000000,-33.000000,0.000000,166.000000,64.000000,7.000000,-90.000000
1146,-7.000000,-31.000000,-122.000000,30.000000,4.000000,-111.000000,-33.000000,0.000000,166.000000,64.000000,7.000000,-90.000000
1147,-7.000000,-31.000000,-122.000000,30.000000,4.000000,-111.000000,-33.000000,0.000000,166.000000,64.000000,7.000000,-90.000000
1148,-7.000000,-31.000000,-122.000000,30.000000,4.000000,-111.000000,-33.000000,0.000000,166.000000,64.000000,7.000000,-90.000000
1149,-7.000000,-31.000000,-122.000000,30.000000,4.000000,-111.000000,-33.000000,0.000000,166.000000,64.000000,7.000000,-90.000000
1150,-7.000000,-31.000000,-122.000000,30.000000,4.000000,-111.000000,-33.000000,0.000000,166.000000,64.000000,7.000000,-90.000000
1151,-7.000000,-31.000000,-122.000000,30.000000,4.000000,-111.000000,-33.000000,0.000000,166.000000,64.000000,7.000000,-90.000000
1152,-7.000000,-31.000000,-122.000000,30.000000,4.000000,-111.000000,-33.000000,0.000000,166.000000,64.000000,7.000000,-90.000000
1153,-7.000000,-31.000000,-122.000000,30.000000,4.000000,-111.000000,-33.000000,0.000000,166.000000,64.000000,7.000000,-90.000000
1154,-7.000000,-31.000000,-122.000000,30.000000,4.000000,-111.000000,-33.000000,0.000000,166.000000,64.000000,7.000000,-90.000000
1155,-7.000000,-31.000000,-122.000000,30.000000,4.000000,-111.000000,-33.000000,0.000000,166.000000,64.000000,7.000000,-90.000000
1156,-7.000000,-31.000000,-122.000000,30.000000,4.000000,-111.000000,-33.000000,0.000000,166.000000,64.000000,7.000000,-90.000000
1157,-7.000000,-31.000000,-122.000000,30.000000,4.000000,-111.000000,-33.000000,0.000000,166.000000,64.000000,7.000000,-90.000000
1158,-7.000000,-31.000000,-122.000000,30.000000,4.000000,-111.000000,-33.000000,0.000000,166.000000,64.000000,7.000000,-90.000000
1159,-7.000000,-31.000000,-122.000000,30.000000,4.000000,-111.000000,-33.000000,0.000000,166.000000,64.000000,7.000000,-90.000000
1160,-7.000000,-31.000000,-122.000000,30.000000,4.000000,-111.000000,-33.000000,0.000000,166.000000,64.000000,7.000000,-90.000000
1161,-7.000000,-31.000000,-122.000000,30.000000,4.000000,-111.000000,-33.000000,0.000000,166.000000,64.000000,7.000000,-90.000000
1162,-7.000000,-31.000000,-122.000000,30.000000,4.000000,-111.000000,-33.000000,0.000000,166.000000,64.000000,7.000000,-90.000000
1163,-7.000000,-31.000000,-122.000000,30.000000,4.000000,-111.000000,-33.000000,0.000000,166.000000,64.000000,7.000000,-90.000000
1164,-7.000000,-31.000000,-122.000000,30.000000,4.000000,-111.000000,-33.000000,0.000000,166.000000,64.000000,7.000000,-90.000000
1165,-7.000000,-31.000000,-122.000000,30.000000,4.000000,-111.000000,-33.000000,0.000000,166.000000,64.000000,7.000000,-90.000000
1166,-7.000000,-31.000000,-122.000000,30.000000,4.000000,-111.000000,-33.000000,0.000000,166.000000,64.000000,7.000000,-90.000000
1167,-7.000000,-31.000000,-122.000000,30.000000,4.000000,-111.000000,-33.000000,0.000000,166.000000,64.000000,7.000000,-90.000000
1168,12.000000,-21.000000,-130.000000,-3.000000,-5.000000,-106.000000,-24.000000,-4.000000,166.000000,53.000000,10.000000,-91.000000
1169,12.000000,-21.000000,-130.000000,-3.000000,-5.000000,-106.000000,-24.000000,-4.000000,166.000000,53.000000,10.000000,-91.000000
1170,12.000000,-21.000000,-130.000000,-3.000000,-5.000000,-106.000000,-24.000000,-4.000000,166.000000,53.000000,10.000000,-91.000000
1171,12.000000,-21.000000,-130.000000,-3.000000,-5.000000,-106.000000,-24.000000,-4.000000,166.000000,53.000000,10.000000,-91.000000
1172,12.000000,-21.000000,-130.000000,-3.000000,-5.000000,-106.000000,-24.000000,-4.000000,166.000000,53.000000,10.000000,-91.000000
1173,12.000000,-21.000000,-130.000000,-3.000000,-5.000000,-106.000000,-24.000000,-4.000000,166.000000,53.000000,10.000000,-91.000000
1174,12.000000,-21.000000,-130.000000,-3.000000,-5.000000,-106.000000,-24.000000,-4.000000,166.000000,53.000000,10.000000,-91.000000
1175,12.000000,-21.000000,-130.000000,-3.000000,-5.000000,-106.000000,-24.000000,-4.000000,166.000000,53.000000,10.000000,-91.000000
1176,12.000000,-21.000000,-130.000000,-3.000000,-5.000000,-106.000000,-24.000000,-4.000000,166.000000,53.000000,10.000000,-91.000000
1177,12.000000,-21.000000,-130.000000,-3.000000,-5.000000,-106.000000,-24.000000,-4.000000,166.000000,53.000000,10.000000,-91.000000
1178,12.000000,-21.000000,-130.000000,-3.000000,-5.000000,-106.000000,-19.000000,-5.000000,164.000000,53.000000,10.000000,-91.000000
1179,12.000000,-21.000000,-130.000000,-3.000000,-5.000000,-106.000000,-19.000000,-5.000000,164.000000,53.000000,10.000000,-91.000000
1180,12.000000,-21.000000,-130.000000,-3.000000,-5.000000,-106.000000,-19.000000,-5.000000,164.000000,53.000000,10.000000,-91.000000
1181,12.000000,-21.000000,-130.000000,-3.000000,-5.000000,-106.000000,-19.000000,-5.000000,164.000000,50.000000,12.000000,-92.000000
1182,12.000000,-21.000000,-129.000000,-8.000000,-5.000000,-104.000000,-19.000000,-5.000000,164.000000,50.000000,12.000000,-92.000000
1183,12.000000,-21.000000,-129.000000,-8.000000,-5.000000,-104.000000,-19.000000,-5.000000,164.000000,50.000000,12.000000,-92.000000
1184,12.000000,-21.000000,-129.000000,-8.000000,-5.000000,-104.000000,-19.000000,-5.000000,164.000000,50.000000,12.000000,-92.000000
1185,12.000000,-21.000000,-129.000000,-8.000000,-5.000000,-104.000000,-19.000000,-5.000000,164.000000,50.000000,12.000000,-92.000000
1186,12.000000,-21.000000,-129.000000,-8.000000,-5.000000,-104.000000,-19.000000,-5.000000,164.000000,50.000000,12.000000,-92.000000
1187,12.000000,-21.000000,-129.000000,-8.000000,-5.000000,-104.000000,-19.000000,-5.000000,164.000000,50.000000,12.000000,-92.000000
1188,12.000000,-21.000000,-129.000000,-8.000000,-5.000000,-104.000000,-19.000000,-5.000000,164.000000,50.000000,12.000000,-92.000000
1189,12.000000,-21.000000,-129.000000,-8.000000,-5.000000,-104.000000,-19.000000,-5.000000,164.000000,50.000000,12.000000,-92.000000
1190,12.000000,-21.000000,-129.000000,-8.000000,-5.000000,-104.000000,-19.000000,-5.000000,164.000000,50.000000,12.000000,-92.000000
1191,12.000000,-21.000000,-129.000000,-8.000000,-5.000000,-104.000000,-19.000000,-5.000000,164.000000,50.000000,12.000000,-92.000000
1192,12.000000,-21.000000,-129.000000,-8.000000,-5.000000,-104.000000,-19.000000,-5.000000,164.000000,50.000000,12.000000,-92.000000
1193,12.000000,-21.000000,-129.000000,-8.000000,-5.000000,-104.000000,-16.000000,-7.000000,164.000000,50.000000,12.000000,-92.000000
1194,12.000000,-21.000000,-129.000000,-8.000000,-5.000000,-104.000000,-16.000000,-7.000000,164.000000,50.000000,12.000000,-92.000000
1195,12.000000,-21.000000,-129.000000,-8.000000,-5.000000,-104.000000,-16.000000,-7.000000,164.000000,50.000000,12.000000,-92.000000
1196,12.000000,-21.000000,-129.000000,-8.000000,-5.000000,-104.000000,-16.000000,-7.000000,164.000000,49.000000,14.000000,-93.000000
1197,12.000000,-20.000000,-129.000000,-10.000000,-4.000000,-102.000000,-16.000000,-7.000000,164.000000,49.000000,14.000000,-93.000000
1198,12.000000,-20.000000,-129.000000,-10.000000,-4.000000,-102.000000,-16.000000,-7.000000,164.000000,49.000000,14.000000,-93.000000
1199,12.000000,-20.000000,-129.000000,-10.000000,-4.000000,-102.000000,-16.000000,-7.000000,164.000000,49.000000,14.000000,-93.000000
1200,12.000000,-20.000000,-129.000000,-10.000000,-4.000000,-102.000000,-16.000000,-7.000000,164.000000,49.000000,14.000000,-93.000000
1201,12.000000,-20.000000,-129.000000,-10.000000,-4.000000,-102.000000,-16.000000,-7.000000,164.000000,49.000000,14.000000,-93.000000
1202,12.000000,-20.000000,-129.000000,-10.000000,-4.000000,-102.000000,-16.000000,-7.000000,164.000000,49.000000,14.000000,-93.000000
1203,12.000000,-20.000000,-129.000000,-10.000000,-4.000000,-102.000000,-16.000000,-7.000000,164.000000,49.000000,14.000000,-93.000000
1204,12.000000,-20.000000,-129.000000,-10.000000,-4.000000,-102.000000,-16.000000,-7.000000,164.000000,49.000000,14.000000,-93.000000
1205,12.000000,-20.000000,-129.000000,-10.000000,-4.000000,-102.000000,-16.000000,-7.000000,164.000000,49.000000,14.000000,-93.000000
1206,12.000000,-20.000000,-129.000000,-10.000000,-4.000000,-102.000000,-16.000000,-7.000000,164.000000,49.000000,14.000000,-93.000000
1207,12.000000,-20.000000,-129.000000,-10.000000,-4.000000,-102.000000,-16.000000,-7.000000,164.000000,49.000000,14.000000,-93.000000
1208,12.000000,-20.000000,-129.000000,-10.000000,-4.000000,-102.000000,-14.000000,-9.000000,163.000000,49.000000,14.000000,-93.000000
1209,12.000000,-20.000000,-129.000000,-10.000000,-4.000000,-102.000000,-14.000000,-9.000000,163.000000,49.000000,14.000000,-93.000000
1210,12.000000,-20.000000,-129.000000,-10.000000,-4.000000,-102.000000,-14.000000,-9.000000,163.000000,49.000000,14.000000,-93.000000
1211,12.000000,-20.000000,-129.000000,-10.000000,-4.000000,-102.000000,-14.000000,-9.000000,163.000000,50.000000,14.000000,-95.000000
1212,11.000000,-19.000000,-129.000000,-11.000000,-3.000000,-100.000000,-14.000000,-9.000000,163.000000,50.000000,14.000000,-95.000000
1213,11.000000,-19.000000,-129.000000,-11.000000,-3.000000,-100.000000,-14.000000,-9.000000,163.000000,50.000000,14.000000,-95.000000
1214,11.000000,-19.000000,-129.000000,-11.000000,-3.000000,-100.000000,-14.000000,-9.000000,163.000000,50.000000,14.000000,-95.000000
1215,11.000000,-19.000000,-129.000000,-11.000000,-3.000000,-100.000000,-14.000000,-9.000000,163.000000,50.000000,14.000000,-95.000000
1216,11.000000,-19.000000,-129.000000,-11.000000,-3.000000,-100.000000,-14.000000,-9.000000,163.000000,50.000000,14.000000,-95.000000
1217,11.000000,-19.000000,-129.000000,-11.000000,-3.000000,-100.000000,-14.000000,-9.000000,163.000000,50.000000,14.000000,-95.000000
1218,11.000000,-19.000000,-129.000000,-11.000000,-3.000000,-100.000000,-14.000000,-9.000000,163.000000,50.000000,14.000000,-95.000000
1219,11.000000,-19.000000,-129.000000,-11.000000,-3.000000,-100.000000,-14.000000,-9.000000,163.000000,50.000000,14.000000,-95.000000
1220,11.000000,-19.000000,-129.000000,-11.000000,-3.000000,-100.000000,-14.000000,-9.000000,163.000000,50.000000,14.000000,-95.000000
1221,11.000000,-19.000000,-129.000000,-11.000000,-3.000000,-100.000000,-14.000000,-9.000000,163.000000,50.000000,14.000000,-95.000000
1222,11.000000,-19.000000,-129.000000,-11.000000,-3.000000,-100.000000,-14.000000,-9.000000,163.000000,50.000000,14.000000,-95.000000
1223,11.000000,-19.000000,-129.000000,-11.000000,-3.000000,-100.000000,-14.000000,-9.000000,163.000000,50.000000,14.000000,-95.000000
1224,11.000000,-19.000000,-129.000000,-11.000000,-3.000000,-100.000000,-14.000000,-11.000000,162.000000,50.000000,14.000000,-95.000000
1225,11.000000,-19.000000,-129.000000,-11.000000,-3.000000,-100.000000,-14.000000,-11.000000,162.000000,50.000000,14.000000,-95.000000
1226,11.000000,-19.000000,-129.000000,-11.000000,-3.000000,-100.000000,-14.000000,-11.000000,162.000000,50.000000,14.000000,-95.000000
1227,11.000000,-19.000000,-129.000000,-11.000000,-3.000000,-100.000000,-14.000000,-11.000000,162.000000,48.000000,14.000000,-99.000000
1228,10.000000,-18.000000,-129.000000,-10.000000,-2.000000,-98.000000,-14.000000,-11.000000,162.000000,48.000000,14.000000,-99.000000
1229,9.007936,-17.007936,-129.000000,-9.007936,-1.007936,-96.015877,-14.000000,-11.000000,162.000000,48.000000,14.000000,-99.000000
1230,8.023809,-16.023809,-129.000000,-8.023809,-0.023810,-94.047623,-14.000000,-11.000000,162.000000,48.000000,14.000000,-99.000000
1231,7.047619,-15.047619,-129.000000,-7.047619,0.952381,-92.095238,-14.000000,-11.000000,162.000000,48.000000,14.000000,-99.000000
1232,6.079365,-14.079365,-129.000000,-6.079365,1.920635,-90.158730,-14.000000,-11.000000,162.000000,48.000000,14.000000,-99.000000
1233,5.119048,-13.119047,-129.000000,-5.119048,2.880952,-88.238098,-14.000000,-11.000000,162.000000,48.000000,14.000000,-99.000000
1234,4.166667,-12.166667,-129.000000,-4.166667,3.833333,-86.333336,-14.000000,-11.000000,162.000000,48.000000,14.000000,-99.000000
1235,3.222222,-11.222222,-129.000000,-3.222222,4.777778,-84.444443,-14.000000,-11.000000,162.000000,48.000000,14.000000,-99.000000
1236,2.285714,-10.285714,-129.000000,-2.285714,5.714286,-82.571426,-14.000000,-11.000000,162.000000,48.000000,14.000000,-99.000000
1237,1.357143,-9.357142,-129.000000,-1.357143,6.642857,-80.714287,-14.000000,-11.000000,162.000000,48.000000,14.000000,-99.000000
1238,0.436508,-8.436508,-129.000000,-0.436508,7.563492,-78.873016,-14.000000,-11.000000,162.000000,48.000000,14.000000,-99.000000
1239,-0.476190,-7.523809,-129.000000,0.476190,8.476191,-77.047623,-14.000000,-11.000000,162.000000,48.000000,14.000000,-99.000000
1240,-1.380952,-6.619048,-129.000000,1.380952,9.380953,-75.238098,-14.000000,-11.000000,162.000000,48.000000,14.000000,-99.000000
1241,-2.277778,-5.722222,-129.000000,2.277778,10.277778,-73.444443,-14.000000,-11.000000,162.000000,48.000000,14.000000,-99.000000
1242,-3.166667,-4.833333,-129.000000,3.166667,11.166667,-71.666664,-14.000000,-11.000000,162.000000,48.000000,14.000000,-99.000000
1243,-4.047619,-3.952381,-129.000000,4.047619,12.047619,-69.904762,-14.000000,-11.000000,162.000000,48.000000,14.000000,-99.000000
1244,-4.920635,-3.079365,-129.000000,4.920635,12.920635,-68.158730,-14.000000,-11.000000,162.000000,48.000000,14.000000,-99.000000
1245,-5.785714,-2.214286,-129.000000,5.785714,13.785714,-66.428574,-14.000000,-11.000000,162.000000,48.000000,14.000000,-99.000000
1246,-6.642857,-1.357143,-129.000000,6.642857,14.642858,-64.714287,-14.000000,-11.000000,162.000000,48.000000,14.000000,-99.000000
1247,-7.492064,-0.507937,-129.000000,7.492064,15.492064,-63.015873,-14.000000,-11.000000,162.000000,48.000000,14.000000,-99.000000
1248,-8.333333,0.333333,-129.000000,8.333333,16.333334,-61.333332,-14.000000,-11.000000,162.000000,48.000000,14.000000,-99.000000
1249,-9.166667,1.166667,-129.000000,9.166667,17.166666,-59.666668,-14.000000,-11.000000,162.000000,48.000000,14.000000,-99.000000
1250,-9.992064,1.992064,-129.000000,9.992064,17.992064,-58.015873,-14.000000,-11.000000,162.000000,48.000000,14.000000,-99.000000
1251,-10.809524,2.809524,-129.000000,10.809524,18.809525,-56.380951,-14.000000,-11.000000,162.000000,48.000000,14.000000,-99.000000
1252,-11.619047,3.619048,-129.000000,11.619047,19.619047,-54.761906,-14.000000,-11.000000,162.000000,48.000000,14.000000,-99.000000
1253,-12.420635,4.420635,-129.000000,12.420635,20.420635,-53.158730,-14.000000,-11.000000,162.000000,48.000000,14.000000,-99.000000
1254,-13.214286,5.214286,-129.000000,13.214286,21.214285,-51.571430,-14.000000,-11.000000,162.000000,48.000000,14.000000,-99.000000
1255,-14.000000,6.000000,-129.000000,14.000000,22.000000,-50.000000,-14.000000,-11.000000,162.000000,48.000000,14.000000,-99.000000
1256,-14.777778,6.777778,-129.000000,14.777778,22.777779,-48.444443,-14.000000,-11.000000,162.000000,48.000000,14.000000,-99.000000
1257,-15.547619,7.547619,-129.000000,15.547619,23.547619,-46.904762,-14.000000,-11.000000,162.000000,48.000000,14.000000,-99.000000
1258,-16.309525,8.309524,-129.000000,16.309525,24.309525,-45.380951,-14.000000,-11.000000,162.000000,48.000000,14.000000,-99.000000
1259,-17.063492,9.063492,-129.000000,17.063492,25.063492,-43.873016,-14.000000,-11.000000,162.000000,48.000000,14.000000,-99.000000
1260,-17.809525,9.809524,-129.000000,17.809525,25.809525,-42.380951,-14.000000,-11.000000,162.000000,48.000000,14.000000,-99.000000
1261,-18.547619,10.547619,-129.000000,18.547619,26.547619,-40.904762,-14.000000,-11.000000,162.000000,48.000000,14.000000,-99.000000
1262,-19.277779,11.277778,-129.000000,19.277779,27.277779,-39.444443,-14.000000,-11.000000,162.000000,48.000000,14.000000,-99.000000
1263,-20.000000,12.000000,-129.000000,20.000000,28.000000,-38.000000,-14.000000,-11.000000,162.000000,48.000000,14.000000,-99.000000
1264,-20.714285,12.714286,-129.000000,20.714285,28.714285,-36.571430,-14.000000,-11.000000,162.000000,48.000000,14.000000,-99.000000
1265,-21.420635,13.420635,-129.000000,21.420635,29.420635,-35.158730,-14.000000,-11.000000,162.000000,48.000000,14.000000,-99.000000
1266,-22.119047,14.119047,-129.000000,22.119047,30.119047,-33.761906,-14.000000,-11.000000,162.000000,48.000000,14.000000,-99.000000
1267,-22.809525,14.809524,-129.000000,22.809525,30.809525,-32.380951,-14.000000,-11.000000,162.000000,48.000000,14.000000,-99.000000
1268,-23.492064,15.492064,-129.000000,23.492064,31.492064,-31.015873,-14.000000,-11.000000,162.000000,48.000000,14.000000,-99.000000
1269,-24.166666,16.166666,-129.000000,24.166666,32.166668,-29.666666,-14.000000,-11.000000,162.000000,48.000000,14.000000,-99.000000
1270,-24.833334,16.833334,-129.000000,24.833334,32.833332,-28.333334,-14.000000,-11.000000,162.000000,48.000000,14.000000,-99.000000
1271,-25.492064,17.492064,-129.000000,25.492064,33.492062,-27.015873,-14.000000,-11.000000,162.000000,48.000000,14.000000,-99.000000
1272,-26.142857,18.142857,-129.000000,26.142857,34.142857,-25.714285,-14.000000,-11.000000,162.000000,48.000000,14.000000,-99.000000
1273,-26.785715,18.785715,-129.000000,26.785715,34.785713,-24.428572,-14.000000,-11.000000,162.000000,48.000000,14.000000,-99.000000
1274,-27.420635,19.420635,-129.000000,27.420635,35.420635,-23.158730,-14.000000,-11.000000,162.000000,48.000000,14.000000,-99.000000
1275,-28.047619,20.047619,-129.000000,28.047619,36.047619,-21.904762,-14.000000,-11.000000,162.000000,48.000000,14.000000,-99.000000
1276,-28.666666,20.666666,-129.000000,28.666666,36.666668,-20.666666,-14.000000,-11.000000,162.000000,48.000000,14.000000,-99.000000
1277,-29.277779,21.277779,-129.000000,29.277779,37.277779,-19.444445,-14.000000,-11.000000,162.000000,48.000000,14.000000,-99.000000
1278,-29.880953,21.880953,-129.000000,29.880953,37.880951,-18.238094,-14.000000,-11.000000,162.000000,48.000000,14.000000,-99.000000
1279,-30.476191,22.476191,-129.000000,30.476191,38.476189,-17.047619,-14.000000,-11.000000,162.000000,48.000000,14.000000,-99.000000
1280,-31.063492,23.063492,-129.000000,31.063492,39.063492,-15.873015,-14.000000,-11.000000,162.000000,48.000000,14.000000,-99.000000
1281,-31.642857,23.642857,-129.000000,31.642857,39.642857,-14.714286,-14.000000,-11.000000,162.000000,48.000000,14.000000,-99.000000
1282,-32.214287,24.214285,-129.000000,32.214287,40.214287,-13.571428,-14.000000,-11.000000,162.000000,48.000000,14.000000,-99.000000
1283,-32.777779,24.777779,-129.000000,32.777779,40.777779,-12.444445,-14.000000,-11.000000,162.000000,48.000000,14.000000,-99.000000
1284,-33.333332,25.333334,-129.000000,33.333332,41.333332,-11.333333,-14.000000,-11.000000,162.000000,48.000000,14.000000,-99.000000
1285,-33.880951,25.880953,-129.000000,33.880951,41.880951,-10.238095,-14.000000,-11.000000,162.000000,48.000000,14.000000,-99.000000
1286,-34.420635,26.420635,-129.000000,34.420635,42.420635,-9.158731,-14.000000,-11.000000,162.000000,48.000000,14.000000,-99.000000
1287,-34.952381,26.952381,-129.000000,34.952381,42.952381,-8.095238,-14.000000,-11.000000,162.000000,48.000000,14.000000,-99.000000
1288,-35.476189,27.476191,-129.000000,35.476189,43.476189,-7.047619,-14.000000,-11.000000,162.000000,48.000000,14.000000,-99.000000
1289,-35.992062,27.992064,-129.000000,35.992062,43.992062,-6.015873,-14.000000,-11.000000,162.000000,48.000000,14.000000,-99.000000
1290,-36.500000,28.500000,-129.000000,36.500000,44.500000,-5.000000,-14.000000,-11.000000,162.000000,48.000000,14.000000,-99.000000
1291,-37.000000,29.000000,-129.000000,37.000000,45.000000,-4.000000,-14.000000,-11.000000,162.000000,48.000000,14.000000,-99.000000
1292,-37.492062,29.492064,-129.000000,37.492062,45.492062,-3.015873,-14.000000,-11.000000,162.000000,48.000000,14.000000,-99.000000
1293,-37.976189,29.976191,-129.000000,37.976189,45.976189,-2.047619,-14.000000,-11.000000,162.000000,48.000000,14.000000,-99.000000
1294,-38.452381,30.452381,-129.000000,38.452381,46.452381,-1.095238,-14.000000,-11.000000,162.000000,48.000000,14.000000,-99.000000
1295,-38.920635,30.920635,-129.000000,38.920635,46.920635,-0.158730,-14.000000,-11.000000,162.000000,48.000000,14.000000,-99.000000
1296,-39.380951,31.380953,-129.000000,39.380951,47.380951,0.761905,-14.000000,-11.000000,162.000000,48.000000,14.000000,-99.000000
1297,-39.833332,31.833334,-129.000000,39.833332,47.833332,1.666667,-14.000000,-11.000000,162.000000,48.000000,14.000000,-99.000000
1298,-40.277779,32.277779,-129.000000,40.277779,48.277779,2.555556,-14.000000,-11.000000,162.000000,48.000000,14.000000,-99.000000
1299,-40.714287,32.714287,-129.000000,40.714287,48.714287,3.428571,-14.000000,-11.000000,162.000000,48.000000,14.000000,-99.000000
1300,-41.142857,33.142857,-129.000000,41.142857,49.142857,4.285714,-14.000000,-11.000000,162.000000,48.000000,14.000000,-99.000000
1301,-41.563492,33.563492,-129.000000,41.563492,49.563492,5.126984,-14.000000,-11.000000,162.000000,48.000000,14.000000,-99.000000
1302,-41.976189,33.976189,-129.000000,41.976189,49.976189,5.952381,-14.000000,-11.000000,162.000000,48.000000,14.000000,-99.000000
1303,-42.380951,34.380951,-129.000000,42.380951,50.380951,6.761905,-14.000000,-11.000000,162.000000,48.000000,14.000000,-99.000000
1304,-42.777779,34.777779,-129.000000,42.777779,50.777779,7.555555,-14.000000,-11.000000,162.000000,48.000000,14.000000,-99.000000
1305,-43.166668,35.166668,-129.000000,43.166668,51.166668,8.333333,-14.000000,-11.000000,162.000000,48.000000,14.000000,-99.000000
1306,-43.547619,35.547619,-129.000000,43.547619,51.547619,9.095238,-14.000000,-11.000000,162.000000,48.000000,14.000000,-99.000000
1307,-43.920635,35.920635,-129.000000,43.920635,51.920635,9.841269,-14.000000,-11.000000,162.000000,48.000000,14.000000,-99.000000
1308,-44.285713,36.285713,-129.000000,44.285713,52.285713,10.571428,-14.000000,-11.000000,162.000000,48.000000,14.000000,-99.000000
1309,-44.642857,36.642857,-129.000000,44.642857,52.642857,11.285714,-14.000000,-11.000000,162.000000,48.000000,14.000000,-99.000000
1310,-44.992062,36.992062,-129.000000,44.992062,52.992062,11.984127,-14.000000,-11.000000,162.000000,48.000000,14.000000,-99.000000
1311,-45.333332,37.333332,-129.000000,45.333332,53.333332,12.666667,-14.000000,-11.000000,162.000000,48.000000,14.000000,-99.000000
1312,-45.666668,37.666668,-129.000000,45.666668,53.666668,13.333333,-14.000000,-11.000000,162.000000,48.000000,14.000000,-99.000000
1313,-45.992062,37.992062,-129.000000,45.992062,53.992062,13.984127,-14.000000,-11.000000,162.000000,48.000000,14.000000,-99.000000
1314,-46.309525,38.309525,-129.000000,46.309525,54.309525,14.619047,-14.000000,-11.000000,162.000000,48.000000,14.000000,-99.000000
1315,-46.619049,38.619049,-129.000000,46.619049,54.619049,15.238095,-14.000000,-11.000000,162.000000,48.000000,14.000000,-99.000000
1316,-46.920635,38.920635,-129.000000,46.920635,54.920635,15.841269,-14.000000,-11.000000,162.000000,48.000000,14.000000,-99.000000
1317,-47.214287,39.214287,-129.000000,47.214287,55.214287,16.428572,-14.000000,-11.000000,162.000000,48.000000,14.000000,-99.000000
1318,-47.500000,39.500000,-129.000000,47.500000,55.500000,17.000000,-14.000000,-11.000000,162.000000,48.000000,14.000000,-99.000000
1319,-47.777779,39.777779,-129.000000,47.777779,55.777779,17.555555,-14.000000,-11.000000,162.000000,48.000000,14.000000,-99.000000
1320,-48.047619,40.047619,-129.000000,48.047619,56.047619,18.095238,-14.000000,-11.000000,162.000000,48.000000,14.000000,-99.000000
1321,-48.309525,40.309525,-129.000000,48.309525,56.309525,18.619047,-14.000000,-11.000000,162.000000,48.000000,14.000000,-99.000000
1322,-48.563492,40.563492,-129.000000,48.563492,56.563492,19.126984,-14.000000,-11.000000,162.000000,48.000000,14.000000,-99.000000
1323,-48.809525,40.809525,-129.000000,48.809525,56.809525,19.619047,-14.000000,-11.000000,162.000000,48.000000,14.000000,-99.000000
1324,-49.047619,41.047619,-129.000000,49.047619,57.047619,20.095238,-14.000000,-11.000000,162.000000,48.000000,14.000000,-99.000000
1325,-49.277779,41.277779,-129.000000,49.277779,57.277779,20.555555,-14.000000,-11.000000,162.000000,48.000000,14.000000,-99.000000
1326,-49.500000,41.500000,-129.000000,49.500000,57.500000,21.000000,-14.000000,-11.000000,162.000000,48.000000,14.000000,-99.000000
1327,-49.714287,41.714287,-129.000000,49.714287,57.714287,21.428572,-14.000000,-11.000000,162.000000,48.000000,14.000000,-99.000000
1328,-49.920635,41.920635,-129.000000,49.920635,57.920635,21.841270,-14.000000,-11.000000,162.000000,48.000000,14.000000,-99.000000
1329,-50.119049,42.119049,-129.000000,50.119049,58.119049,22.238094,-14.000000,-11.000000,162.000000,48.000000,14.000000,-99.000000
1330,-50.309525,42.309525,-129.000000,50.309525,58.309525,22.619047,-14.000000,-11.000000,162.000000,48.000000,14.000000,-99.000000
1331,-50.492062,42.492062,-129.000000,50.492062,58.492062,22.984127,-14.000000,-11.000000,162.000000,48.000000,14.000000,-99.000000
1332,-50.666668,42.666668,-129.000000,50.666668,58.666668,23.333334,-14.000000,-11.000000,162.000000,48.000000,14.000000,-99.000000
1333,-50.833332,42.833332,-129.000000,50.833332,58.833332,23.666666,-14.000000,-11.000000,162.000000,48.000000,14.000000,-99.000000
1334,-50.992062,42.992062,-129.000000,50.992062,58.992062,23.984127,-14.000000,-11.000000,162.000000,48.000000,14.000000,-99.000000
1335,-51.142857,43.142857,-129.000000,51.142857,59.142857,24.285715,-14.000000,-11.000000,162.000000,48.000000,14.000000,-99.000000
1336,-51.285713,43.285713,-129.000000,51.285713,59.285713,24.571428,-14.000000,-11.000000,162.000000,48.000000,14.000000,-99.000000
1337,-51.420635,43.420635,-129.000000,51.420635,59.420635,24.841270,-14.000000,-11.000000,162.000000,48.000000,14.000000,-99.000000
1338,-51.547619,43.547619,-129.000000,51.547619,59.547619,25.095238,-14.000000,-11.000000,162.000000,48.000000,14.000000,-99.000000
1339,-51.666668,43.666668,-129.000000,51.666668,59.666668,25.333334,-14.000000,-11.000000,162.000000,48.000000,14.000000,-99.000000
1340,-51.777779,43.777779,-129.000000,51.777779,59.777779,25.555555,-14.000000,-11.000000,162.000000,48.000000,14.000000,-99.000000
1341,-51.880951,43.880951,-129.000000,51.880951,59.880951,25.761906,-14.000000,-11.000000,162.000000,48.000000,14.000000,-99.000000
1342,-51.976189,43.976189,-129.000000,51.976189,59.976189,25.952381,-14.000000,-11.000000,162.000000,48.000000,14.000000,-99.000000
1343,-52.063492,44.063492,-129.000000,52.063492,60.063492,26.126984,-14.000000,-11.000000,162.000000,48.000000,14.000000,-99.000000
1344,-52.142857,44.142857,-129.000000,52.142857,60.142857,26.285715,-14.000000,-11.000000,162.000000,48.000000,14.000000,-99.000000
1345,-1.000000,-18.000000,-126.000000,-8.000000,1.000000,-108.000000,-30.000000,-12.000000,155.000000,43.000000,11.000000,-102.000000
1346,-1.000000,-18.000000,-126.000000,-8.000000,1.000000,-108.000000,-30.000000,-12.000000,155.000000,43.000000,11.000000,-102.000000
1347,-1.000000,-18.000000,-126.000000,-8.000000,1.000000,-108.000000,-30.000000,-12.000000,155.000000,44.000000,11.000000,-99.000000
1348,0.000000,-17.000000,-125.000000,-9.000000,1.000000,-108.000000,-30.000000,-12.000000,155.000000,44.000000,11.000000,-99.000000
1349,0.000000,-17.000000,-125.000000,-9.000000,1.000000,-108.000000,-30.000000,-12.000000,155.000000,44.000000,11.000000,-99.000000
1350,0.000000,-17.000000,-125.000000,-9.000000,1.000000,-108.000000,-30.000000,-12.000000,155.000000,44.000000,11.000000,-99.000000
1351,0.000000,-17.000000,-125.000000,-9.000000,1.000000,-108.000000,-30.000000,-12.000000,155.000000,44.000000,11.000000,-99.000000
1352,0.000000,-17.000000,-125.000000,-9.000000,1.000000,-108.000000,-30.000000,-12.000000,155.000000,44.000000,11.000000,-99.000000
1353,0.000000,-17.000000,-125.000000,-9.000000,1.000000,-108.000000,-30.000000,-12.000000,155.000000,44.000000,11.000000,-99.000000
1354,0.000000,-17.000000,-125.000000,-9.000000,1.000000,-108.000000,-30.000000,-12.000000,155.000000,44.000000,11.000000,-99.000000
1355,0.000000,-17.000000,-125.000000,-9.000000,1.000000,-108.000000,-30.000000,-12.000000,155.000000,44.000000,11.000000,-99.000000
1356,0.000000,-17.000000,-125.000000,-9.000000,1.000000,-108.000000,-30.000000,-12.000000,155.000000,44.000000,11.000000,-99.000000
1357,0.000000,-17.000000,-125.000000,-9.000000,1.000000,-108.000000,-30.000000,-12.000000,155.000000,44.000000,11.000000,-99.000000
1358,0.000000,-17.000000,-125.000000,-9.000000,1.000000,-108.000000,-30.000000,-12.000000,155.000000,44.000000,11.000000,-99.000000
1359,0.000000,-17.000000,-125.000000,-9.000000,1.000000,-108.000000,-31.000000,-13.000000,156.000000,44.000000,11.000000,-99.000000
1360,0.000000,-17.000000,-125.000000,-9.000000,1.000000,-108.000000,-31.000000,-13.000000,156.000000,44.000000,11.000000,-99.000000
1361,0.000000,-17.000000,-125.000000,-9.000000,1.000000,-108.000000,-31.000000,-13.000000,156.000000,44.000000,11.000000,-99.000000
1362,0.000000,-17.000000,-125.000000,-9.000000,1.000000,-108.000000,-31.000000,-13.000000,156.000000,45.000000,12.000000,-97.000000
1363,3.000000,-16.000000,-125.000000,-10.000000,0.000000,-108.000000,-31.000000,-13.000000,156.000000,45.000000,12.000000,-97.000000
1364,3.000000,-16.000000,-125.000000,-10.000000,0.000000,-108.000000,-31.000000,-13.000000,156.000000,45.000000,12.000000,-97.000000
1365,3.000000,-16.000000,-125.000000,-10.000000,0.000000,-108.000000,-31.000000,-13.000000,156.000000,45.000000,12.000000,-97.000000
1366,3.000000,-16.000000,-125.000000,-10.000000,0.000000,-108.000000,-31.000000,-13.000000,156.000000,45.000000,12.000000,-97.000000
1367,3.000000,-16.000000,-125.000000,-10.000000,0.000000,-108.000000,-31.000000,-13.000000,156.000000,45.000000,12.000000,-97.000000
1368,3.000000,-16.000000,-125.000000,-10.000000,0.000000,-108.000000,-31.000000,-13.000000,156.000000,45.000000,12.000000,-97.000000
1369,3.000000,-16.000000,-125.000000,-10.000000,0.000000,-108.000000,-31.000000,-13.000000,156.000000,45.000000,12.000000,-97.000000
1370,3.000000,-16.000000,-125.000000,-10.000000,0.000000,-108.000000,-31.000000,-13.000000,156.000000,45.000000,12.000000,-97.000000
1371,3.000000,-16.000000,-125.000000,-10.000000,0.000000,-108.000000,-31.000000,-13.000000,156.000000,45.000000,12.000000,-97.000000
1372,3.000000,-16.000000,-125.000000,-10.000000,0.000000,-108.000000,-31.000000,-13.000000,156.000000,45.000000,12.000000,-97.000000
1373,3.000000,-16.000000,-125.000000,-10.000000,0.000000,-108.000000,-31.000000,-13.000000,156.000000,45.000000,12.000000,-97.000000
1374,3.000000,-16.000000,-125.000000,-10.000000,0.000000,-108.000000,-32.000000,-14.000000,157.000000,45.000000,12.000000,-97.000000
1375,3.000000,-16.000000,-125.000000,-10.000000,0.000000,-108.000000,-32.000000,-14.000000,157.000000,45.000000,12.000000,-97.000000
1376,3.000000,-16.000000,-125.000000,-10.000000,0.000000,-108.000000,-32.000000,-14.000000,157.000000,45.000000,12.000000,-97.000000
1377,3.000000,-16.000000,-125.000000,-12.000000,0.000000,-107.000000,-32.000000,-14.000000,157.000000,47.000000,13.000000,-94.000000
1378,2.000000,-16.000000,-125.000000,-12.000000,0.000000,-107.000000,-32.000000,-14.000000,157.000000,47.000000,13.000000,-94.000000
1379,2.000000,-16.000000,-125.000000,-12.000000,0.000000,-107.000000,-32.000000,-14.000000,157.000000,47.000000,13.000000,-94.000000
1380,2.000000,-16.000000,-125.000000,-12.000000,0.000000,-107.000000,-32.000000,-14.000000,157.000000,47.000000,13.000000,-94.000000
1381,2.000000,-16.000000,-125.000000,-12.000000,0.000000,-107.000000,-32.000000,-14.000000,157.000000,47.000000,13.000000,-94.000000
1382,2.000000,-16.000000,-125.000000,-12.000000,0.000000,-107.000000,-32.000000,-14.000000,157.000000,47.000000,13.000000,-94.000000
1383,2.000000,-16.000000,-125.000000,-12.000000,0.000000,-107.000000,-32.000000,-14.000000,157.000000,47.000000,13.000000,-94.000000
1384,2.000000,-16.000000,-125.000000,-12.000000,0.000000,-107.000000,-32.000000,-14.000000,157.000000,47.000000,13.000000,-94.000000
1385,2.000000,-16.000000,-125.000000,-12.000000,0.000000,-107.000000,-32.000000,-14.000000,157.000000,47.000000,13.000000,-94.000000
1386,2.000000,-16.000000,-125.000000,-12.000000,0.000000,-107.000000,-32.000000,-14.000000,157.000000,47.000000,13.000000,-94.000000
1387,2.000000,-16.000000,-125.000000,-12.000000,0.000000,-107.000000,-32.000000,-14.000000,157.000000,47.000000,13.000000,-94.000000
1388,2.000000,-16.000000,-125.000000,-12.000000,0.000000,-107.000000,-32.000000,-14.000000,157.000000,47.000000,13.000000,-94.000000
1389,2.000000,-16.000000,-125.000000,-12.000000,0.000000,-107.000000,-33.000000,-14.000000,159.000000,47.000000,13.000000,-94.000000
1390,2.000000,-16.000000,-125.000000,-12.000000,0.000000,-107.000000,-33.000000,-14.000000,159.000000,47.000000,13.000000,-94.000000
1391,2.000000,-16.000000,-125.000000,-12.000000,0.000000,-107.000000,-33.000000,-14.000000,159.000000,47.000000,13.000000,-94.000000
1392,2.000000,-16.000000,-125.000000,-13.000000,0.000000,-106.000000,-33.000000,-14.000000,159.000000,50.000000,13.000000,-92.000000
1393,0.000000,-16.000000,-125.000000,-13.000000,0.000000,-106.000000,-33.000000,-14.000000,159.000000,50.000000,13.000000,-92.000000
1394,0.000000,-16.000000,-125.000000,-13.000000,0.000000,-106.000000,-33.000000,-14.000000,159.000000,50.000000,13.000000,-92.000000
1395,0.000000,-16.000000,-125.000000,-13.000000,0.000000,-106.000000,-33.000000,-14.000000,159.000000,50.000000,13.000000,-92.000000
1396,0.000000,-16.000000,-125.000000,-13.000000,0.000000,-106.000000,-33.000000,-14.000000,159.000000,50.000000,13.000000,-92.000000
1397,0.000000,-16.000000,-125.000000,-13.000000,0.000000,-106.000000,-33.000000,-14.000000,159.000000,50.000000,13.000000,-92.000000
1398,0.000000,-16.000000,-125.000000,-13.000000,0.000000,-106.000000,-33.000000,-14.000000,159.000000,50.000000,13.000000,-92.000000
1399,0.000000,-16.000000,-125.000000,-13.000000,0.000000,-106.000000,-33.000000,-14.000000,159.000000,50.000000,13.000000,-92.000000
1400,0.000000,-16.000000,-125.000000,-13.000000,0.000000,-106.000000,-33.000000,-14.000000,159.000000,50.000000,13.000000,-92.000000
1401,0.000000,-16.000000,-125.000000,-13.000000,0.000000,-106.000000,-33.000000,-14.000000,159.000000,50.000000,13.000000,-92.000000
1402,0.000000,-16.000000,-125.000000,-13.000000,0.000000,-106.000000,-33.000000,-14.000000,159.000000,50.000000,13.000000,-92.000000
1403,0.000000,-16.000000,-125.000000,-13.000000,0.000000,-106.000000,-33.000000,-14.000000,159.000000,50.000000,13.000000,-92.000000
1404,0.000000,-16.000000,-125.000000,-13.000000,0.000000,-106.000000,-33.000000,-14.000000,159.000000,50.000000,13.000000,-92.000000
1405,0.000000,-16.000000,-125.000000,-13.000000,0.000000,-106.000000,-33.000000,-14.000000,159.000000,50.000000,13.000000,-92.000000
1406,0.000000,-16.000000,-125.000000,-13.000000,0.000000,-106.000000,-33.000000,-14.000000,159.000000,50.000000,13.000000,-92.000000
1407,0.000000,-16.000000,-125.000000,-13.000000,0.000000,-106.000000,-33.000000,-14.000000,159.000000,50.000000,13.000000,-92.000000
1408,0.000000,-16.000000,-125.000000,-13.000000,0.000000,-106.000000,-33.000000,-14.000000,159.000000,50.000000,13.000000,-92.000000
1409,0.000000,-16.000000,-125.000000,-13.000000,0.000000,-106.000000,-33.000000,-14.000000,159.000000,50.000000,13.000000,-92.000000
1410,0.000000,-16.000000,-125.000000,-13.000000,0.000000,-106.000000,-33.000000,-14.000000,159.000000,50.000000,13.000000,-92.000000
1411,0.000000,-16.000000,-125.000000,-13.000000,0.000000,-106.000000,-33.000000,-14.000000,159.000000,50.000000,13.000000,-92.000000
1412,0.000000,-16.000000,-125.000000,-13.000000,0.000000,-106.000000,-33.000000,-14.000000,159.000000,50.000000,13.000000,-92.000000
1413,0.000000,-16.000000,-125.000000,-13.000000,0.000000,-106.000000,-33.000000,-14.000000,159.000000,50.000000,13.000000,-92.000000
1414,0.000000,-16.000000,-125.000000,-13.000000,0.000000,-106.000000,-33.000000,-14.000000,159.000000,50.000000,13.000000,-92.000000
1415,0.000000,-16.000000,-125.000000,-13.000000,0.000000,-106.000000,-33.000000,-14.000000,159.000000,50.000000,13.000000,-92.000000
1416,0.000000,-16.000000,-125.000000,-13.000000,0.000000,-106.000000,-33.000000,-14.000000,159.000000,50.000000,13.000000,-92.000000
1417,0.000000,-16.000000,-125.000000,-13.000000,0.000000,-106.000000,-33.000000,-14.000000,159.000000,50.000000,13.000000,-92.000000
1418,0.000000,-16.000000,-125.000000,-13.000000,0.000000,-106.000000,-33.000000,-14.000000,159.000000,50.000000,13.000000,-92.000000
1419,0.000000,-16.000000,-125.000000,-13.000000,0.000000,-106.000000,-33.000000,-14.000000,159.000000,50.000000,13.000000,-92.000000
1420,0.000000,-16.000000,-125.000000,-13.000000,0.000000,-106.000000,-33.000000,-14.000000,159.000000,50.000000,13.000000,-92.000000
1421,0.000000,-16.000000,-125.000000,-13.000000,0.000000,-106.000000,-33.000000,-14.000000,159.000000,50.000000,13.000000,-92.000000
1422,0.000000,-16.000000,-125.000000,-13.000000,0.000000,-106.000000,-33.000000,-14.000000,159.000000,50.000000,13.000000,-92.000000
1423,0.000000,-16.000000,-125.000000,-13.000000,0.000000,-106.000000,-33.000000,-14.000000,159.000000,50.000000,13.000000,-92.000000
1424,0.000000,-16.000000,-125.000000,-13.000000,0.000000,-106.000000,-33.000000,-14.000000,159.000000,50.000000,13.000000,-92.000000
1425,0.000000,-16.000000,-125.000000,-13.000000,0.000000,-106.000000,-33.000000,-14.000000,159.000000,50.000000,13.000000,-92.000000
1426,0.000000,-16.000000,-125.000000,-13.000000,0.000000,-106.000000,-33.000000,-14.000000,159.000000,50.000000,13.000000,-92.000000
1427,0.000000,-16.000000,-125.000000,-13.000000,0.000000,-106.000000,-33.000000,-14.000000,159.000000,50.000000,13.000000,-92.000000
1428,0.000000,-16.000000,-125.000000,-13.000000,0.000000,-106.000000,-33.000000,-14.000000,159.000000,50.000000,13.000000,-92.000000
1429,0.000000,-16.000000,-125.000000,-13.000000,0.000000,-106.000000,-33.000000,-14.000000,159.000000,50.000000,13.000000,-92.000000
1430,0.000000,-16.000000,-125.000000,-13.000000,0.000000,-106.000000,-33.000000,-14.000000,159.000000,50.000000,13.000000,-92.000000
1431,0.000000,-16.000000,-125.000000,-13.000000,0.000000,-106.000000,-33.000000,-14.000000,159.000000,50.000000,13.000000,-92.000000
1432,0.000000,-16.000000,-125.000000,-13.000000,0.000000,-106.000000,-33.000000,-14.000000,159.000000,50.000000,13.000000,-92.000000
1433,0.000000,-16.000000,-125.000000,-13.000000,0.000000,-106.000000,-33.000000,-14.000000,159.000000,50.000000,13.000000,-92.000000
1434,0.000000,-16.000000,-125.000000,-13.000000,0.000000,-106.000000,-33.000000,-14.000000,159.000000,50.000000,13.000000,-92.000000
1435,0.000000,-16.000000,-125.000000,-13.000000,0.000000,-106.000000,-33.000000,-14.000000,159.000000,50.000000,13.000000,-92.000000
1436,0.000000,-16.000000,-125.000000,-13.000000,0.000000,-106.000000,-33.000000,-14.000000,159.000000,50.000000,13.000000,-92.000000
1437,0.000000,-16.000000,-125.000000,-13.000000,0.000000,-106.000000,-33.000000,-14.000000,159.000000,50.000000,13.000000,-92.000000
1438,0.000000,-16.000000,-125.000000,-13.000000,0.000000,-106.000000,-33.000000,-14.000000,159.000000,50.000000,13.000000,-92.000000
1439,0.000000,-16.000000,-125.000000,-13.000000,0.000000,-106.000000,-33.000000,-14.000000,159.000000,50.000000,13.000000,-92.000000
1440,0.000000,-16.000000,-125.000000,-13.000000,0.000000,-106.000000,-33.000000,-14.000000,159.000000,50.000000,13.000000,-92.000000
1441,0.000000,-16.000000,-125.000000,-13.000000,0.000000,-106.000000,-33.000000,-14.000000,159.000000,50.000000,13.000000,-92.000000
1442,0.000000,-16.000000,-125.000000,-13.000000,0.000000,-106.000000,-33.000000,-14.000000,159.000000,50.000000,13.000000,-92.000000
1443,0.000000,-16.000000,-125.000000,-13.000000,0.000000,-106.000000,-33.000000,-14.000000,159.000000,50.000000,13.000000,-92.000000
1444,0.000000,-16.000000,-125.000000,-13.000000,0.000000,-106.000000,-33.000000,-14.000000,159.000000,50.000000,13.000000,-92.000000
1445,0.000000,-16.000000,-125.000000,-13.000000,0.000000,-106.000000,-33.000000,-14.000000,159.000000,50.000000,13.000000,-92.000000
1446,0.000000,-16.000000,-125.000000,-13.000000,0.000000,-106.000000,-33.000000,-14.000000,159.000000,50.000000,13.000000,-92.000000
1447,0.000000,-16.000000,-125.000000,-13.000000,0.000000,-106.000000,-33.000000,-14.000000,159.000000,50.000000,13.000000,-92.000000
1448,0.000000,-16.000000,-125.000000,-13.000000,0.000000,-106.000000,-33.000000,-14.000000,159.000000,50.000000,13.000000,-92.000000
1449,0.000000,-16.000000,-125.000000,-13.000000,0.000000,-106.000000,-33.000000,-14.000000,159.000000,50.000000,13.000000,-92.000000
1450,0.000000,-16.000000,-125.000000,-13.000000,0.000000,-106.000000,-33.000000,-14.000000,159.000000,50.000000,13.000000,-92.000000
1451,0.000000,-16.000000,-125.000000,-13.000000,0.000000,-106.000000,-33.000000,-14.000000,159.000000,50.000000,13.000000,-92.000000
1452,0.000000,-16.000000,-125.000000,-13.000000,0.000000,-106.000000,-33.000000,-14.000000,159.000000,50.000000,13.000000,-92.000000
1453,0.000000,-16.000000,-125.000000,-13.000000,0.000000,-106.000000,-33.000000,-14.000000,159.000000,50.000000,13.000000,-92.000000
1454,0.000000,-16.000000,-125.000000,-13.000000,0.000000,-106.000000,-33.000000,-14.000000,159.000000,50.000000,13.000000,-92.000000
1455,0.000000,-16.000000,-125.000000,-13.000000,0.000000,-106.000000,-33.000000,-14.000000,159.000000,50.000000,13.000000,-92.000000
1456,0.000000,-16.000000,-125.000000,-13.000000,0.000000,-106.000000,-33.000000,-14.000000,159.000000,50.000000,13.000000,-92.000000
1457,0.000000,-16.000000,-125.000000,-13.000000,0.000000,-106.000000,-33.000000,-14.000000,159.000000,50.000000,13.000000,-92.000000
1458,0.000000,-16.000000,-125.000000,-13.000000,0.000000,-106.000000,-33.000000,-14.000000,159.000000,50.000000,13.000000,-92.000000
1459,0.000000,-16.000000,-125.000000,-13.000000,0.000000,-106.000000,-33.000000,-14.000000,159.000000,50.000000,13.000000,-92.000000
1460,0.000000,-16.000000,-125.000000,-13.000000,0.000000,-106.000000,-33.000000,-14.000000,159.000000,50.000000,13.000000,-92.000000
1461,0.000000,-16.000000,-125.000000,-13.000000,0.000000,-106.000000,-33.000000,-14.000000,159.000000,50.000000,13.000000,-92.000000
1462,0.000000,-16.000000,-125.000000,-13.000000,0.000000,-106.000000,-33.000000,-14.000000,159.000000,50.000000,13.000000,-92.000000
1463,0.000000,-16.000000,-125.000000,-13.000000,0.000000,-106.000000,-33.000000,-14.000000,159.000000,50.000000,13.000000,-92.000000
1464,0.000000,-16.000000,-125.000000,-13.000000,0.000000,-106.000000,-33.000000,-14.000000,159.000000,50.000000,13.000000,-92.000000
1465,0.000000,-16.000000,-125.000000,-13.000000,0.000000,-106.000000,-33.000000,-14.000000,159.000000,50.000000,13.000000,-92.000000
1466,0.000000,-16.000000,-125.000000,-13.000000,0.000000,-106.000000,-33.000000,-14.000000,159.000000,50.000000,13.000000,-92.000000
1467,0.000000,-16.000000,-125.000000,-13.000000,0.000000,-106.000000,-33.000000,-14.000000,159.000000,50.000000,13.000000,-92.000000
1468,0.000000,-16.000000,-125.000000,-13.000000,0.000000,-106.000000,-33.000000,-14.000000,159.000000,50.000000,13.000000,-92.000000
1469,0.000000,-16.000000,-125.000000,-13.000000,0.000000,-106.000000,-33.000000,-14.000000,159.000000,50.000000,13.000000,-92.000000
1470,0.000000,-16.000000,-125.000000,-13.000000,0.000000,-106.000000,-33.000000,-14.000000,159.000000,50.000000,13.000000,-92.000000
1471,0.000000,-16.000000,-125.000000,-13.000000,0.000000,-106.000000,-33.000000,-14.000000,159.000000,50.000000,13.000000,-92.000000
1472,0.000000,-16.000000,-125.000000,-13.000000,0.000000,-106.000000,-33.000000,-14.000000,159.000000,50.000000,13.000000,-92.000000
1473,0.000000,-16.000000,-125.000000,-13.000000,0.000000,-106.000000,-33.000000,-14.000000,159.000000,50.000000,13.000000,-92.000000
1474,0.000000,-16.000000,-125.000000,-13.000000,0.000000,-106.000000,-33.000000,-14.000000,159.000000,50.000000,13.000000,-92.000000
1475,0.000000,-16.000000,-125.000000,-13.000000,0.000000,-106.000000,-33.000000,-14.000000,159.000000,50.000000,13.000000,-92.000000
1476,0.000000,-16.000000,-125.000000,-13.000000,0.000000,-106.000000,-33.000000,-14.000000,159.000000,50.000000,13.000000,-92.000000
1477,0.000000,-16.000000,-125.000000,-13.000000,0.000000,-106.000000,-33.000000,-14.000000,159.000000,50.000000,13.000000,-92.000000
1478,0.000000,-16.000000,-125.000000,-13.000000,0.000000,-106.000000,-33.000000,-14.000000,159.000000,50.000000,13.000000,-92.000000
1479,0.000000,-16.000000,-125.000000,-13.000000,0.000000,-106.000000,-33.000000,-14.000000,159.000000,50.000000,13.000000,-92.000000
1480,0.000000,-16.000000,-125.000000,-13.000000,0.000000,-106.000000,-33.000000,-14.000000,159.000000,50.000000,13.000000,-92.000000
1481,0.000000,-16.000000,-125.000000,-13.000000,0.000000,-106.000000,-33.000000,-14.000000,159.000000,50.000000,13.000000,-92.000000
1482,0.000000,-16.000000,-125.000000,-13.000000,0.000000,-106.000000,-33.000000,-14.000000,159.000000,50.000000,13.000000,-92.000000
1483,0.000000,-16.000000,-125.000000,-13.000000,0.000000,-106.000000,-33.000000,-14.000000,159.000000,50.000000,13.000000,-92.000000
1484,0.000000,-16.000000,-125.000000,-13.000000,0.000000,-106.000000,-33.000000,-14.000000,159.000000,50.000000,13.000000,-92.000000
1485,0.000000,-16.000000,-125.000000,-13.000000,0.000000,-106.000000,-33.000000,-14.000000,159.000000,50.000000,13.000000,-92.000000
1486,0.000000,-16.000000,-125.000000,-13.000000,0.000000,-106.000000,-33.000000,-14.000000,159.000000,50.000000,13.000000,-92.000000
1487,0.000000,-16.000000,-125.000000,-13.000000,0.000000,-106.000000,-33.000000,-14.000000,159.000000,50.000000,13.000000,-92.000000
1488,0.000000,-16.000000,-125.000000,-13.000000,0.000000,-106.000000,-33.000000,-14.000000,159.000000,50.000000,13.000000,-92.000000
1489,0.000000,-16.000000,-125.000000,-13.000000,0.000000,-106.000000,-33.000000,-14.000000,159.000000,50.000000,13.000000,-92.000000
1490,0.000000,-16.000000,-125.000000,-13.000000,0.000000,-106.000000,-33.000000,-14.000000,159.000000,50.000000,13.000000,-92.000000
1491,0.000000,-16.000000,-125.000000,-13.000000,0.000000,-106.000000,-33.000000,-14.000000,159.000000,50.000000,13.000000,-92.000000
1492,0.000000,-16.000000,-125.000000,-13.000000,0.000000,-106.000000,-33.000000,-14.000000,159.000000,50.000000,13.000000,-92.000000
1493,0.000000,-16.000000,-125.000000,-13.000000,0.000000,-106.000000,-33.000000,-14.000000,159.000000,50.000000,13.000000,-92.000000
1494,0.000000,-16.000000,-125.000000,-13.000000,0.000000,-106.000000,-33.000000,-14.000000,159.000000,50.000000,13.000000,-92.000000
1495,0.000000,-16.000000,-125.000000,-13.000000,0.000000,-106.000000,-33.000000,-14.000000,159.000000,50.000000,13.000000,-92.000000
1496,0.000000,-16.000000,-125.000000,-13.000000,0.000000,-106.000000,-33.000000,-14.000000,159.000000,50.000000,13.000000,-92.000000
1497,0.000000,-16.000000,-125.000000,-13.000000,0.000000,-106.000000,-33.000000,-14.000000,159.000000,50.000000,13.000000,-92.000000
1498,0.000000,-16.000000,-125.000000,-13.000000,0.000000,-106.000000,-33.000000,-14.000000,159.000000,50.000000,13.000000,-92.000000
1499,0.000000,-16.000000,-125.000000,-13.000000,0.000000,-106.000000,-33.000000,-14.000000,159.000000,50.000000,13.000000,-92.000000
1500,0.000000,-16.000000,-125.000000,-13.000000,0.000000,-106.000000,-33.000000,-14.000000,159.000000,50.000000,13.000000,-92.000000
1501,0.000000,-16.000000,-125.000000,-13.000000,0.000000,-106.000000,-33.000000,-14.000000,159.000000,50.000000,13.000000,-92.000000
1502,0.000000,-16.000000,-125.000000,-13.000000,0.000000,-106.000000,-33.000000,-14.000000,159.000000,50.000000,13.000000,-92.000000
1503,0.000000,-16.000000,-125.000000,-13.000000,0.000000,-106.000000,-33.000000,-14.000000,159.000000,50.000000,13.000000,-92.000000
1504,0.000000,-16.000000,-125.000000,-13.000000,0.000000,-106.000000,-33.000000,-14.000000,159.000000,50.000000,13.000000,-92.000000
1505,0.000000,-16.000000,-125.000000,-13.000000,0.000000,-106.000000,-33.000000,-14.000000,159.000000,50.000000,13.000000,-92.000000
1506,0.000000,-16.000000,-125.000000,-13.000000,0.000000,-106.000000,-33.000000,-14.000000,159.000000,50.000000,13.000000,-92.000000
1507,0.000000,-16.000000,-125.000000,-13.000000,0.000000,-106.000000,-33.000000,-14.000000,159.000000,50.000000,13.000000,-92.000000
1508,0.000000,-16.000000,-125.000000,-13.000000,0.000000,-106.000000,-33.000000,-14.000000,159.000000,50.000000,13.000000,-92.000000
1509,0.000000,-16.000000,-125.000000,-13.000000,0.000000,-106.000000,-33.000000,-14.000000,159.000000,50.000000,13.000000,-92.000000
1510,0.000000,-16.000000,-125.000000,-13.000000,0.000000,-106.000000,-33.000000,-14.000000,159.000000,50.000000,13.000000,-92.000000
1511,0.000000,-16.000000,-125.000000,-13.000000,0.000000,-106.000000,-33.000000,-14.000000,159.000000,50.000000,13.000000,-92.000000
1512,0.000000,-16.000000,-125.000000,-13.000000,0.000000,-106.000000,-33.000000,-14.000000,159.000000,50.000000,13.000000,-92.000000
1513,0.000000,-16.000000,-125.000000,-13.000000,0.000000,-106.000000,-33.000000,-14.000000,159.000000,50.000000,13.000000,-92.000000
1514,0.000000,-16.000000,-125.000000,-13.000000,0.000000,-106.000000,-33.000000,-14.000000,159.000000,50.000000,13.000000,-92.000000
1515,0.000000,-16.000000,-125.000000,-13.000000,0.000000,-106.000000,-33.000000,-14.000000,159.000000,50.000000,13.000000,-92.000000
1516,0.000000,-16.000000,-125.000000,-13.000000,0.000000,-106.000000,-33.000000,-14.000000,159.000000,50.000000,13.000000,-92.000000
1517,0.000000,-16.000000,-125.000000,-13.000000,0.000000,-106.000000,-33.000000,-14.000000,159.000000,50.000000,13.000000,-92.000000
1518,0.000000,-16.000000,-125.000000,-13.000000,0.000000,-106.000000,-33.000000,-14.000000,159.000000,50.000000,13.000000,-92.000000
1519,0.000000,-16.000000,-125.000000,-13.000000,0.000000,-106.000000,-33.000000,-14.000000,159.000000,50.000000,13.000000,-92.000000
1520,-17.000000,-18.000000,-119.000000,1.000000,0.000000,-93.000000,-29.000000,-19.000000,162.000000,43.000000,14.000000,-89.000000
1521,-17.000000,-18.000000,-119.000000,1.000000,0.000000,-93.000000,-29.000000,-19.000000,162.000000,43.000000,14.000000,-89.000000
1522,-17.000000,-18.000000,-119.000000,1.000000,0.000000,-93.000000,-29.000000,-19.000000,162.000000,43.000000,14.000000,-89.000000
1523,-17.000000,-18.000000,-119.000000,1.000000,0.000000,-93.000000,-30.000000,-20.000000,161.000000,43.000000,14.000000,-89.000000
1524,-17.000000,-18.000000,-119.000000,1.000000,0.000000,-93.000000,-30.000000,-20.000000,161.000000,43.000000,14.000000,-89.000000
1525,-17.000000,-18.000000,-119.000000,1.000000,0.000000,-93.000000,-30.000000,-20.000000,161.000000,43.000000,14.000000,-89.000000
1526,-17.000000,-18.000000,-119.000000,1.000000,0.000000,-93.000000,-30.000000,-20.000000,161.000000,43.000000,14.000000,-89.000000
1527,-18.000000,-20.000000,-118.000000,4.000000,0.000000,-92.000000,-30.000000,-20.000000,161.000000,48.000000,15.000000,-89.000000
1528,-18.000000,-20.000000,-118.000000,4.000000,0.000000,-92.000000,-30.000000,-20.000000,161.000000,48.000000,15.000000,-89.000000
1529,-18.000000,-20.000000,-118.000000,4.000000,0.000000,-92.000000,-30.000000,-20.000000,161.000000,48.000000,15.000000,-89.000000
1530,-18.000000,-20.000000,-118.000000,4.000000,0.000000,-92.000000,-30.000000,-20.000000,161.000000,48.000000,15.000000,-89.000000
1531,-18.000000,-20.000000,-118.000000,4.000000,0.000000,-92.000000,-30.000000,-20.000000,161.000000,48.000000,15.000000,-89.000000
1532,-18.000000,-20.000000,-118.000000,4.000000,0.000000,-92.000000,-30.000000,-20.000000,161.000000,48.000000,15.000000,-89.000000
1533,-18.000000,-20.000000,-118.000000,4.000000,0.000000,-92.000000,-30.000000,-20.000000,161.000000,48.000000,15.000000,-89.000000
1534,-18.000000,-20.000000,-118.000000,4.000000,0.000000,-92.000000,-30.000000,-20.000000,161.000000,48.000000,15.000000,-89.000000
1535,-18.000000,-20.000000,-118.000000,4.000000,0.000000,-92.000000,-30.000000,-20.000000,161.000000,48.000000,15.000000,-89.000000
1536,-18.000000,-20.000000,-118.000000,4.000000,0.000000,-92.000000,-30.000000,-20.000000,161.000000,48.000000,15.000000,-89.000000
1537,-18.000000,-20.000000,-118.000000,4.000000,0.000000,-92.000000,-30.000000,-20.000000,161.000000,48.000000,15.000000,-89.000000
1538,-18.000000,-20.000000,-118.000000,4.000000,0.000000,-92.000000,-35.000000,-18.000000,161.000000,48.000000,15.000000,-89.000000
1539,-18.000000,-20.000000,-118.000000,4.000000,0.000000,-92.000000,-35.000000,-18.000000,161.000000,48.000000,15.000000,-89.000000
1540,-18.000000,-20.000000,-118.000000,4.000000,0.000000,-92.000000,-35.000000,-18.000000,161.000000,48.000000,15.000000,-89.000000
1541,-18.000000,-20.000000,-118.000000,4.000000,0.000000,-92.000000,-35.000000,-18.000000,161.000000,48.000000,15.000000,-89.000000
1542,-19.000000,-21.000000,-118.000000,7.000000,0.000000,-93.000000,-35.000000,-18.000000,161.000000,57.000000,15.000000,-88.000000
1543,-19.000000,-21.000000,-118.000000,7.000000,0.000000,-93.000000,-35.000000,-18.000000,161.000000,57.000000,15.000000,-88.000000
1544,-19.000000,-21.000000,-118.000000,7.000000,0.000000,-93.000000,-35.000000,-18.000000,161.000000,57.000000,15.000000,-88.000000
1545,-19.000000,-21.000000,-118.000000,7.000000,0.000000,-93.000000,-35.000000,-18.000000,161.000000,57.000000,15.000000,-88.000000
1546,-19.000000,-21.000000,-118.000000,7.000000,0.000000,-93.000000,-35.000000,-18.000000,161.000000,57.000000,15.000000,-88.000000
1547,-19.000000,-21.000000,-118.000000,7.000000,0.000000,-93.000000,-35.000000,-18.000000,161.000000,57.000000,15.000000,-88.000000
1548,-19.000000,-21.000000,-118.000000,7.000000,0.000000,-93.000000,-35.000000,-18.000000,161.000000,57.000000,15.000000,-88.000000
1549,-19.000000,-21.000000,-118.000000,7.000000,0.000000,-93.000000,-35.000000,-18.000000,161.000000,57.000000,15.000000,-88.000000
1550,-19.000000,-21.000000,-118.000000,7.000000,0.000000,-93.000000,-35.000000,-18.000000,161.000000,57.000000,15.000000,-88.000000
1551,-19.000000,-21.000000,-118.000000,7.000000,0.000000,-93.000000,-35.000000,-18.000000,161.000000,57.000000,15.000000,-88.000000
1552,-19.000000,-21.000000,-118.000000,7.000000,0.000000,-93.000000,-35.000000,-18.000000,161.000000,57.000000,15.000000,-88.000000
1553,-19.000000,-21.000000,-118.000000,7.000000,0.000000,-93.000000,-38.000000,-18.000000,160.000000,57.000000,15.000000,-88.000000
1554,-19.000000,-21.000000,-118.000000,7.000000,0.000000,-93.000000,-38.000000,-18.000000,160.000000,57.000000,15.000000,-88.000000
1555,-19.000000,-21.000000,-118.000000,7.000000,0.000000,-93.000000,-38.000000,-18.000000,160.000000,57.000000,15.000000,-88.000000
1556,-19.000000,-21.000000,-118.000000,7.000000,0.000000,-93.000000,-38.000000,-18.000000,160.000000,57.000000,15.000000,-88.000000
1557,-20.000000,-22.000000,-117.000000,9.000000,0.000000,-96.000000,-38.000000,-18.000000,160.000000,67.000000,14.000000,-87.000000
1558,-20.000000,-22.000000,-117.000000,9.000000,0.000000,-96.000000,-38.000000,-18.000000,160.000000,67.000000,14.000000,-87.000000
1559,-20.000000,-22.000000,-117.000000,9.000000,0.000000,-96.000000,-38.000000,-18.000000,160.000000,67.000000,14.000000,-87.000000
1560,-20.000000,-22.000000,-117.000000,9.000000,0.000000,-96.000000,-38.000000,-18.000000,160.000000,67.000000,14.000000,-87.000000
1561,-20.000000,-22.000000,-117.000000,9.000000,0.000000,-96.000000,-38.000000,-18.000000,160.000000,67.000000,14.000000,-87.000000
1562,-20.000000,-22.000000,-117.000000,9.000000,0.000000,-96.000000,-38.000000,-18.000000,160.000000,67.000000,14.000000,-87.000000
1563,-20.000000,-22.000000,-117.000000,9.000000,0.000000,-96.000000,-38.000000,-18.000000,160.000000,67.000000,14.000000,-87.000000
1564,-20.000000,-22.000000,-117.000000,9.000000,0.000000,-96.000000,-38.000000,-18.000000,160.000000,67.000000,14.000000,-87.000000
1565,-20.000000,-22.000000,-117.000000,9.000000,0.000000,-96.000000,-38.000000,-18.000000,160.000000,67.000000,14.000000,-87.000000
1566,-20.000000,-22.000000,-117.000000,9.000000,0.000000,-96.000000,-38.000000,-18.000000,160.000000,67.000000,14.000000,-87.000000
1567,-20.000000,-22.000000,-117.000000,9.000000,0.000000,-96.000000,-38.000000,-18.000000,160.000000,67.000000,14.000000,-87.000000
1568,-20.000000,-22.000000,-117.000000,9.000000,0.000000,-96.000000,-39.000000,-17.000000,159.000000,67.000000,14.000000,-87.000000
1569,-20.000000,-22.000000,-117.000000,9.000000,0.000000,-96.000000,-39.000000,-17.000000,159.000000,67.000000,14.000000,-87.000000
1570,-20.000000,-22.000000,-117.000000,9.000000,0.000000,-96.000000,-39.000000,-17.000000,159.000000,67.000000,14.000000,-87.000000
1571,-20.000000,-22.000000,-117.000000,9.000000,0.000000,-96.000000,-39.000000,-17.000000,159.000000,67.000000,14.000000,-87.000000
1572,-23.000000,-23.000000,-117.000000,12.000000,0.000000,-100.000000,-39.000000,-17.000000,159.000000,67.000000,14.000000,-87.000000
1573,-23.000000,-23.000000,-117.000000,12.000000,0.000000,-100.000000,-39.000000,-17.000000,159.000000,67.000000,14.000000,-87.000000
1574,-23.000000,-23.000000,-117.000000,12.000000,0.000000,-100.000000,-39.000000,-17.000000,159.000000,67.000000,14.000000,-87.000000
1575,-23.000000,-23.000000,-117.000000,12.000000,0.000000,-100.000000,-39.000000,-17.000000,159.000000,67.000000,14.000000,-87.000000
1576,-23.000000,-23.000000,-117.000000,12.000000,0.000000,-100.000000,-39.000000,-17.000000,159.000000,67.000000,14.000000,-87.000000
1577,-23.000000,-23.000000,-117.000000,12.000000,0.000000,-100.000000,-39.008621,-17.000000,159.000000,67.000000,14.000000,-87.000000
1578,-23.000000,-23.000000,-117.000000,12.000000,0.000000,-100.000000,-39.025864,-17.000000,159.000000,67.000000,14.000000,-87.000000
1579,-23.000000,-23.000000,-117.000000,12.000000,0.000000,-100.000000,-39.051723,-17.000000,159.000000,67.000000,14.000000,-87.000000
1580,-23.000000,-23.000000,-117.000000,12.000000,0.000000,-100.000000,-39.086208,-17.000000,159.000000,67.000000,14.000000,-87.000000
1581,-23.000000,-23.000000,-117.000000,12.000000,0.000000,-100.000000,-39.129311,-17.000000,159.000000,67.000000,14.000000,-87.000000
1582,-23.000000,-23.000000,-117.000000,12.000000,0.000000,-100.000000,-39.181034,-17.000000,159.000000,67.000000,14.000000,-87.000000
1583,-23.000000,-23.000000,-117.000000,12.000000,0.000000,-100.000000,-39.241379,-17.000000,159.000000,67.000000,14.000000,-87.000000
1584,-23.000000,-23.000000,-117.000000,12.000000,0.000000,-100.000000,-39.310345,-17.000000,159.000000,67.000000,14.000000,-87.000000
1585,-23.000000,-23.000000,-117.000000,12.000000,0.000000,-100.000000,-39.387932,-17.000000,159.000000,67.000000,14.000000,-87.000000
1586,-23.000000,-23.000000,-117.000000,12.000000,0.000000,-100.000000,-39.474136,-17.000000,159.000000,67.000000,14.000000,-87.000000
1587,-23.000000,-23.000000,-117.000000,12.000000,0.000000,-100.000000,-39.568966,-17.000000,159.000000,67.000000,14.000000,-87.000000
1588,-23.000000,-23.000000,-117.000000,12.000000,0.000000,-100.000000,-39.672413,-17.000000,159.000000,67.000000,14.000000,-87.000000
1589,-23.000000,-23.000000,-117.000000,12.000000,0.000000,-100.000000,-39.784481,-17.000000,159.000000,67.000000,14.000000,-87.000000
1590,-23.000000,-23.000000,-117.000000,12.000000,0.000000,-100.000000,-39.905174,-17.000000,159.000000,67.000000,14.000000,-87.000000
1591,-23.000000,-23.000000,-117.000000,12.000000,0.000000,-100.000000,-40.034481,-17.000000,159.000000,67.000000,14.000000,-87.000000
1592,-23.000000,-23.000000,-117.000000,12.000000,0.000000,-100.000000,-40.172413,-17.000000,159.000000,67.000000,14.000000,-87.000000
1593,-23.000000,-23.000000,-117.000000,12.000000,0.000000,-100.000000,-40.318966,-17.000000,159.000000,67.000000,14.000000,-87.000000
1594,-23.000000,-23.000000,-117.000000,12.000000,0.000000,-100.000000,-40.474136,-17.000000,159.000000,67.000000,14.000000,-87.000000
1595,-23.000000,-23.000000,-117.000000,12.000000,0.000000,-100.000000,-40.637932,-17.000000,159.000000,67.000000,14.000000,-87.000000
1596,-23.000000,-23.000000,-117.000000,12.000000,0.000000,-100.000000,-40.810345,-17.000000,159.000000,67.000000,14.000000,-87.000000
1597,-23.000000,-23.000000,-117.000000,12.000000,0.000000,-100.000000,-40.991379,-17.000000,159.000000,67.000000,14.000000,-87.000000
1598,-23.000000,-23.000000,-117.000000,12.000000,0.000000,-100.000000,-41.181034,-17.000000,159.000000,67.000000,14.000000,-87.000000
1599,-23.000000,-23.000000,-117.000000,12.000000,0.000000,-100.000000,-41.379311,-17.000000,159.000000,67.000000,14.000000,-87.000000
1600,-23.000000,-23.000000,-117.000000,12.000000,0.000000,-100.000000,-41.586208,-17.000000,159.000000,67.000000,14.000000,-87.000000
1601,-23.000000,-23.000000,-117.000000,12.000000,0.000000,-100.000000,-41.801723,-17.000000,159.000000,67.000000,14.000000,-87.000000
1602,-23.000000,-23.000000,-117.000000,12.000000,0.000000,-100.000000,-42.025864,-17.000000,159.000000,67.000000,14.000000,-87.000000
1603,-23.000000,-23.000000,-117.000000,12.000000,0.000000,-100.000000,-42.258621,-17.000000,159.000000,67.000000,14.000000,-87.000000
1604,-23.000000,-23.000000,-117.000000,12.000000,0.000000,-100.000000,-42.500000,-17.000000,159.000000,67.000000,14.000000,-87.000000
1605,-23.000000,-23.000000,-117.000000,12.000000,0.000000,-100.000000,-42.750000,-17.000000,159.000000,67.000000,14.000000,-87.000000
1606,-23.000000,-23.000000,-117.000000,12.000000,0.000000,-100.000000,-43.008621,-17.000000,159.000000,67.000000,14.000000,-87.000000
1607,-23.000000,-23.000000,-117.000000,12.000000,0.000000,-100.000000,-43.275864,-17.000000,159.000000,67.000000,14.000000,-87.000000
1608,-23.000000,-23.000000,-117.000000,12.000000,0.000000,-100.000000,-43.551723,-17.000000,159.000000,67.000000,14.000000,-87.000000
1609,-23.000000,-23.000000,-117.000000,12.000000,0.000000,-100.000000,-43.836208,-17.000000,159.000000,67.000000,14.000000,-87.000000
1610,-23.000000,-23.000000,-117.000000,12.000000,0.000000,-100.000000,-44.129311,-17.000000,159.000000,67.000000,14.000000,-87.000000
1611,-23.000000,-23.000000,-117.000000,12.000000,0.000000,-100.000000,-44.431034,-17.000000,159.000000,67.000000,14.000000,-87.000000
1612,-23.000000,-23.000000,-117.000000,12.000000,0.000000,-100.000000,-44.741379,-17.000000,159.000000,67.000000,14.000000,-87.000000
1613,-23.000000,-23.000000,-117.000000,12.000000,0.000000,-100.000000,-45.060345,-17.000000,159.000000,67.000000,14.000000,-87.000000
1614,-23.000000,-23.000000,-117.000000,12.000000,0.000000,-100.000000,-45.387932,-17.000000,159.000000,67.000000,14.000000,-87.000000
1615,-23.000000,-23.000000,-117.000000,12.000000,0.000000,-100.000000,-45.724136,-17.000000,159.000000,67.000000,14.000000,-87.000000
1616,-23.000000,-23.000000,-117.000000,12.000000,0.000000,-100.000000,-46.068966,-17.000000,159.000000,67.000000,14.000000,-87.000000
1617,-23.000000,-23.000000,-117.000000,12.000000,0.000000,-100.000000,-46.422413,-17.000000,159.000000,67.000000,14.000000,-87.000000
1618,-23.000000,-23.000000,-117.000000,12.000000,0.000000,-100.000000,-46.784481,-17.000000,159.000000,67.000000,14.000000,-87.000000
1619,-23.000000,-23.000000,-117.000000,12.000000,0.000000,-100.000000,-47.155174,-17.000000,159.000000,67.000000,14.000000,-87.000000
1620,-23.000000,-23.000000,-117.000000,12.000000,0.000000,-100.000000,-47.534481,-17.000000,159.000000,67.000000,14.000000,-87.000000
1621,-23.000000,-23.000000,-117.000000,12.000000,0.000000,-100.000000,-47.922413,-17.000000,159.000000,67.000000,14.000000,-87.000000
1622,-23.000000,-23.000000,-117.000000,12.000000,0.000000,-100.000000,-48.318966,-17.000000,159.000000,67.000000,14.000000,-87.000000
1623,-23.000000,-23.000000,-117.000000,12.000000,0.000000,-100.000000,-48.724136,-17.000000,159.000000,67.000000,14.000000,-87.000000
1624,-23.000000,-23.000000,-117.000000,12.000000,0.000000,-100.000000,-49.137932,-17.000000,159.000000,67.000000,14.000000,-87.000000
1625,-23.000000,-23.000000,-117.000000,12.000000,0.000000,-100.000000,-49.560345,-17.000000,159.000000,67.000000,14.000000,-87.000000
1626,-23.000000,-23.000000,-117.000000,12.000000,0.000000,-100.000000,-49.991379,-17.000000,159.000000,67.000000,14.000000,-87.000000
1627,-23.000000,-23.000000,-117.000000,12.000000,0.000000,-100.000000,-50.431034,-17.000000,159.000000,67.000000,14.000000,-87.000000
1628,-23.000000,-23.000000,-117.000000,12.000000,0.000000,-100.000000,-50.879311,-17.000000,159.000000,67.000000,14.000000,-87.000000
1629,-23.000000,-23.000000,-117.000000,12.000000,0.000000,-100.000000,-51.336208,-17.000000,159.000000,67.000000,14.000000,-87.000000
1630,-23.000000,-23.000000,-117.000000,12.000000,0.000000,-100.000000,-51.801723,-17.000000,159.000000,67.000000,14.000000,-87.000000
1631,-23.000000,-23.000000,-117.000000,12.000000,0.000000,-100.000000,-52.275864,-17.000000,159.000000,67.000000,14.000000,-87.000000
1632,-23.000000,-23.000000,-117.000000,12.000000,0.000000,-100.000000,-52.758621,-17.000000,159.000000,67.000000,14.000000,-87.000000
1633,-23.000000,-23.000000,-117.000000,12.000000,0.000000,-100.000000,-53.250000,-17.000000,159.000000,67.000000,14.000000,-87.000000
1634,-23.000000,-23.000000,-117.000000,12.000000,0.000000,-100.000000,-53.750000,-17.000000,159.000000,67.000000,14.000000,-87.000000
1635,-23.000000,-23.000000,-117.000000,12.000000,0.000000,-100.000000,-54.258621,-17.000000,159.000000,67.000000,14.000000,-87.000000
1636,-23.000000,-23.000000,-117.000000,12.000000,0.000000,-100.000000,-54.775864,-17.000000,159.000000,67.000000,14.000000,-87.000000
1637,-23.000000,-23.000000,-117.000000,12.000000,0.000000,-100.000000,-55.301723,-17.000000,159.000000,67.000000,14.000000,-87.000000
1638,-23.000000,-23.000000,-117.000000,12.000000,0.000000,-100.000000,-55.836208,-17.000000,159.000000,67.000000,14.000000,-87.000000
1639,-23.000000,-23.000000,-117.000000,12.000000,0.000000,-100.000000,-56.379311,-17.000000,159.000000,67.000000,14.000000,-87.000000
1640,-23.000000,-23.000000,-117.000000,12.000000,0.000000,-100.000000,-56.931034,-17.000000,159.000000,67.000000,14.000000,-87.000000
1641,-23.000000,-23.000000,-117.000000,12.000000,0.000000,-100.000000,-57.491379,-17.000000,159.000000,67.000000,14.000000,-87.000000
1642,-23.000000,-23.000000,-117.000000,12.000000,0.000000,-100.000000,-58.060345,-17.000000,159.000000,67.000000,14.000000,-87.000000
1643,-23.000000,-23.000000,-117.000000,12.000000,0.000000,-100.000000,-58.637932,-17.000000,159.000000,67.000000,14.000000,-87.000000
1644,-23.000000,-23.000000,-117.000000,12.000000,0.000000,-100.000000,-59.224136,-17.000000,159.000000,67.000000,14.000000,-87.000000
1645,-23.000000,-23.000000,-117.000000,12.000000,0.000000,-100.000000,-59.818966,-17.000000,159.000000,67.000000,14.000000,-87.000000
1646,-23.000000,-23.000000,-117.000000,12.000000,0.000000,-100.000000,-60.422413,-17.000000,159.000000,67.000000,14.000000,-87.000000
1647,-23.000000,-23.000000,-117.000000,12.000000,0.000000,-100.000000,-61.034481,-17.000000,159.000000,67.000000,14.000000,-87.000000
1648,-23.000000,-23.000000,-117.000000,12.000000,0.000000,-100.000000,-61.655174,-17.000000,159.000000,67.000000,14.000000,-87.000000
1649,-23.000000,-23.000000,-117.000000,12.000000,0.000000,-100.000000,-62.284481,-17.000000,159.000000,67.000000,14.000000,-87.000000
1650,-23.000000,-23.000000,-117.000000,12.000000,0.000000,-100.000000,-62.922413,-17.000000,159.000000,67.000000,14.000000,-87.000000
1651,-23.000000,-23.000000,-117.000000,12.000000,0.000000,-100.000000,-63.568966,-17.000000,159.000000,67.000000,14.000000,-87.000000
1652,-23.000000,-23.000000,-117.000000,12.000000,0.000000,-100.000000,-64.224136,-17.000000,159.000000,67.000000,14.000000,-87.000000
1653,-23.000000,-23.000000,-117.000000,12.000000,0.000000,-100.000000,-64.887932,-17.000000,159.000000,67.000000,14.000000,-87.000000
1654,-23.000000,-23.000000,-117.000000,12.000000,0.000000,-100.000000,-65.560349,-17.000000,159.000000,67.000000,14.000000,-87.000000
1655,-23.000000,-23.000000,-117.000000,12.000000,0.000000,-100.000000,-66.241379,-17.000000,159.000000,67.000000,14.000000,-87.000000
1656,-23.000000,-23.000000,-117.000000,12.000000,0.000000,-100.000000,-66.931038,-17.000000,159.000000,67.000000,14.000000,-87.000000
1657,-23.000000,-23.000000,-117.000000,12.000000,0.000000,-100.000000,-67.629311,-17.000000,159.000000,67.000000,14.000000,-87.000000
1658,-23.000000,-23.000000,-117.000000,12.000000,0.000000,-100.000000,-68.336205,-17.000000,159.000000,67.000000,14.000000,-87.000000
1659,-23.000000,-23.000000,-117.000000,12.000000,0.000000,-100.000000,-69.051727,-17.000000,159.000000,67.000000,14.000000,-87.000000
1660,-23.000000,-23.000000,-117.000000,12.000000,0.000000,-100.000000,-69.775864,-17.000000,159.000000,67.000000,14.000000,-87.000000
1661,-23.000000,-23.000000,-117.000000,12.000000,0.000000,-100.000000,-70.508621,-17.000000,159.000000,67.000000,14.000000,-87.000000
1662,-23.000000,-23.000000,-117.000000,12.000000,0.000000,-100.000000,-71.250000,-17.000000,159.000000,67.000000,14.000000,-87.000000
1663,-23.000000,-23.000000,-117.000000,12.000000,0.000000,-100.000000,-72.000000,-17.000000,159.000000,67.000000,14.000000,-87.000000
1664,-23.000000,-23.000000,-117.000000,12.000000,0.000000,-100.000000,-72.758621,-17.000000,159.000000,67.000000,14.000000,-87.000000
1665,-23.000000,-23.000000,-117.000000,12.000000,0.000000,-100.000000,-73.525864,-17.000000,159.000000,67.000000,14.000000,-87.000000
1666,-23.000000,-23.000000,-117.000000,12.000000,0.000000,-100.000000,-74.301727,-17.000000,159.000000,67.000000,14.000000,-87.000000
1667,-23.000000,-23.000000,-117.000000,12.000000,0.000000,-100.000000,-75.086205,-17.000000,159.000000,67.000000,14.000000,-87.000000
1668,-23.000000,-23.000000,-117.000000,12.000000,0.000000,-100.000000,-75.879311,-17.000000,159.000000,67.000000,14.000000,-87.000000
1669,-23.000000,-23.000000,-117.000000,12.000000,0.000000,-100.000000,-76.681038,-17.000000,159.000000,67.000000,14.000000,-87.000000
1670,-23.000000,-23.000000,-117.000000,12.000000,0.000000,-100.000000,-77.491379,-17.000000,159.000000,67.000000,14.000000,-87.000000
1671,-23.000000,-23.000000,-117.000000,12.000000,0.000000,-100.000000,-78.310349,-17.000000,159.000000,67.000000,14.000000,-87.000000
1672,-23.000000,-23.000000,-117.000000,12.000000,0.000000,-100.000000,-79.137932,-17.000000,159.000000,67.000000,14.000000,-87.000000
1673,-23.000000,-23.000000,-117.000000,12.000000,0.000000,-100.000000,-79.974136,-17.000000,159.000000,67.000000,14.000000,-87.000000
1674,-23.000000,-23.000000,-117.000000,12.000000,0.000000,-100.000000,-80.818962,-17.000000,159.000000,67.000000,14.000000,-87.000000
1675,-23.000000,-23.000000,-117.000000,12.000000,0.000000,-100.000000,-81.672417,-17.000000,159.000000,67.000000,14.000000,-87.000000
1676,-23.000000,-23.000000,-117.000000,12.000000,0.000000,-100.000000,-82.534485,-17.000000,159.000000,67.000000,14.000000,-87.000000
1677,-23.000000,-23.000000,-117.000000,12.000000,0.000000,-100.000000,-83.405174,-17.000000,159.000000,67.000000,14.000000,-87.000000
1678,-23.000000,-23.000000,-117.000000,12.000000,0.000000,-100.000000,-84.284485,-17.000000,159.000000,67.000000,14.000000,-87.000000
1679,-23.000000,-23.000000,-117.000000,12.000000,0.000000,-100.000000,-85.172417,-17.000000,159.000000,67.000000,14.000000,-87.000000
1680,-23.000000,-23.000000,-117.000000,12.000000,0.000000,-100.000000,-86.068962,-17.000000,159.000000,67.000000,14.000000,-87.000000
1681,-23.000000,-23.000000,-117.000000,12.000000,0.000000,-100.000000,-86.974136,-17.000000,159.000000,67.000000,14.000000,-87.000000
1682,-23.000000,-23.000000,-117.000000,12.000000,0.000000,-100.000000,-87.887932,-17.000000,159.000000,67.000000,14.000000,-87.000000
1683,-23.000000,-23.000000,-117.000000,12.000000,0.000000,-100.000000,-88.810349,-17.000000,159.000000,67.000000,14.000000,-87.000000
1684,-23.000000,-23.000000,-117.000000,12.000000,0.000000,-100.000000,-89.741379,-17.000000,159.000000,67.000000,14.000000,-87.000000
1685,-32.000000,-25.000000,-112.000000,21.000000,4.000000,-105.000000,-48.000000,-15.000000,160.000000,63.000000,13.000000,-88.000000
1686,-32.000000,-25.000000,-112.000000,21.000000,4.000000,-105.000000,-48.333332,-15.000000,160.000000,63.000000,13.000000,-88.000000
1687,-32.000000,-25.000000,-112.000000,21.000000,4.000000,-105.000000,-48.666668,-15.000000,160.000000,63.000000,13.000000,-88.000000
1688,-32.000000,-25.000000,-112.000000,21.000000,4.000000,-105.000000,-49.000000,-15.000000,160.000000,63.000000,13.000000,-88.000000
1689,-32.000000,-25.000000,-112.000000,21.000000,4.000000,-105.000000,-49.000000,-15.000000,160.000000,63.000000,13.000000,-88.000000
1690,-32.000000,-25.000000,-112.000000,21.000000,4.000000,-105.000000,-49.000000,-15.000000,160.000000,63.000000,13.000000,-88.000000
1691,-32.000000,-25.000000,-112.000000,22.000000,4.000000,-105.000000,-49.000000,-15.000000,160.000000,63.000000,13.000000,-88.000000
1692,-33.000000,-26.000000,-112.000000,22.000000,4.000000,-105.000000,-49.000000,-15.000000,160.000000,65.000000,12.000000,-88.000000
1693,-33.000000,-26.000000,-112.000000,22.000000,4.000000,-105.000000,-49.000000,-15.000000,160.000000,65.000000,12.000000,-88.000000
1694,-33.000000,-26.000000,-112.000000,22.000000,4.000000,-105.000000,-49.000000,-15.000000,160.000000,65.000000,12.000000,-88.000000
1695,-33.000000,-26.000000,-112.000000,22.000000,4.000000,-105.000000,-49.000000,-15.000000,160.000000,65.000000,12.000000,-88.000000
1696,-33.000000,-26.000000,-112.000000,22.000000,4.000000,-105.000000,-49.000000,-15.000000,160.000000,65.000000,12.000000,-88.000000
1697,-33.000000,-26.000000,-112.000000,22.000000,4.000000,-105.000000,-49.000000,-15.000000,160.000000,65.000000,12.000000,-88.000000
1698,-33.000000,-26.000000,-112.000000,22.000000,4.000000,-105.000000,-49.000000,-15.000000,160.000000,65.000000,12.000000,-88.000000
1699,-33.000000,-26.000000,-112.000000,22.000000,4.000000,-105.000000,-49.000000,-15.000000,160.000000,65.000000,12.000000,-88.000000
1700,-33.000000,-26.000000,-112.000000,22.000000,4.000000,-105.000000,-49.000000,-15.000000,160.000000,65.000000,12.000000,-88.000000
1701,-33.000000,-26.000000,-112.000000,22.000000,4.000000,-105.000000,-49.000000,-15.000000,160.000000,65.000000,12.000000,-88.000000
1702,-33.000000,-26.000000,-112.000000,22.000000,4.000000,-105.000000,-49.000000,-15.000000,160.000000,65.000000,12.000000,-88.000000
1703,-33.000000,-26.000000,-112.000000,22.000000,4.000000,-105.000000,-49.000000,-15.000000,160.000000,65.000000,12.000000,-88.000000
1704,-33.000000,-26.000000,-112.000000,22.000000,4.000000,-105.000000,-49.000000,-15.000000,160.000000,65.000000,12.000000,-88.000000
1705,-33.000000,-26.000000,-112.000000,22.000000,4.000000,-105.000000,-49.000000,-15.000000,160.000000,65.000000,12.000000,-88.000000
1706,-33.000000,-26.000000,-112.000000,24.000000,4.000000,-104.000000,-49.000000,-15.000000,160.000000,65.000000,12.000000,-88.000000
1707,-34.000000,-26.000000,-112.000000,24.000000,4.000000,-104.000000,-49.000000,-15.000000,160.000000,66.000000,12.000000,-88.000000
1708,-34.000000,-26.000000,-112.000000,24.000000,4.000000,-104.000000,-49.000000,-15.000000,160.000000,66.000000,12.000000,-88.000000
1709,-34.000000,-26.000000,-112.000000,24.000000,4.000000,-104.000000,-49.000000,-15.000000,160.000000,66.000000,12.000000,-88.000000
1710,-34.000000,-26.000000,-112.000000,24.000000,4.000000,-104.000000,-49.000000,-15.000000,160.000000,66.000000,12.000000,-88.000000
1711,-34.000000,-26.000000,-112.000000,24.000000,4.000000,-104.000000,-49.000000,-15.000000,160.000000,66.000000,12.000000,-88.000000
1712,-34.000000,-26.000000,-112.000000,24.000000,4.000000,-104.000000,-49.000000,-15.000000,160.000000,66.000000,12.000000,-88.000000
1713,-34.000000,-26.000000,-112.000000,24.000000,4.000000,-104.000000,-49.000000,-15.000000,160.000000,66.000000,12.000000,-88.000000
1714,-34.000000,-26.000000,-112.000000,24.000000,4.000000,-104.000000,-49.000000,-15.000000,160.000000,66.000000,12.000000,-88.000000
1715,-34.000000,-26.000000,-112.000000,24.000000,4.000000,-104.000000,-49.000000,-15.000000,160.000000,66.000000,12.000000,-88.000000
1716,-34.000000,-26.000000,-112.000000,24.000000,4.000000,-104.000000,-49.000000,-15.000000,160.000000,66.000000,12.000000,-88.000000
1717,-34.000000,-26.000000,-112.000000,24.000000,4.000000,-104.000000,-49.000000,-15.000000,160.000000,66.000000,12.000000,-88.000000
1718,-34.000000,-26.000000,-112.000000,24.000000,4.000000,-104.000000,-48.000000,-15.000000,159.000000,66.000000,12.000000,-88.000000
1719,-34.000000,-26.000000,-112.000000,24.000000,4.000000,-104.000000,-48.000000,-15.000000,159.000000,66.000000,12.000000,-88.000000
1720,-34.000000,-26.000000,-112.000000,24.000000,4.000000,-104.000000,-48.000000,-15.000000,159.000000,66.000000,12.000000,-88.000000
1721,-34.000000,-26.000000,-112.000000,25.000000,3.000000,-104.000000,-48.000000,-15.000000,159.000000,66.000000,12.000000,-88.000000
1722,-35.000000,-26.000000,-111.000000,25.000000,3.000000,-104.000000,-48.000000,-15.000000,159.000000,65.000000,12.000000,-88.000000
1723,-35.000000,-26.000000,-111.000000,25.000000,3.000000,-104.000000,-48.000000,-15.000000,159.000000,65.000000,12.000000,-88.000000
1724,-35.000000,-26.000000,-111.000000,25.000000,3.000000,-104.000000,-48.000000,-15.000000,159.000000,65.000000,12.000000,-88.000000
1725,-35.000000,-26.000000,-111.000000,25.000000,3.000000,-104.000000,-48.000000,-15.000000,159.000000,65.000000,12.000000,-88.000000
1726,-35.000000,-26.000000,-111.000000,25.000000,3.000000,-104.000000,-48.000000,-15.000000,159.000000,65.000000,12.000000,-88.000000
1727,-35.000000,-26.000000,-111.000000,25.000000,3.000000,-104.000000,-48.000000,-15.000000,159.000000,65.000000,12.000000,-88.000000
1728,-35.000000,-26.000000,-111.000000,25.000000,3.000000,-104.000000,-48.000000,-15.000000,159.000000,65.000000,12.000000,-88.000000
1729,-35.000000,-26.000000,-111.000000,25.000000,3.000000,-104.000000,-48.000000,-15.000000,159.000000,65.000000,12.000000,-88.000000
1730,-35.000000,-26.000000,-111.000000,25.000000,3.000000,-104.000000,-48.000000,-15.000000,159.000000,65.000000,12.000000,-88.000000
1731,-35.000000,-26.000000,-111.000000,25.000000,3.000000,-104.000000,-48.000000,-15.000000,159.000000,65.000000,12.000000,-88.000000
1732,-35.000000,-26.000000,-111.000000,25.000000,3.000000,-104.000000,-48.000000,-15.000000,159.000000,65.000000,12.000000,-88.000000
1733,-35.000000,-26.000000,-111.000000,25.000000,3.000000,-104.000000,-47.000000,-15.000000,160.000000,65.000000,12.000000,-88.000000
1734,-35.000000,-26.000000,-111.000000,25.000000,3.000000,-104.000000,-47.000000,-15.000000,160.000000,65.000000,12.000000,-88.000000
1735,-35.000000,-26.000000,-111.000000,25.000000,3.000000,-104.000000,-47.000000,-15.000000,160.000000,65.000000,12.000000,-88.000000
1736,-35.000000,-26.000000,-111.000000,26.000000,3.000000,-104.000000,-47.000000,-15.000000,160.000000,65.000000,12.000000,-88.000000
1737,-35.000000,-26.000000,-111.000000,26.000000,3.000000,-104.000000,-47.000000,-15.000000,160.000000,65.000000,12.000000,-88.000000
1738,-35.000000,-26.000000,-111.000000,26.000000,3.000000,-104.000000,-47.000000,-15.000000,160.000000,65.000000,12.000000,-88.000000
1739,-35.000000,-26.000000,-111.000000,26.000000,3.000000,-104.000000,-47.000000,-15.000000,160.000000,65.000000,12.000000,-88.000000
1740,-35.000000,-26.000000,-111.000000,26.000000,3.000000,-104.000000,-47.000000,-15.000000,160.000000,65.000000,12.000000,-88.000000
1741,-35.000000,-26.000000,-111.000000,26.000000,3.000000,-104.000000,-47.000000,-15.000000,160.000000,65.000000,12.000000,-88.000000
1742,-35.000000,-26.000000,-111.000000,26.000000,3.000000,-104.000000,-47.000000,-15.000000,160.000000,65.000000,12.000000,-88.000000
1743,-35.000000,-26.000000,-111.000000,26.000000,3.000000,-104.000000,-47.000000,-15.000000,160.000000,65.000000,12.000000,-88.000000
1744,-35.000000,-26.000000,-111.000000,26.000000,3.000000,-104.000000,-47.000000,-15.000000,160.000000,65.000000,12.000000,-88.000000
1745,-35.000000,-26.000000,-111.000000,26.000000,3.000000,-104.000000,-47.000000,-15.000000,160.000000,65.000000,12.000000,-88.000000
1746,-35.000000,-26.000000,-111.000000,26.000000,3.000000,-104.000000,-47.000000,-15.000000,160.000000,65.000000,12.000000,-88.000000
1747,-35.000000,-26.000000,-111.000000,26.000000,3.000000,-104.000000,-47.000000,-15.000000,160.000000,65.000000,12.000000,-88.000000
1748,-35.000000,-26.000000,-111.000000,26.000000,3.000000,-104.000000,-47.000000,-15.000000,160.000000,65.000000,12.000000,-88.000000
1749,-35.000000,-26.000000,-111.000000,26.000000,3.000000,-104.000000,-47.000000,-15.000000,160.000000,65.000000,12.000000,-88.000000
1750,-35.000000,-26.000000,-111.000000,26.000000,3.000000,-104.000000,-47.000000,-15.000000,160.000000,65.000000,12.000000,-88.000000
1751,-35.000000,-26.000000,-111.000000,26.000000,3.000000,-104.000000,-47.000000,-15.000000,160.000000,65.000000,12.000000,-88.000000
1752,-35.000000,-26.000000,-111.000000,26.000000,3.000000,-104.000000,-47.000000,-15.000000,160.000000,65.000000,12.000000,-88.000000
1753,-35.000000,-26.000000,-111.000000,26.000000,3.000000,-104.000000,-47.000000,-15.000000,160.000000,65.000000,12.000000,-88.000000
1754,-35.000000,-26.000000,-111.000000,26.000000,3.000000,-104.000000,-47.000000,-15.000000,160.000000,65.000000,12.000000,-88.000000
1755,-35.000000,-26.000000,-111.000000,26.000000,3.000000,-104.000000,-47.000000,-15.000000,160.000000,65.000000,12.000000,-88.000000
1756,-35.000000,-26.000000,-111.000000,26.000000,3.000000,-104.000000,-47.000000,-15.000000,160.000000,65.000000,12.000000,-88.000000
1757,-35.000000,-26.000000,-111.000000,26.000000,3.000000,-104.000000,-47.000000,-15.000000,160.000000,65.000000,12.000000,-88.000000
1758,-35.000000,-26.000000,-111.000000,26.000000,3.000000,-104.000000,-47.000000,-15.000000,160.000000,65.000000,12.000000,-88.000000
1759,-35.000000,-26.000000,-111.000000,26.000000,3.000000,-104.000000,-47.000000,-15.000000,160.000000,65.000000,12.000000,-88.000000
1760,-35.000000,-26.000000,-111.000000,26.000000,3.000000,-104.000000,-47.000000,-15.000000,160.000000,65.000000,12.000000,-88.000000
1761,-35.000000,-26.000000,-111.000000,26.000000,3.000000,-104.000000,-47.000000,-15.000000,160.000000,65.000000,12.000000,-88.000000
1762,-35.000000,-26.000000,-111.000000,26.000000,3.000000,-104.000000,-47.000000,-15.000000,160.000000,65.000000,12.000000,-88.000000
1763,-35.000000,-26.000000,-111.000000,26.000000,3.000000,-104.000000,-47.000000,-15.000000,160.000000,65.000000,12.000000,-88.000000
1764,-35.000000,-26.000000,-111.000000,26.000000,3.000000,-104.000000,-47.000000,-15.000000,160.000000,65.000000,12.000000,-88.000000
1765,-35.000000,-26.000000,-111.000000,26.000000,3.000000,-104.000000,-47.000000,-15.000000,160.000000,65.000000,12.000000,-88.000000
1766,-35.000000,-26.000000,-111.000000,26.000000,3.000000,-104.000000,-47.000000,-15.000000,160.000000,65.000000,12.000000,-88.000000
1767,-35.000000,-26.000000,-111.000000,26.000000,3.000000,-104.000000,-47.000000,-15.000000,160.000000,65.000000,12.000000,-88.000000
1768,-35.000000,-26.000000,-111.000000,26.000000,3.000000,-104.000000,-47.000000,-15.000000,160.000000,65.000000,12.000000,-88.000000
1769,-35.000000,-26.000000,-111.000000,26.000000,3.000000,-104.000000,-47.000000,-15.000000,160.000000,65.000000,12.000000,-88.000000
1770,-35.000000,-26.000000,-111.000000,26.000000,3.000000,-104.000000,-47.000000,-15.000000,160.000000,65.000000,12.000000,-88.000000
1771,-35.000000,-26.000000,-111.000000,26.000000,3.000000,-104.000000,-47.000000,-15.000000,160.000000,65.000000,12.000000,-88.000000
1772,-35.000000,-26.000000,-111.000000,26.000000,3.000000,-104.000000,-47.000000,-15.000000,160.000000,65.000000,12.000000,-88.000000
1773,-35.000000,-26.000000,-111.000000,26.000000,3.000000,-104.000000,-47.000000,-15.000000,160.000000,65.000000,12.000000,-88.000000
1774,-35.000000,-26.000000,-111.000000,26.000000,3.000000,-104.000000,-47.000000,-15.000000,160.000000,65.000000,12.000000,-88.000000
1775,-35.000000,-26.000000,-111.000000,26.000000,3.000000,-104.000000,-47.000000,-15.000000,160.000000,65.000000,12.000000,-88.000000
1776,-35.000000,-26.000000,-111.000000,26.000000,3.000000,-104.000000,-47.000000,-15.000000,160.000000,65.000000,12.000000,-88.000000
1777,-35.000000,-26.000000,-111.000000,26.000000,3.000000,-104.000000,-47.000000,-15.000000,160.000000,65.000000,12.000000,-88.000000
1778,-35.000000,-26.000000,-111.000000,26.000000,3.000000,-104.000000,-47.000000,-15.000000,160.000000,65.000000,12.000000,-88.000000
1779,-35.000000,-26.000000,-111.000000,26.000000,3.000000,-104.000000,-47.000000,-15.000000,160.000000,65.000000,12.000000,-88.000000
1780,-35.000000,-26.000000,-111.000000,26.000000,3.000000,-104.000000,-47.000000,-15.000000,160.000000,65.000000,12.000000,-88.000000
1781,-35.000000,-26.000000,-111.000000,26.000000,3.000000,-104.000000,-47.000000,-15.000000,160.000000,65.000000,12.000000,-88.000000
1782,-35.000000,-26.000000,-111.000000,26.000000,3.000000,-104.000000,-47.000000,-15.000000,160.000000,65.000000,12.000000,-88.000000
1783,-35.000000,-26.000000,-111.000000,26.000000,3.000000,-104.000000,-47.000000,-15.000000,160.000000,65.000000,12.000000,-88.000000
1784,-35.000000,-26.000000,-111.000000,26.000000,3.000000,-104.000000,-47.000000,-15.000000,160.000000,65.000000,12.000000,-88.000000
1785,-35.000000,-26.000000,-111.000000,26.000000,3.000000,-104.000000,-47.000000,-15.000000,160.000000,65.000000,12.000000,-88.000000
1786,-35.000000,-26.000000,-111.000000,26.000000,3.000000,-104.000000,-47.000000,-15.000000,160.000000,65.000000,12.000000,-88.000000
1787,-35.000000,-26.000000,-111.000000,26.000000,3.000000,-104.000000,-47.000000,-15.000000,160.000000,65.000000,12.000000,-88.000000
1788,-35.000000,-26.000000,-111.000000,26.000000,3.000000,-104.000000,-47.000000,-15.000000,160.000000,65.000000,12.000000,-88.000000
1789,-35.000000,-26.000000,-111.000000,26.000000,3.000000,-104.000000,-47.000000,-15.000000,160.000000,65.000000,12.000000,-88.000000
1790,-35.000000,-26.000000,-111.000000,26.000000,3.000000,-104.000000,-47.000000,-15.000000,160.000000,65.000000,12.000000,-88.000000
1791,-35.000000,-26.000000,-111.000000,26.000000,3.000000,-104.000000,-47.000000,-15.000000,160.000000,65.000000,12.000000,-88.000000
1792,-35.000000,-26.000000,-111.000000,26.000000,3.000000,-104.000000,-47.000000,-15.000000,160.000000,65.000000,12.000000,-88.000000
1793,-35.000000,-26.000000,-111.000000,26.000000,3.000000,-104.000000,-47.000000,-15.000000,160.000000,65.000000,12.000000,-88.000000
1794,-35.000000,-26.000000,-111.000000,26.000000,3.000000,-104.000000,-47.000000,-15.000000,160.000000,65.000000,12.000000,-88.000000
1795,-35.000000,-26.000000,-111.000000,26.000000,3.000000,-104.000000,-47.000000,-15.000000,160.000000,65.000000,12.000000,-88.000000
1796,-35.000000,-26.000000,-111.000000,26.000000,3.000000,-104.000000,-47.000000,-15.000000,160.000000,65.000000,12.000000,-88.000000
1797,-35.000000,-26.000000,-111.000000,26.000000,3.000000,-104.000000,-47.000000,-15.000000,160.000000,65.000000,12.000000,-88.000000
1798,-35.000000,-26.000000,-111.000000,26.000000,3.000000,-104.000000,-47.000000,-15.000000,160.000000,65.000000,12.000000,-88.000000
1799,-35.000000,-26.000000,-111.000000,26.000000,3.000000,-104.000000,-47.000000,-15.000000,160.000000,65.000000,12.000000,-88.000000
1800,-35.000000,-26.000000,-111.000000,26.000000,3.000000,-104.000000,-47.000000,-15.000000,160.000000,65.000000,12.000000,-88.000000
1801,-35.000000,-26.000000,-111.000000,26.000000,3.000000,-104.000000,-47.000000,-15.000000,160.000000,65.000000,12.000000,-88.000000
1802,-35.000000,-26.000000,-111.000000,26.000000,3.000000,-104.000000,-47.000000,-15.000000,160.000000,65.000000,12.000000,-88.000000
1803,-35.000000,-26.000000,-111.000000,26.000000,3.000000,-104.000000,-47.000000,-15.000000,160.000000,65.000000,12.000000,-88.000000
1804,-35.000000,-26.000000,-111.000000,26.000000,3.000000,-104.000000,-47.000000,-15.000000,160.000000,65.000000,12.000000,-88.000000
1805,-35.000000,-26.000000,-111.000000,26.000000,3.000000,-104.000000,-47.000000,-15.000000,160.000000,65.000000,12.000000,-88.000000
1806,-35.000000,-26.000000,-111.000000,26.000000,3.000000,-104.000000,-47.000000,-15.000000,160.000000,65.000000,12.000000,-88.000000
1807,-35.000000,-26.000000,-111.000000,26.000000,3.000000,-104.000000,-47.000000,-15.000000,160.000000,65.000000,12.000000,-88.000000
1808,-35.000000,-26.000000,-111.000000,26.000000,3.000000,-104.000000,-47.000000,-15.000000,160.000000,65.000000,12.000000,-88.000000
1809,-35.000000,-26.000000,-111.000000,26.000000,3.000000,-104.000000,-47.000000,-15.000000,160.000000,65.000000,12.000000,-88.000000
1810,-35.000000,-26.000000,-111.000000,26.000000,3.000000,-104.000000,-47.000000,-15.000000,160.000000,65.000000,12.000000,-88.000000
1811,-35.000000,-26.000000,-111.000000,26.000000,3.000000,-104.000000,-47.000000,-15.000000,160.000000,65.000000,12.000000,-88.000000
1812,-35.000000,-26.000000,-111.000000,26.000000,3.000000,-104.000000,-47.000000,-15.000000,160.000000,65.000000,12.000000,-88.000000
1813,-35.000000,-26.000000,-111.000000,26.000000,3.000000,-104.000000,-47.000000,-15.000000,160.000000,65.000000,12.000000,-88.000000
1814,-35.000000,-26.000000,-111.000000,26.000000,3.000000,-104.000000,-47.000000,-15.000000,160.000000,65.000000,12.000000,-88.000000
1815,-35.000000,-26.000000,-111.000000,26.000000,3.000000,-104.000000,-47.000000,-15.000000,160.000000,65.000000,12.000000,-88.000000
1816,-35.000000,-26.000000,-111.000000,26.000000,3.000000,-104.000000,-47.000000,-15.000000,160.000000,65.000000,12.000000,-88.000000
1817,-35.000000,-26.000000,-111.000000,26.000000,3.000000,-104.000000,-47.000000,-15.000000,160.000000,65.000000,12.000000,-88.000000
1818,-35.000000,-26.000000,-111.000000,26.000000,3.000000,-104.000000,-47.000000,-15.000000,160.000000,65.000000,12.000000,-88.000000
1819,-35.000000,-26.000000,-111.000000,26.000000,3.000000,-104.000000,-47.000000,-15.000000,160.000000,65.000000,12.000000,-88.000000
1820,-35.000000,-26.000000,-111.000000,26.000000,3.000000,-104.000000,-47.000000,-15.000000,160.000000,65.000000,12.000000,-88.000000
1821,-35.000000,-26.000000,-111.000000,26.000000,3.000000,-104.000000,-47.000000,-15.000000,160.000000,65.000000,12.000000,-88.000000
1822,-35.000000,-26.000000,-111.000000,26.000000,3.000000,-104.000000,-47.000000,-15.000000,160.000000,65.000000,12.000000,-88.000000
1823,-35.000000,-26.000000,-111.000000,26.000000,3.000000,-104.000000,-47.000000,-15.000000,160.000000,65.000000,12.000000,-88.000000
1824,-35.000000,-26.000000,-111.000000,26.000000,3.000000,-104.000000,-47.000000,-15.000000,160.000000,65.000000,12.000000,-88.000000
1825,-35.000000,-26.000000,-111.000000,26.000000,3.000000,-104.000000,-47.000000,-15.000000,160.000000,65.000000,12.000000,-88.000000
1826,-35.000000,-26.000000,-111.000000,26.000000,3.000000,-104.000000,-47.000000,-15.000000,160.000000,65.000000,12.000000,-88.000000
1827,-35.000000,-26.000000,-111.000000,26.000000,3.000000,-104.000000,-47.000000,-15.000000,160.000000,65.000000,12.000000,-88.000000
1828,-35.000000,-26.000000,-111.000000,26.000000,3.000000,-104.000000,-47.000000,-15.000000,160.000000,65.000000,12.000000,-88.000000
1829,-35.000000,-26.000000,-111.000000,26.000000,3.000000,-104.000000,-47.000000,-15.000000,160.000000,65.000000,12.000000,-88.000000
1830,-35.000000,-26.000000,-111.000000,26.000000,3.000000,-104.000000,-47.000000,-15.000000,160.000000,65.000000,12.000000,-88.000000
1831,-35.000000,-26.000000,-111.000000,26.000000,3.000000,-104.000000,-47.000000,-15.000000,160.000000,65.000000,12.000000,-88.000000
1832,-35.000000,-26.000000,-111.000000,26.000000,3.000000,-104.000000,-47.000000,-15.000000,160.000000,65.000000,12.000000,-88.000000
1833,-35.000000,-26.000000,-111.000000,26.000000,3.000000,-104.000000,-47.000000,-15.000000,160.000000,65.000000,12.000000,-88.000000
1834,-35.000000,-26.000000,-111.000000,26.000000,3.000000,-104.000000,-47.000000,-15.000000,160.000000,65.000000,12.000000,-88.000000
1835,-35.000000,-26.000000,-111.000000,26.000000,3.000000,-104.000000,-47.000000,-15.000000,160.000000,65.000000,12.000000,-88.000000
1836,-35.000000,-26.000000,-111.000000,26.000000,3.000000,-104.000000,-47.000000,-15.000000,160.000000,65.000000,12.000000,-88.000000
1837,-35.000000,-26.000000,-111.000000,26.000000,3.000000,-104.000000,-47.000000,-15.000000,160.000000,65.000000,12.000000,-88.000000
1838,-35.000000,-26.000000,-111.000000,26.000000,3.000000,-104.000000,-47.000000,-15.000000,160.000000,65.000000,12.000000,-88.000000
1839,-35.000000,-26.000000,-111.000000,26.000000,3.000000,-104.000000,-47.000000,-15.000000,160.000000,65.000000,12.000000,-88.000000
1840,-35.000000,-26.000000,-111.000000,26.000000,3.000000,-104.000000,-47.000000,-15.000000,160.000000,65.000000,12.000000,-88.000000
1841,-35.000000,-26.000000,-111.000000,26.000000,3.000000,-104.000000,-47.000000,-15.000000,160.000000,65.000000,12.000000,-88.000000
1842,-35.000000,-26.000000,-111.000000,26.000000,3.000000,-104.000000,-47.000000,-15.000000,160.000000,65.000000,12.000000,-88.000000
1843,-35.000000,-26.000000,-111.000000,26.000000,3.000000,-104.000000,-47.000000,-15.000000,160.000000,65.000000,12.000000,-88.000000
1844,-35.000000,-26.000000,-111.000000,26.000000,3.000000,-104.000000,-47.000000,-15.000000,160.000000,65.000000,12.000000,-88.000000
1845,-35.000000,-26.000000,-111.000000,26.000000,3.000000,-104.000000,-47.000000,-15.000000,160.000000,65.000000,12.000000,-88.000000
1846,-35.000000,-26.000000,-111.000000,26.000000,3.000000,-104.000000,-47.000000,-15.000000,160.000000,65.000000,12.000000,-88.000000
1847,-35.000000,-26.000000,-111.000000,26.000000,3.000000,-104.000000,-47.000000,-15.000000,160.000000,65.000000,12.000000,-88.000000
1848,-35.000000,-26.000000,-111.000000,26.000000,3.000000,-104.000000,-47.000000,-15.000000,160.000000,65.000000,12.000000,-88.000000
1849,-35.000000,-26.000000,-111.000000,26.000000,3.000000,-104.000000,-47.000000,-15.000000,160.000000,65.000000,12.000000,-88.000000
1850,-35.000000,-26.000000,-111.000000,26.000000,3.000000,-104.000000,-47.000000,-15.000000,160.000000,65.000000,12.000000,-88.000000
1851,-35.000000,-26.000000,-111.000000,26.000000,3.000000,-104.000000,-47.000000,-15.000000,160.000000,65.000000,12.000000,-88.000000
1852,-35.000000,-26.000000,-111.000000,26.000000,3.000000,-104.000000,-47.000000,-15.000000,160.000000,65.000000,12.000000,-88.000000
1853,-35.000000,-26.000000,-111.000000,26.000000,3.000000,-104.000000,-47.000000,-15.000000,160.000000,65.000000,12.000000,-88.000000
1854,-35.000000,-26.000000,-111.000000,26.000000,3.000000,-104.000000,-47.000000,-15.000000,160.000000,65.000000,12.000000,-88.000000
1855,-35.000000,-26.000000,-111.000000,26.000000,3.000000,-104.000000,-47.000000,-15.000000,160.000000,65.000000,12.000000,-88.000000
1856,-35.000000,-26.000000,-111.000000,26.000000,3.000000,-104.000000,-47.000000,-15.000000,160.000000,65.000000,12.000000,-88.000000
1857,-35.000000,-26.000000,-111.000000,26.000000,3.000000,-104.000000,-47.000000,-15.000000,160.000000,65.000000,12.000000,-88.000000
1858,-35.000000,-26.000000,-111.000000,26.000000,3.000000,-104.000000,-47.000000,-15.000000,160.000000,65.000000,12.000000,-88.000000
1859,-35.000000,-26.000000,-111.000000,26.000000,3.000000,-104.000000,-47.000000,-15.000000,160.000000,65.000000,12.000000,-88.000000
1860,-35.000000,-26.000000,-111.000000,26.000000,3.000000,-104.000000,-47.000000,-15.000000,160.000000,65.000000,12.000000,-88.000000
1861,-35.000000,-26.000000,-111.000000,26.000000,3.000000,-104.000000,-47.000000,-15.000000,160.000000,65.000000,12.000000,-88.000000
1862,-35.000000,-26.000000,-111.000000,26.000000,3.000000,-104.000000,-47.000000,-15.000000,160.000000,65.000000,12.000000,-88.000000
1863,-35.000000,-26.000000,-111.000000,26.000000,3.000000,-104.000000,-47.000000,-15.000000,160.000000,65.000000,12.000000,-88.000000
1864,-31.000000,-28.000000,-116.000000,29.000000,3.000000,-104.000000,-47.000000,-13.000000,160.000000,64.000000,11.000000,-89.000000
1865,-31.000000,-28.000000,-116.000000,29.000000,3.000000,-104.000000,-47.000000,-13.000000,160.000000,64.000000,11.000000,-89.000000
1866,-31.000000,-28.000000,-116.000000,29.000000,3.000000,-104.000000,-47.000000,-13.000000,160.000000,64.000000,11.000000,-89.000000
1867,-31.000000,-28.000000,-116.000000,29.000000,3.000000,-104.000000,-47.000000,-13.000000,161.000000,64.000000,11.000000,-89.000000
1868,-31.000000,-28.000000,-116.000000,29.000000,3.000000,-104.000000,-47.000000,-13.000000,161.000000,64.000000,11.000000,-89.000000
1869,-31.000000,-28.000000,-116.000000,29.000000,3.000000,-104.000000,-47.000000,-13.000000,161.000000,64.000000,11.000000,-89.000000
1870,-31.000000,-28.000000,-116.000000,29.000000,3.000000,-103.000000,-47.000000,-13.000000,161.000000,64.000000,11.000000,-89.000000
1871,-30.000000,-28.000000,-117.000000,29.000000,3.000000,-103.000000,-47.000000,-13.000000,161.000000,64.000000,11.000000,-89.000000
1872,-30.000000,-28.000000,-117.000000,29.000000,3.000000,-103.000000,-47.000000,-13.000000,161.000000,64.000000,11.000000,-89.000000
1873,-30.000000,-28.000000,-117.000000,29.000000,3.000000,-103.000000,-47.000000,-13.000000,161.000000,64.000000,11.000000,-89.000000
1874,-30.000000,-28.000000,-117.000000,29.000000,3.000000,-103.000000,-47.000000,-13.000000,161.000000,64.000000,11.000000,-89.000000
1875,-30.000000,-28.000000,-117.000000,29.000000,3.000000,-103.000000,-47.000000,-13.000000,161.000000,64.000000,11.000000,-89.000000
1876,-30.000000,-28.000000,-117.000000,29.000000,3.000000,-103.000000,-47.000000,-13.000000,161.000000,64.000000,11.000000,-89.000000
1877,-30.000000,-28.000000,-117.000000,29.000000,3.000000,-103.000000,-47.000000,-13.000000,161.000000,64.000000,11.000000,-89.000000
1878,-30.000000,-28.000000,-117.000000,29.000000,3.000000,-103.000000,-47.000000,-13.000000,161.000000,64.000000,11.000000,-89.000000
1879,-30.000000,-28.000000,-117.000000,29.000000,3.000000,-103.000000,-47.000000,-13.000000,161.000000,64.000000,11.000000,-89.000000
1880,-30.000000,-28.000000,-117.000000,29.000000,3.000000,-103.000000,-47.000000,-13.000000,161.000000,64.000000,11.000000,-89.000000
1881,-30.000000,-28.000000,-117.000000,29.000000,3.000000,-103.000000,-47.000000,-13.000000,161.000000,64.000000,11.000000,-89.000000
1882,-30.000000,-28.000000,-117.000000,29.000000,3.000000,-103.000000,-46.000000,-13.000000,161.000000,64.000000,11.000000,-89.000000
1883,-30.000000,-28.000000,-117.000000,29.000000,3.000000,-103.000000,-46.000000,-13.000000,161.000000,64.000000,11.000000,-89.000000
1884,-30.000000,-28.000000,-117.000000,29.000000,3.000000,-103.000000,-46.000000,-13.000000,161.000000,64.000000,11.000000,-89.000000
1885,-30.000000,-28.000000,-117.000000,28.000000,2.000000,-103.000000,-46.000000,-13.000000,161.000000,64.000000,11.000000,-89.000000
1886,-30.000000,-28.000000,-117.000000,28.000000,2.000000,-103.000000,-46.000000,-13.000000,161.000000,64.000000,11.000000,-89.000000
1887,-30.000000,-28.000000,-117.000000,28.000000,2.000000,-103.000000,-46.000000,-13.000000,161.000000,64.000000,11.000000,-89.000000
1888,-30.000000,-28.000000,-117.000000,28.000000,2.000000,-103.000000,-46.000000,-13.000000,161.000000,64.000000,11.000000,-89.000000
1889,-30.000000,-28.000000,-117.000000,28.000000,2.000000,-103.000000,-46.000000,-13.000000,161.000000,64.000000,11.000000,-89.000000
1890,-30.000000,-28.000000,-117.000000,28.000000,2.000000,-103.000000,-46.000000,-13.000000,161.000000,64.000000,11.000000,-89.000000
1891,-30.000000,-28.000000,-117.000000,28.000000,2.000000,-103.000000,-46.000000,-13.000000,161.000000,64.000000,11.000000,-89.000000
1892,-30.000000,-28.000000,-117.000000,28.000000,2.000000,-103.000000,-46.000000,-13.000000,161.000000,64.000000,11.000000,-89.000000
1893,-30.000000,-28.000000,-117.000000,28.000000,2.000000,-103.000000,-46.000000,-13.000000,161.000000,64.000000,11.000000,-89.000000
1894,-30.000000,-28.000000,-117.000000,28.000000,2.000000,-103.000000,-46.000000,-13.000000,161.000000,64.000000,11.000000,-89.000000
1895,-30.000000,-28.000000,-117.000000,28.000000,2.000000,-103.000000,-46.000000,-13.000000,161.000000,64.000000,11.000000,-89.000000
1896,-30.000000,-28.000000,-117.000000,28.000000,2.000000,-103.000000,-46.000000,-13.000000,161.000000,64.000000,11.000000,-89.000000
1897,-30.000000,-28.000000,-117.000000,28.000000,2.000000,-103.000000,-46.000000,-13.000000,161.000000,64.000000,11.000000,-89.000000
1898,-30.000000,-28.000000,-117.000000,28.000000,2.000000,-103.000000,-46.000000,-13.000000,161.000000,64.000000,11.000000,-89.000000
1899,-30.000000,-28.000000,-117.000000,28.000000,2.000000,-103.000000,-46.000000,-13.000000,161.000000,64.000000,11.000000,-89.000000
1900,-30.000000,-28.000000,-117.000000,28.000000,2.000000,-104.000000,-46.000000,-13.000000,161.000000,64.000000,11.000000,-89.000000
1901,-29.000000,-28.000000,-117.000000,28.000000,2.000000,-104.000000,-46.000000,-13.000000,161.000000,64.000000,11.000000,-89.000000
1902,-29.000000,-28.000000,-117.000000,28.000000,2.000000,-104.000000,-46.000000,-13.000000,161.000000,64.000000,11.000000,-89.000000
1903,-29.000000,-28.000000,-117.000000,28.000000,2.000000,-104.000000,-46.000000,-13.000000,161.000000,64.000000,11.000000,-89.000000
1904,-29.000000,-28.000000,-117.000000,28.000000,2.000000,-104.000000,-46.000000,-13.000000,161.000000,64.000000,11.000000,-89.000000
1905,-29.000000,-28.000000,-117.000000,28.000000,2.000000,-104.000000,-46.000000,-13.000000,161.000000,64.000000,11.000000,-89.000000
1906,-29.000000,-28.000000,-117.000000,28.000000,2.000000,-104.000000,-46.000000,-13.000000,161.000000,64.000000,11.000000,-89.000000
1907,-29.000000,-28.000000,-117.000000,28.000000,2.000000,-104.000000,-46.000000,-13.000000,161.000000,64.000000,11.000000,-89.000000
1908,-29.000000,-28.000000,-117.000000,28.000000,2.000000,-104.000000,-46.000000,-13.000000,161.000000,64.000000,11.000000,-89.000000
1909,-29.000000,-28.000000,-117.000000,28.000000,2.000000,-104.000000,-46.000000,-13.000000,161.000000,64.000000,11.000000,-89.000000
1910,-29.000000,-28.000000,-117.000000,28.000000,2.000000,-104.000000,-46.000000,-13.000000,161.000000,64.000000,11.000000,-89.000000
1911,-29.000000,-28.000000,-117.000000,28.000000,2.000000,-104.000000,-46.000000,-13.000000,161.000000,64.000000,11.000000,-89.000000
1912,-29.000000,-28.000000,-117.000000,28.000000,2.000000,-104.000000,-46.000000,-13.000000,161.000000,64.000000,11.000000,-89.000000
1913,-29.000000,-28.000000,-117.000000,28.000000,2.000000,-104.000000,-46.000000,-13.000000,161.000000,64.000000,11.000000,-89.000000
1914,-29.000000,-28.000000,-117.000000,28.000000,2.000000,-104.000000,-46.000000,-13.000000,161.000000,64.000000,11.000000,-89.000000
1915,-29.000000,-28.000000,-117.000000,27.000000,2.000000,-104.000000,-46.000000,-13.000000,161.000000,64.000000,11.000000,-89.000000
1916,-28.000000,-28.000000,-118.000000,27.000000,2.000000,-104.000000,-46.000000,-13.000000,161.000000,64.000000,11.000000,-89.000000
1917,-28.000000,-28.000000,-118.000000,27.000000,2.000000,-104.000000,-46.000000,-13.000000,161.000000,64.000000,11.000000,-89.000000
1918,-28.000000,-28.000000,-118.000000,27.000000,2.000000,-104.000000,-46.000000,-13.000000,161.000000,64.000000,11.000000,-89.000000
1919,-28.000000,-28.000000,-118.000000,27.000000,2.000000,-104.000000,-46.000000,-13.000000,161.000000,64.000000,11.000000,-89.000000
1920,-28.000000,-28.000000,-118.000000,27.000000,2.000000,-104.000000,-46.000000,-13.000000,161.000000,64.000000,11.000000,-89.000000
1921,-28.000000,-28.000000,-118.000000,27.000000,2.000000,-104.000000,-46.000000,-13.000000,161.000000,64.000000,11.000000,-89.000000
1922,-28.000000,-28.000000,-118.000000,27.000000,2.000000,-104.000000,-46.000000,-13.000000,161.000000,64.000000,11.000000,-89.000000
1923,-28.000000,-28.000000,-118.000000,27.000000,2.000000,-104.000000,-46.000000,-13.000000,161.000000,64.000000,11.000000,-89.000000
1924,-28.000000,-28.000000,-118.000000,27.000000,2.000000,-104.000000,-46.000000,-13.000000,161.000000,64.000000,11.000000,-89.000000
1925,-28.000000,-28.000000,-118.000000,27.000000,2.000000,-104.000000,-46.000000,-13.000000,161.000000,64.000000,11.000000,-89.000000
1926,-28.000000,-28.000000,-118.000000,27.000000,2.000000,-104.000000,-46.000000,-13.000000,161.000000,64.000000,11.000000,-89.000000
1927,-28.000000,-28.000000,-118.000000,27.000000,2.000000,-104.000000,-46.000000,-13.000000,161.000000,64.000000,11.000000,-89.000000
1928,-28.000000,-28.000000,-118.000000,27.000000,2.000000,-104.000000,-46.000000,-13.000000,161.000000,64.000000,11.000000,-89.000000
1929,-28.000000,-28.000000,-118.000000,27.000000,2.000000,-104.000000,-46.000000,-13.000000,161.000000,64.000000,11.000000,-89.000000
1930,-28.000000,-28.000000,-118.000000,27.000000,2.000000,-104.000000,-46.000000,-13.000000,161.000000,64.000000,11.000000,-89.000000
1931,-28.000000,-28.000000,-118.000000,27.000000,2.000000,-104.000000,-46.000000,-13.000000,161.000000,64.000000,11.000000,-89.000000
1932,-28.000000,-28.000000,-118.000000,27.000000,2.000000,-104.000000,-46.000000,-13.000000,161.000000,64.000000,11.000000,-89.000000
1933,-28.000000,-28.000000,-118.000000,27.000000,2.000000,-104.000000,-46.000000,-13.000000,161.000000,64.000000,11.000000,-89.000000
1934,-28.000000,-28.000000,-118.000000,27.000000,2.000000,-104.000000,-46.000000,-13.000000,161.000000,64.000000,11.000000,-89.000000
1935,-28.000000,-28.000000,-118.000000,27.000000,2.000000,-104.000000,-46.000000,-13.000000,161.000000,64.000000,11.000000,-89.000000
1936,-28.000000,-28.000000,-118.000000,27.000000,2.000000,-104.000000,-46.000000,-13.000000,161.000000,64.000000,11.000000,-89.000000
1937,-28.000000,-28.000000,-118.000000,27.000000,2.000000,-104.000000,-46.000000,-13.000000,161.000000,64.000000,11.000000,-89.000000
1938,-28.000000,-28.000000,-118.000000,27.000000,2.000000,-104.000000,-46.000000,-13.000000,161.000000,64.000000,11.000000,-89.000000
1939,-28.000000,-28.000000,-118.000000,27.000000,2.000000,-104.000000,-46.000000,-13.000000,161.000000,64.000000,11.000000,-89.000000
1940,-28.000000,-28.000000,-118.000000,27.000000,2.000000,-104.000000,-46.000000,-13.000000,161.000000,64.000000,11.000000,-89.000000
1941,-28.000000,-28.000000,-118.000000,27.000000,2.000000,-104.000000,-46.000000,-13.000000,161.000000,64.000000,11.000000,-89.000000
1942,-28.000000,-28.000000,-118.000000,27.000000,2.000000,-104.000000,-46.000000,-13.000000,161.000000,64.000000,11.000000,-89.000000
1943,-28.000000,-28.000000,-118.000000,27.000000,2.000000,-104.000000,-46.000000,-13.000000,161.000000,64.000000,11.000000,-89.000000
1944,-28.000000,-28.000000,-118.000000,27.000000,2.000000,-104.000000,-46.000000,-13.000000,161.000000,64.000000,11.000000,-89.000000
1945,-28.000000,-28.000000,-118.000000,27.000000,2.000000,-104.000000,-46.000000,-13.000000,161.000000,64.000000,11.000000,-89.000000
1946,-28.000000,-28.000000,-118.000000,27.000000,2.000000,-104.000000,-46.000000,-13.000000,161.000000,64.000000,11.000000,-89.000000
1947,-28.000000,-28.000000,-118.000000,27.000000,2.000000,-104.000000,-46.000000,-13.000000,161.000000,64.000000,11.000000,-89.000000
1948,-28.000000,-28.000000,-118.000000,27.000000,2.000000,-104.000000,-46.000000,-13.000000,161.000000,64.000000,11.000000,-89.000000
1949,-28.000000,-28.000000,-118.000000,27.000000,2.000000,-104.000000,-46.000000,-13.000000,161.000000,64.000000,11.000000,-89.000000
1950,-28.000000,-28.000000,-118.000000,27.000000,2.000000,-104.000000,-46.000000,-13.000000,161.000000,64.000000,11.000000,-89.000000
1951,-28.000000,-28.000000,-118.000000,27.000000,2.000000,-104.000000,-46.000000,-13.000000,161.000000,64.000000,11.000000,-89.000000
1952,-28.000000,-28.000000,-118.000000,27.000000,2.000000,-104.000000,-46.000000,-13.000000,161.000000,64.000000,11.000000,-89.000000
1953,-28.000000,-28.000000,-118.000000,27.000000,2.000000,-104.000000,-46.000000,-13.000000,161.000000,64.000000,11.000000,-89.000000
1954,-28.000000,-28.000000,-118.000000,27.000000,2.000000,-104.000000,-46.000000,-13.000000,161.000000,64.000000,11.000000,-89.000000
1955,-28.000000,-28.000000,-118.000000,27.000000,2.000000,-104.000000,-46.000000,-13.000000,161.000000,64.000000,11.000000,-89.000000
1956,-28.000000,-28.000000,-118.000000,27.000000,2.000000,-104.000000,-46.000000,-13.000000,161.000000,64.000000,11.000000,-89.000000
1957,-28.000000,-28.000000,-118.000000,27.000000,2.000000,-104.000000,-46.000000,-13.000000,161.000000,64.000000,11.000000,-89.000000
1958,-28.000000,-28.000000,-118.000000,27.000000,2.000000,-104.000000,-46.000000,-13.000000,161.000000,64.000000,11.000000,-89.000000
1959,-28.000000,-28.000000,-118.000000,27.000000,2.000000,-104.000000,-46.000000,-13.000000,161.000000,64.000000,11.000000,-89.000000
1960,-28.000000,-28.000000,-118.000000,27.000000,2.000000,-104.000000,-46.000000,-13.000000,161.000000,64.000000,11.000000,-89.000000
1961,-28.000000,-28.000000,-118.000000,27.000000,2.000000,-104.000000,-46.000000,-13.000000,161.000000,64.000000,11.000000,-89.000000
1962,-28.000000,-28.000000,-118.000000,27.000000,2.000000,-104.000000,-46.000000,-13.000000,161.000000,64.000000,11.000000,-89.000000
1963,-28.000000,-28.000000,-118.000000,27.000000,2.000000,-104.000000,-46.000000,-13.000000,161.000000,64.000000,11.000000,-89.000000
1964,-28.000000,-28.000000,-118.000000,27.000000,2.000000,-104.000000,-46.000000,-13.000000,161.000000,64.000000,11.000000,-89.000000
1965,-28.000000,-28.000000,-118.000000,27.000000,2.000000,-104.000000,-46.000000,-13.000000,161.000000,64.000000,11.000000,-89.000000
1966,-28.000000,-28.000000,-118.000000,27.000000,2.000000,-104.000000,-46.000000,-13.000000,161.000000,64.000000,11.000000,-89.000000
1967,-28.000000,-28.000000,-118.000000,27.000000,2.000000,-104.000000,-46.000000,-13.000000,161.000000,64.000000,11.000000,-89.000000
1968,-28.000000,-28.000000,-118.000000,27.000000,2.000000,-104.000000,-46.000000,-13.000000,161.000000,64.000000,11.000000,-89.000000
1969,-28.000000,-28.000000,-118.000000,27.000000,2.000000,-104.000000,-46.000000,-13.000000,161.000000,64.000000,11.000000,-89.000000
1970,-28.000000,-28.000000,-118.000000,27.000000,2.000000,-104.000000,-46.000000,-13.000000,161.000000,64.000000,11.000000,-89.000000
1971,-28.000000,-28.000000,-118.000000,27.000000,2.000000,-104.000000,-46.000000,-13.000000,161.000000,64.000000,11.000000,-89.000000
1972,-28.000000,-28.000000,-118.000000,27.000000,2.000000,-104.000000,-46.000000,-13.000000,161.000000,64.000000,11.000000,-89.000000
1973,-28.000000,-28.000000,-118.000000,27.000000,2.000000,-104.000000,-46.000000,-13.000000,161.000000,64.000000,11.000000,-89.000000
1974,-28.000000,-28.000000,-118.000000,27.000000,2.000000,-104.000000,-46.000000,-13.000000,161.000000,64.000000,11.000000,-89.000000
1975,-28.000000,-28.000000,-118.000000,27.000000,2.000000,-104.000000,-46.000000,-13.000000,161.000000,64.000000,11.000000,-89.000000
1976,-28.000000,-28.000000,-118.000000,27.000000,2.000000,-104.000000,-46.000000,-13.000000,161.000000,64.000000,11.000000,-89.000000
1977,-28.000000,-28.000000,-118.000000,27.000000,2.000000,-104.000000,-46.000000,-13.000000,161.000000,64.000000,11.000000,-89.000000
1978,-28.000000,-28.000000,-118.000000,27.000000,2.000000,-104.000000,-46.000000,-13.000000,161.000000,64.000000,11.000000,-89.000000
1979,-28.000000,-28.000000,-118.000000,27.000000,2.000000,-104.000000,-46.000000,-13.000000,161.000000,64.000000,11.000000,-89.000000
1980,-28.000000,-28.000000,-118.000000,27.000000,2.000000,-104.000000,-46.000000,-13.000000,161.000000,64.000000,11.000000,-89.000000
1981,-28.000000,-28.000000,-118.000000,27.000000,2.000000,-104.000000,-46.000000,-13.000000,161.000000,64.000000,11.000000,-89.000000
1982,-28.000000,-28.000000,-118.000000,27.000000,2.000000,-104.000000,-46.000000,-13.000000,161.000000,64.000000,11.000000,-89.000000
1983,-28.000000,-28.000000,-118.000000,27.000000,2.000000,-104.000000,-46.000000,-13.000000,161.000000,64.000000,11.000000,-89.000000
1984,-28.000000,-28.000000,-118.000000,27.000000,2.000000,-104.000000,-46.000000,-13.000000,161.000000,64.000000,11.000000,-89.000000
1985,-28.000000,-28.000000,-118.000000,27.000000,2.000000,-104.000000,-46.000000,-13.000000,161.000000,64.000000,11.000000,-89.000000
1986,-28.000000,-28.000000,-118.000000,27.000000,2.000000,-104.000000,-46.000000,-13.000000,161.000000,64.000000,11.000000,-89.000000
1987,-28.000000,-28.000000,-118.000000,27.000000,2.000000,-104.000000,-46.000000,-13.000000,161.000000,64.000000,11.000000,-89.000000
1988,-28.000000,-28.000000,-118.000000,27.000000,2.000000,-104.000000,-46.000000,-13.000000,161.000000,64.000000,11.000000,-89.000000
1989,-28.000000,-28.000000,-118.000000,27.000000,2.000000,-104.000000,-46.000000,-13.000000,161.000000,64.000000,11.000000,-89.000000
1990,-28.000000,-28.000000,-118.000000,27.000000,2.000000,-104.000000,-46.000000,-13.000000,161.000000,64.000000,11.000000,-89.000000
1991,-28.000000,-28.000000,-118.000000,27.000000,2.000000,-104.000000,-46.000000,-13.000000,161.000000,64.000000,11.000000,-89.000000
1992,-28.000000,-28.000000,-118.000000,27.000000,2.000000,-104.000000,-46.000000,-13.000000,161.000000,64.000000,11.000000,-89.000000
1993,-28.000000,-28.000000,-118.000000,27.000000,2.000000,-104.000000,-46.000000,-13.000000,161.000000,64.000000,11.000000,-89.000000
1994,-28.000000,-28.000000,-118.000000,27.000000,2.000000,-104.000000,-46.000000,-13.000000,161.000000,64.000000,11.000000,-89.000000
1995,-28.000000,-28.000000,-118.000000,27.000000,2.000000,-104.000000,-46.000000,-13.000000,161.000000,64.000000,11.000000,-89.000000
1996,-28.000000,-28.000000,-118.000000,27.000000,2.000000,-104.000000,-46.000000,-13.000000,161.000000,64.000000,11.000000,-89.000000
1997,-28.000000,-28.000000,-118.000000,27.000000,2.000000,-104.000000,-46.000000,-13.000000,161.000000,64.000000,11.000000,-89.000000
1998,-28.000000,-28.000000,-118.000000,27.000000,2.000000,-104.000000,-46.000000,-13.000000,161.000000,64.000000,11.000000,-89.000000
1999,-28.000000,-28.000000,-118.000000,27.000000,2.000000,-104.000000,-46.000000,-13.000000,161.000000,64.000000,11.000000,-89.000000
