time_ms,Channel_1,Channel_2,Channel_3,Channel_4,Channel_5,Channel_6,Channel_7,Channel_8
0,-11.000000,-1.000000,0.000000,0.000000,-4.000000,2.000000,8.000000,1.000000
1,-11.000000,-1.000000,-5.000000,0.000000,-4.000000,2.000000,4.000000,1.000000
2,-11.000000,0.000000,-5.000000,0.000000,-4.000000,2.000000,4.000000,0.000000
3,-8.000000,0.000000,-2.000000,3.000000,-4.000000,2.000000,4.000000,0.000000
4,-8.000000,0.000000,-2.000000,3.000000,-4.000000,2.000000,4.000000,0.000000
5,-8.000000,0.000000,0.000000,3.000000,-6.000000,2.000000,4.000000,0.000000
6,-8.000000,0.000000,0.000000,3.000000,-6.000000,2.000000,4.000000,0.000000
7,-10.000000,-4.000000,-1.000000,3.000000,-6.000000,2.000000,3.000000,-2.000000
8,-10.000000,-8.000000,-1.000000,3.000000,-6.000000,2.000000,3.000000,-2.000000
9,-10.000000,-8.000000,-1.000000,3.000000,-6.000000,2.000000,5.000000,-2.000000
10,-13.000000,-8.000000,-1.000000,0.000000,11.000000,-2.000000,5.000000,-2.000000
11,-13.000000,-1.000000,0.000000,0.000000,11.000000,-2.000000,-1.000000,-2.000000
12,-13.000000,-1.000000,0.000000,0.000000,11.000000,-2.000000,-1.000000,-2.000000
13,-13.000000,2.000000,0.000000,0.000000,11.000000,-2.000000,-7.000000,0.000000
14,-13.000000,0.000000,0.000000,0.000000,11.000000,-2.000000,-7.000000,0.000000
15,-13.000000,0.000000,3.000000,0.000000,11.000000,0.000000,-2.000000,0.000000
16,-13.000000,5.000000,3.000000,0.000000,14.000000,0.000000,-2.000000,0.000000
17,-19.000000,8.000000,6.000000,0.000000,14.000000,-1.000000,0.000000,0.000000
18,-19.000000,8.000000,6.000000,0.000000,14.000000,-1.000000,0.000000,0.000000
19,-19.000000,1.000000,2.000000,0.000000,14.000000,2.000000,-7.000000,0.000000
20,-12.000000,3.000000,2.000000,-1.000000,14.000000,2.000000,-7.000000,0.000000
21,-12.000000,3.000000,9.000000,-1.000000,-10.000000,2.000000,-3.000000,0.000000
22,-12.000000,4.000000,9.000000,-1.000000,-10.000000,0.000000,-3.000000,0.000000
23,-12.000000,2.000000,9.000000,-2.000000,-10.000000,0.000000,3.000000,0.000000
24,-5.000000,2.000000,9.000000,-2.000000,-10.000000,0.000000,3.000000,-2.000000
25,-5.000000,2.000000,3.000000,-2.000000,-10.000000,0.000000,-6.000000,-2.000000
26,-5.000000,2.000000,3.000000,-2.000000,-8.000000,0.000000,-6.000000,-2.000000
27,-15.000000,3.000000,3.000000,-1.000000,-8.000000,0.000000,-2.000000,-2.000000
28,-15.000000,3.000000,3.000000,-1.000000,-8.000000,0.000000,-2.000000,-2.000000
29,-15.000000,1.000000,0.000000,-1.000000,-8.000000,0.000000,2.000000,0.000000
30,-15.000000,1.000000,0.000000,-1.000000,-8.000000,0.000000,2.000000,0.000000
31,-13.000000,1.000000,2.000000,-1.000000,-8.000000,0.000000,-9.000000,0.000000
32,-8.000000,-3.000000,2.000000,-1.000000,6.000000,1.000000,-9.000000,0.000000
33,-26.000000,-6.000000,-3.000000,-1.000000,6.000000,1.000000,-7.000000,0.000000
34,-26.000000,-6.000000,-3.000000,-2.000000,6.000000,0.000000,-7.000000,-1.000000
35,-56.000000,3.000000,-8.000000,-2.000000,6.000000,0.000000,-1.000000,-1.000000
36,-39.000000,1.000000,-8.000000,-2.000000,6.000000,0.000000,-1.000000,-1.000000
37,-39.000000,1.000000,-1.000000,0.000000,-4.000000,0.000000,-3.000000,-1.000000
38,9.000000,-1.000000,-1.000000,0.000000,-4.000000,0.000000,-3.000000,-1.000000
39,28.000000,-2.000000,-6.000000,0.000000,-4.000000,-3.000000,-1.000000,-1.000000
40,28.000000,-2.000000,-6.000000,2.000000,-4.000000,-3.000000,-1.000000,-6.000000
41,39.000000,-11.000000,0.000000,2.000000,-4.000000,-3.000000,-1.000000,-6.000000
42,49.000000,-3.000000,0.000000,2.000000,-4.000000,-5.000000,-1.000000,-6.000000
43,49.000000,-3.000000,4.000000,2.000000,-7.000000,-5.000000,3.000000,-6.000000
44,47.000000,6.000000,4.000000,0.000000,-7.000000,-2.000000,3.000000,-6.000000
45,44.000000,1.000000,-7.000000,0.000000,-7.000000,-2.000000,13.000000,-6.000000
46,44.000000,1.000000,-7.000000,0.000000,-7.000000,-2.000000,13.000000,-6.000000
47,13.000000,4.000000,-2.000000,-1.000000,-7.000000,-4.000000,-5.000000,-6.000000
48,-8.000000,3.000000,-5.000000,-1.000000,2.000000,-4.000000,-5.000000,-6.000000
49,-8.000000,3.000000,-1.000000,-1.000000,2.000000,2.000000,-5.000000,-6.000000
50,24.000000,3.000000,-1.000000,-1.000000,2.000000,2.000000,-5.000000,3.000000
51,56.000000,3.000000,0.000000,0.000000,2.000000,2.000000,-4.000000,3.000000
52,56.000000,4.000000,0.000000,0.000000,2.000000,5.000000,-4.000000,3.000000
53,58.000000,4.000000,0.000000,0.000000,0.000000,5.000000,-4.000000,3.000000
54,61.000000,1.000000,7.000000,-4.000000,0.000000,0.000000,-4.000000,3.000000
55,71.000000,1.000000,6.000000,-4.000000,0.000000,0.000000,3.000000,3.000000
56,71.000000,1.000000,0.000000,-4.000000,0.000000,3.000000,3.000000,5.000000
57,70.000000,1.000000,2.000000,-6.000000,0.000000,3.000000,3.000000,5.000000
58,59.000000,0.000000,7.000000,-6.000000,0.000000,3.000000,3.000000,5.000000
59,59.000000,0.000000,-2.000000,-6.000000,-5.000000,2.000000,3.000000,5.000000
60,37.000000,-6.000000,2.000000,-6.000000,-5.000000,2.000000,3.000000,5.000000
61,-13.000000,-6.000000,20.000000,2.000000,-5.000000,0.000000,3.000000,1.000000
62,-13.000000,-11.000000,15.000000,2.000000,-5.000000,0.000000,3.000000,1.000000
63,-72.000000,-11.000000,8.000000,2.000000,-5.000000,0.000000,3.000000,1.000000
64,-122.000000,-6.000000,11.000000,3.000000,-5.000000,2.000000,-4.000000,1.000000
65,-122.000000,-6.000000,1.000000,3.000000,-5.000000,2.000000,-4.000000,1.000000
66,-141.000000,-1.000000,-5.000000,3.000000,-5.000000,2.000000,-4.000000,1.000000
67,-130.000000,-1.000000,-1.000000,3.000000,-5.000000,2.000000,-4.000000,2.000000
68,-130.000000,-12.000000,-8.000000,-1.000000,-5.000000,2.000000,-6.000000,2.000000
69,-120.000000,-12.000000,-14.000000,-1.000000,2.000000,1.000000,-6.000000,2.000000
70,-101.000000,-15.000000,-11.000000,-1.000000,2.000000,1.000000,-6.000000,2.000000
71,-101.000000,-15.000000,-9.000000,2.000000,2.000000,0.000000,-6.000000,2.000000
72,-70.000000,-15.000000,-9.000000,2.000000,2.000000,0.000000,-6.000000,-1.000000
73,-33.000000,-15.000000,-9.000000,2.000000,2.000000,0.000000,-3.000000,-1.000000
74,-33.000000,-14.000000,-8.000000,0.000000,2.000000,0.000000,-3.000000,-1.000000
75,-11.000000,-14.000000,-7.000000,0.000000,5.000000,0.000000,-3.000000,-1.000000
76,-7.000000,-2.000000,-5.000000,0.000000,5.000000,0.000000,-3.000000,-1.000000
77,-7.000000,10.000000,-4.000000,0.000000,5.000000,0.000000,-4.000000,0.000000
78,-40.000000,10.000000,2.000000,0.000000,5.000000,0.000000,-4.000000,0.000000
79,-50.000000,17.000000,2.000000,0.000000,5.000000,0.000000,-4.000000,0.000000
80,-50.000000,17.000000,2.000000,0.000000,1.000000,0.000000,-4.000000,0.000000
81,-44.000000,14.000000,2.000000,2.000000,1.000000,0.000000,1.000000,0.000000
82,-44.000000,14.000000,12.000000,2.000000,1.000000,0.000000,1.000000,0.000000
83,8.000000,5.000000,12.000000,2.000000,1.000000,0.000000,1.000000,1.000000
84,8.000000,5.000000,12.000000,2.000000,1.000000,0.000000,1.000000,1.000000
85,54.000000,2.000000,12.000000,1.000000,1.000000,0.000000,1.000000,1.000000
86,54.000000,2.000000,12.000000,1.000000,-1.000000,0.000000,3.000000,1.000000
87,30.000000,16.000000,18.000000,1.000000,-1.000000,0.000000,3.000000,1.000000
88,30.000000,16.000000,18.000000,1.000000,-1.000000,0.000000,3.000000,-2.000000
89,1.000000,25.000000,18.000000,1.000000,-1.000000,0.000000,3.000000,-2.000000
90,1.000000,25.000000,18.000000,1.000000,-1.000000,0.000000,-1.000000,-2.000000
91,37.000000,18.000000,18.000000,-4.000000,2.000000,0.000000,-1.000000,-2.000000
92,37.000000,18.000000,14.000000,-4.000000,2.000000,0.000000,-1.000000,-2.000000
93,47.000000,18.000000,14.000000,-4.000000,2.000000,0.000000,-1.000000,-2.000000
94,47.000000,18.000000,14.000000,-4.000000,2.000000,0.000000,-1.000000,0.000000
95,11.000000,10.000000,14.000000,-6.000000,2.000000,0.000000,2.000000,0.000000
96,11.000000,10.000000,14.000000,-6.000000,-3.000000,0.000000,2.000000,0.000000
97,0.000000,-11.000000,6.000000,-6.000000,-3.000000,0.000000,2.000000,0.000000
98,0.000000,-11.000000,6.000000,3.000000,-3.000000,0.000000,2.000000,0.000000
99,2.000000,-17.000000,6.000000,3.000000,-3.000000,0.000000,1.000000,0.000000
100,2.000000,-17.000000,6.000000,3.000000,-3.000000,0.000000,1.000000,0.000000
101,9.000000,-15.000000,6.000000,3.000000,-3.000000,0.000000,1.000000,0.000000
102,9.000000,-15.000000,0.000000,2.000000,-6.000000,0.000000,1.000000,0.000000
103,24.000000,-10.000000,0.000000,2.000000,-6.000000,0.000000,4.000000,0.000000
104,24.000000,-10.000000,0.000000,2.000000,-6.000000,0.000000,4.000000,0.000000
105,30.000000,-7.000000,0.000000,0.000000,-6.000000,0.000000,4.000000,0.000000
106,30.000000,-7.000000,0.000000,0.000000,-6.000000,0.000000,4.000000,0.000000
107,8.000000,-5.000000,1.000000,0.000000,0.000000,0.000000,4.000000,0.000000
108,-12.000000,-5.000000,1.000000,0.000000,0.000000,0.000000,7.000000,0.000000
109,-12.000000,0.000000,1.000000,0.000000,0.000000,0.000000,7.000000,0.000000
110,-13.000000,0.000000,1.000000,0.000000,0.000000,0.000000,7.000000,0.000000
111,-13.000000,0.000000,1.000000,0.000000,0.000000,0.000000,7.000000,0.000000
112,-24.000000,0.000000,-2.000000,0.000000,-3.000000,0.000000,0.000000,0.000000
113,-24.000000,0.000000,-2.000000,-1.000000,-3.000000,0.000000,0.000000,0.000000
114,-40.000000,0.000000,-2.000000,-1.000000,-3.000000,0.000000,0.000000,0.000000
115,-40.000000,0.000000,-2.000000,-1.000000,-3.000000,0.000000,0.000000,0.000000
116,-41.000000,0.000000,-2.000000,0.000000,-3.000000,0.000000,0.000000,0.000000
117,-41.000000,0.000000,-2.000000,0.000000,-3.000000,0.000000,0.000000,0.000000
118,-21.000000,0.000000,-2.000000,0.000000,-3.000000,0.000000,0.000000,0.000000
119,-21.000000,0.000000,-2.000000,0.000000,-3.000000,0.000000,0.000000,0.000000
120,1.000000,0.000000,-2.000000,0.000000,-3.000000,0.000000,0.000000,-2.000000
121,1.000000,0.000000,0.000000,0.000000,-3.000000,0.000000,-6.000000,-2.000000
122,0.000000,0.000000,0.000000,0.000000,-3.000000,0.000000,-6.000000,-2.000000
123,0.000000,0.000000,0.000000,1.000000,-2.000000,0.000000,-6.000000,-2.000000
124,-16.000000,0.000000,0.000000,1.000000,-2.000000,0.000000,-6.000000,-2.000000
125,-16.000000,0.000000,0.000000,1.000000,-2.000000,0.000000,-8.000000,-2.000000
126,-27.000000,0.000000,-6.000000,1.000000,-2.000000,0.000000,-8.000000,-2.000000
127,-27.000000,0.000000,-6.000000,1.000000,-2.000000,1.000000,-8.000000,-2.000000
128,-19.000000,0.000000,-6.000000,1.000000,-2.000000,1.000000,-8.000000,-2.000000
129,-19.000000,0.000000,-6.000000,1.000000,-2.000000,1.000000,-8.000000,-1.000000
130,-6.000000,0.000000,-6.000000,-1.000000,-2.000000,1.000000,-1.000000,-1.000000
131,-6.000000,0.000000,-10.000000,-1.000000,-2.000000,1.000000,-1.000000,-1.000000
132,-12.000000,0.000000,-10.000000,-1.000000,-2.000000,1.000000,-1.000000,-1.000000
133,-12.000000,0.000000,-10.000000,-1.000000,-2.000000,1.000000,-1.000000,-1.000000
134,-19.000000,0.000000,-10.000000,-1.000000,0.000000,1.000000,0.000000,-1.000000
135,-19.000000,0.000000,-10.000000,-1.000000,0.000000,1.000000,0.000000,-1.000000
136,-31.000000,0.000000,-10.000000,-1.000000,0.000000,1.000000,0.000000,-1.000000
137,-31.000000,-7.000000,-10.000000,-1.000000,0.000000,1.000000,0.000000,0.000000
138,-48.000000,-7.000000,-10.000000,-1.000000,0.000000,0.000000,2.000000,0.000000
139,-48.000000,-7.000000,-10.000000,-1.000000,0.000000,0.000000,2.000000,0.000000
140,18.000000,-7.000000,-10.000000,0.000000,0.000000,0.000000,2.000000,0.000000
141,107.000000,-7.000000,-9.000000,0.000000,0.000000,0.000000,2.000000,0.000000
142,130.000000,-7.000000,-9.000000,0.000000,0.000000,0.000000,2.000000,0.000000
143,130.000000,-7.000000,-9.000000,-1.000000,0.000000,0.000000,-4.000000,0.000000
144,167.000000,-7.000000,-9.000000,-1.000000,0.000000,0.000000,-4.000000,0.000000
145,207.000000,-7.000000,-9.000000,0.000000,1.000000,0.000000,-4.000000,0.000000
146,207.000000,-7.000000,-10.000000,0.000000,1.000000,0.000000,-4.000000,-2.000000
147,193.000000,-7.000000,-10.000000,-2.000000,1.000000,0.000000,-4.000000,-2.000000
148,137.000000,-7.000000,-10.000000,-2.000000,1.000000,0.000000,-4.000000,-2.000000
149,137.000000,-7.000000,-10.000000,-2.000000,1.000000,0.000000,-4.000000,-2.000000
150,73.000000,-7.000000,-10.000000,-7.000000,1.000000,-1.000000,-4.000000,-2.000000
151,15.000000,-7.000000,-6.000000,-7.000000,1.000000,-1.000000,1.000000,-2.000000
152,15.000000,-7.000000,-6.000000,3.000000,1.000000,-1.000000,1.000000,-2.000000
153,-52.000000,-7.000000,-6.000000,3.000000,1.000000,-1.000000,1.000000,-2.000000
154,-117.000000,-7.000000,-6.000000,3.000000,1.000000,-1.000000,1.000000,-2.000000
155,-117.000000,-7.000000,-4.000000,4.000000,1.000000,-1.000000,1.000000,-1.000000
156,-157.000000,-7.000000,-4.000000,4.000000,1.000000,-1.000000,0.000000,-1.000000
157,-153.000000,-7.000000,-4.000000,-3.000000,1.000000,-1.000000,0.000000,-1.000000
158,-153.000000,-7.000000,-4.000000,-3.000000,1.000000,-1.000000,0.000000,-1.000000
159,-142.000000,-7.000000,-4.000000,-3.000000,1.000000,-1.000000,0.000000,-1.000000
160,-125.000000,-7.000000,-4.000000,1.000000,1.000000,-1.000000,8.000000,-1.000000
161,-125.000000,-7.000000,-4.000000,1.000000,1.000000,0.000000,8.000000,-1.000000
162,-75.000000,-7.000000,-4.000000,0.000000,1.000000,0.000000,8.000000,-1.000000
163,-49.000000,-7.000000,-4.000000,0.000000,1.000000,0.000000,8.000000,-1.000000
164,-32.000000,-7.000000,-4.000000,0.000000,1.000000,0.000000,8.000000,0.000000
165,-32.000000,-7.000000,0.000000,-1.000000,1.000000,0.000000,2.000000,0.000000
166,-21.000000,-19.000000,0.000000,-1.000000,4.000000,0.000000,2.000000,0.000000
167,-39.000000,-19.000000,0.000000,0.000000,4.000000,0.000000,2.000000,0.000000
168,-39.000000,-19.000000,0.000000,0.000000,4.000000,0.000000,2.000000,0.000000
169,-39.000000,-19.000000,0.000000,0.000000,4.000000,0.000000,-5.000000,0.000000
170,-35.000000,-19.000000,1.000000,0.000000,4.000000,0.000000,-5.000000,0.000000
171,-35.000000,-19.000000,1.000000,0.000000,4.000000,0.000000,-5.000000,0.000000
172,-30.000000,-19.000000,1.000000,2.000000,12.000000,0.000000,-5.000000,0.000000
173,-18.000000,-19.000000,1.000000,2.000000,9.000000,0.000000,2.000000,0.000000
174,-18.000000,-19.000000,1.000000,2.000000,9.000000,0.000000,2.000000,0.000000
175,-26.000000,-19.000000,-5.000000,2.000000,4.000000,0.000000,2.000000,0.000000
176,-6.000000,-19.000000,-5.000000,2.000000,4.000000,0.000000,2.000000,0.000000
177,-6.000000,-19.000000,-5.000000,0.000000,6.000000,0.000000,2.000000,0.000000
178,42.000000,-19.000000,-5.000000,0.000000,6.000000,0.000000,1.000000,0.000000
179,73.000000,-19.000000,-5.000000,-1.000000,3.000000,0.000000,1.000000,0.000000
180,73.000000,-19.000000,-6.000000,-1.000000,3.000000,0.000000,1.000000,0.000000
181,88.000000,-19.000000,-6.000000,-1.000000,-1.000000,0.000000,1.000000,0.000000
182,69.000000,-19.000000,-6.000000,0.000000,-1.000000,0.000000,-5.000000,0.000000
183,69.000000,-19.000000,-6.000000,0.000000,-5.000000,-1.000000,-5.000000,0.000000
184,44.000000,-19.000000,-6.000000,0.000000,-5.000000,-1.000000,-5.000000,0.000000
185,57.000000,-19.000000,-2.000000,0.000000,-1.000000,-1.000000,-5.000000,0.000000
186,57.000000,-19.000000,-2.000000,0.000000,-1.000000,-1.000000,-5.000000,0.000000
187,2.000000,-19.000000,-2.000000,0.000000,3.000000,-1.000000,0.000000,0.000000
188,2.000000,-19.000000,-2.000000,0.000000,3.000000,-1.000000,0.000000,0.000000
189,-5.000000,-19.000000,-2.000000,0.000000,-6.000000,-1.000000,0.000000,0.000000
190,-5.000000,-19.000000,4.000000,0.000000,-6.000000,-1.000000,0.000000,0.000000
191,-5.000000,-19.000000,4.000000,0.000000,-6.000000,-1.000000,0.000000,0.000000
192,0.000000,-19.000000,4.000000,0.000000,-6.000000,-1.000000,0.000000,0.000000
193,0.000000,-19.000000,4.000000,0.000000,-1.000000,-1.000000,0.000000,0.000000
194,0.000000,-19.000000,13.000000,0.000000,-1.000000,-1.000000,0.000000,0.000000
195,6.000000,-11.000000,13.000000,0.000000,-5.000000,-1.000000,0.000000,0.000000
196,6.000000,-11.000000,13.000000,0.000000,-5.000000,-1.000000,3.000000,0.000000
197,6.000000,-11.000000,13.000000,0.000000,0.000000,-1.000000,3.000000,0.000000
198,14.000000,-11.000000,13.000000,0.000000,0.000000,-1.000000,3.000000,0.000000
199,14.000000,-11.000000,10.000000,0.000000,2.000000,-1.000000,3.000000,-2.000000
200,14.000000,-11.000000,10.000000,0.000000,2.000000,-1.000000,3.000000,-2.000000
201,15.000000,-11.000000,10.000000,0.000000,-4.000000,-1.000000,2.000000,-2.000000
202,15.000000,-11.000000,10.000000,0.000000,-3.000000,-1.000000,2.000000,-2.000000
203,15.000000,-11.000000,10.000000,0.000000,-3.000000,-1.000000,2.000000,-2.000000
204,17.000000,-11.000000,3.000000,0.000000,-3.000000,-1.000000,2.000000,-2.000000
205,17.000000,-11.000000,3.000000,0.000000,-3.000000,-1.000000,2.000000,-2.000000
206,17.000000,-11.000000,3.000000,0.000000,-5.000000,0.000000,4.000000,-2.000000
207,17.000000,-11.000000,3.000000,-1.000000,-5.000000,0.000000,4.000000,-2.000000
208,17.000000,-11.000000,3.000000,-1.000000,0.000000,0.000000,4.000000,-1.000000
209,17.000000,-11.000000,4.000000,-1.000000,0.000000,0.000000,4.000000,-1.000000
210,0.000000,-11.000000,4.000000,-1.000000,0.000000,0.000000,4.000000,-1.000000
211,0.000000,-11.000000,4.000000,-1.000000,0.000000,0.000000,8.000000,-1.000000
212,0.000000,-11.000000,4.000000,-1.000000,-3.000000,0.000000,8.000000,-1.000000
213,-11.000000,-11.000000,4.000000,-1.000000,-3.000000,0.000000,8.000000,-1.000000
214,-11.000000,-11.000000,3.000000,-1.000000,0.000000,0.000000,8.000000,-1.000000
215,-11.000000,-11.000000,3.000000,-1.000000,0.000000,0.000000,8.000000,-1.000000
216,-10.000000,-11.000000,3.000000,-1.000000,-1.000000,0.000000,3.000000,-1.000000
217,-10.000000,-11.000000,3.000000,-1.000000,-1.000000,0.000000,3.000000,-1.000000
218,-10.000000,-11.000000,3.000000,-1.000000,-8.000000,0.000000,3.000000,-1.000000
219,-18.000000,-11.000000,1.000000,-1.000000,-8.000000,0.000000,3.000000,-1.000000
220,-18.000000,-11.000000,1.000000,-1.000000,-5.000000,0.000000,3.000000,-1.000000
221,-18.000000,-11.000000,1.000000,-1.000000,-5.000000,0.000000,4.000000,-1.000000
222,-12.000000,-11.000000,1.000000,-1.000000,16.000000,0.000000,4.000000,-1.000000
223,-12.000000,-11.000000,1.000000,-1.000000,16.000000,0.000000,4.000000,-1.000000
224,-12.000000,-11.000000,-2.000000,-1.000000,9.000000,0.000000,4.000000,-1.000000
225,4.000000,-11.000000,-2.000000,-1.000000,9.000000,0.000000,4.000000,0.000000
226,4.000000,-11.000000,-2.000000,-1.000000,-7.000000,0.000000,0.000000,0.000000
227,4.000000,-11.000000,-2.000000,0.000000,-7.000000,0.000000,0.000000,0.000000
228,3.000000,-11.000000,-2.000000,0.000000,2.000000,0.000000,0.000000,0.000000
229,3.000000,-11.000000,-5.000000,0.000000,2.000000,0.000000,0.000000,0.000000
230,3.000000,-11.000000,-5.000000,0.000000,1.000000,0.000000,0.000000,0.000000
231,0.000000,-11.000000,-5.000000,0.000000,1.000000,0.000000,-5.000000,0.000000
232,0.000000,-11.000000,-5.000000,0.000000,-3.000000,0.000000,-5.000000,0.000000
233,0.000000,-11.000000,-5.000000,0.000000,-3.000000,0.000000,-5.000000,0.000000
234,2.000000,-11.000000,-4.000000,0.000000,5.000000,0.000000,-5.000000,2.000000
235,2.000000,-11.000000,-4.000000,0.000000,5.000000,0.000000,-5.000000,2.000000
236,9.000000,-11.000000,-4.000000,0.000000,1.000000,0.000000,3.000000,2.000000
237,9.000000,-11.000000,1.000000,0.000000,1.000000,0.000000,3.000000,2.000000
238,9.000000,-11.000000,1.000000,0.000000,-2.000000,0.000000,3.000000,2.000000
239,22.000000,-11.000000,1.000000,0.000000,-11.000000,1.000000,3.000000,2.000000
240,22.000000,-11.000000,2.000000,0.000000,-11.000000,1.000000,3.000000,2.000000
241,22.000000,-11.000000,2.000000,0.000000,-6.000000,1.000000,3.000000,2.000000
242,34.000000,-11.000000,2.000000,0.000000,1.000000,1.000000,3.000000,2.000000
243,34.000000,-11.000000,2.000000,0.000000,1.000000,1.000000,3.000000,1.000000
244,34.000000,-11.000000,-5.000000,0.000000,0.000000,1.000000,3.000000,1.000000
245,43.000000,-11.000000,-5.000000,0.000000,0.000000,1.000000,0.000000,1.000000
246,43.000000,-11.000000,-5.000000,0.000000,0.000000,1.000000,0.000000,1.000000
247,43.000000,-11.000000,-2.000000,-1.000000,0.000000,1.000000,0.000000,1.000000
248,50.000000,-11.000000,-2.000000,-1.000000,-4.000000,1.000000,0.000000,1.000000
249,50.000000,-11.000000,-2.000000,-1.000000,-4.000000,1.000000,0.000000,1.000000
250,50.000000,-11.000000,-2.000000,-1.000000,-5.000000,1.000000,-2.000000,1.000000
251,40.000000,-11.000000,0.000000,-1.000000,-1.000000,2.000000,-2.000000,1.000000
252,40.000000,-11.000000,0.000000,-1.000000,-1.000000,2.000000,-2.000000,0.000000
253,40.000000,-11.000000,0.000000,-1.000000,-3.000000,2.000000,-2.000000,0.000000
254,20.000000,-11.000000,-2.000000,-1.000000,-2.000000,2.000000,-2.000000,0.000000
255,20.000000,-11.000000,-2.000000,-1.000000,-2.000000,2.000000,-14.000000,0.000000
256,20.000000,-11.000000,-2.000000,-1.000000,0.000000,2.000000,-14.000000,0.000000
257,35.000000,-11.000000,-2.000000,-1.000000,-2.000000,2.000000,-14.000000,0.000000
258,35.000000,-11.000000,3.000000,-1.000000,3.000000,2.000000,-14.000000,0.000000
259,35.000000,-11.000000,3.000000,-1.000000,3.000000,2.000000,-14.000000,0.000000
260,43.000000,-11.000000,3.000000,-1.000000,7.000000,2.000000,-10.000000,0.000000
261,43.000000,-11.000000,9.000000,-1.000000,5.000000,2.000000,-10.000000,0.000000
262,43.000000,-11.000000,9.000000,-1.000000,5.000000,0.000000,-10.000000,0.000000
263,2.000000,-11.000000,9.000000,-1.000000,1.000000,0.000000,-10.000000,0.000000
264,2.000000,-11.000000,6.000000,-1.000000,-3.000000,0.000000,-10.000000,0.000000
265,2.000000,-11.000000,6.000000,-1.000000,-3.000000,0.000000,1.000000,0.000000
266,-56.000000,-11.000000,6.000000,-1.000000,-3.000000,0.000000,1.000000,0.000000
267,-56.000000,-11.000000,6.000000,0.000000,-1.000000,0.000000,1.000000,0.000000
268,-56.000000,-11.000000,1.000000,0.000000,-1.000000,0.000000,1.000000,0.000000
269,-105.000000,-11.000000,1.000000,0.000000,1.000000,0.000000,1.000000,-1.000000
270,-105.000000,-11.000000,1.000000,0.000000,3.000000,0.000000,7.000000,-1.000000
271,-105.000000,-11.000000,0.000000,0.000000,3.000000,0.000000,7.000000,-1.000000
272,-81.000000,-11.000000,0.000000,0.000000,-2.000000,0.000000,7.000000,-1.000000
273,-81.000000,-11.000000,0.000000,0.000000,-3.000000,-1.000000,7.000000,-1.000000
274,-81.000000,-11.000000,0.000000,0.000000,-3.000000,-1.000000,7.000000,-1.000000
275,-36.000000,-11.000000,1.000000,0.000000,0.000000,-1.000000,8.000000,-1.000000
276,-36.000000,-11.000000,1.000000,0.000000,-2.000000,-1.000000,8.000000,-1.000000
277,-36.000000,-11.000000,1.000000,0.000000,-2.000000,-1.000000,8.000000,-1.000000
278,-27.000000,-11.000000,0.000000,0.000000,0.000000,-1.000000,8.000000,0.000000
279,-27.000000,-11.000000,0.000000,0.000000,0.000000,-1.000000,8.000000,0.000000
280,-27.000000,-11.000000,0.000000,0.000000,0.000000,-1.000000,4.000000,0.000000
281,35.000000,-5.000000,0.000000,0.000000,-9.000000,-1.000000,4.000000,0.000000
282,43.000000,-5.000000,1.000000,0.000000,-9.000000,-1.000000,4.000000,0.000000
283,-13.000000,-5.000000,1.000000,0.000000,-9.000000,-1.000000,4.000000,0.000000
284,-66.000000,-5.000000,1.000000,0.000000,-9.000000,-1.000000,4.000000,0.000000
285,-53.000000,-5.000000,1.000000,0.000000,-9.000000,-1.000000,3.000000,0.000000
286,-39.000000,-5.000000,1.000000,0.000000,-9.000000,-1.000000,3.000000,0.000000
287,-6.000000,-5.000000,1.000000,-1.000000,-9.000000,-1.000000,3.000000,1.000000
288,17.000000,-5.000000,3.000000,-1.000000,-9.000000,-1.000000,3.000000,1.000000
289,53.000000,-5.000000,3.000000,-1.000000,-9.000000,-1.000000,3.000000,1.000000
290,67.000000,-5.000000,3.000000,-1.000000,-5.000000,-1.000000,-2.000000,1.000000
291,36.000000,-5.000000,3.000000,-1.000000,-5.000000,-1.000000,-2.000000,1.000000
292,-19.000000,-5.000000,1.000000,-1.000000,-5.000000,-1.000000,-2.000000,1.000000
293,-24.000000,-5.000000,1.000000,-1.000000,-5.000000,-1.000000,-2.000000,1.000000
294,-11.000000,-5.000000,1.000000,-1.000000,-5.000000,-1.000000,-7.000000,1.000000
295,-25.000000,-5.000000,-8.000000,-1.000000,-5.000000,0.000000,-7.000000,1.000000
296,-28.000000,-5.000000,-8.000000,-1.000000,-5.000000,0.000000,-7.000000,1.000000
297,-18.000000,-5.000000,-8.000000,-1.000000,-5.000000,0.000000,-7.000000,1.000000
298,-18.000000,-5.000000,-8.000000,-1.000000,-5.000000,0.000000,-7.000000,1.000000
299,-18.000000,-5.000000,0.000000,-1.000000,-5.000000,0.000000,-14.000000,1.000000
300,-8.000000,-5.000000,0.000000,-1.000000,-3.000000,0.000000,-14.000000,1.000000
301,-8.000000,-5.000000,0.000000,-1.000000,-3.000000,0.000000,-14.000000,1.000000
302,-8.000000,-5.000000,5.000000,-1.000000,-3.000000,0.000000,-14.000000,1.000000
303,-8.000000,-5.000000,5.000000,-1.000000,-3.000000,0.000000,-14.000000,1.000000
304,-1.000000,-5.000000,5.000000,-1.000000,-3.000000,0.000000,-14.000000,0.000000
305,-1.000000,-5.000000,5.000000,-1.000000,-3.000000,0.000000,-14.000000,0.000000
306,-1.000000,-5.000000,-2.000000,-1.000000,-3.000000,0.000000,-14.000000,0.000000
307,-1.000000,-5.000000,-2.000000,-1.000000,-3.000000,0.000000,-14.000000,0.000000
308,8.000000,-5.000000,-2.000000,-1.000000,-3.000000,0.000000,-14.000000,0.000000
309,8.000000,-5.000000,-1.000000,-1.000000,-3.000000,0.000000,-1.000000,0.000000
310,8.000000,-7.000000,-1.000000,-1.000000,0.000000,0.000000,-1.000000,0.000000
311,8.000000,-7.000000,-1.000000,-1.000000,0.000000,0.000000,-1.000000,0.000000
312,12.000000,-7.000000,-1.000000,-1.000000,0.000000,0.000000,-1.000000,0.000000
313,12.000000,-7.000000,6.000000,-1.000000,0.000000,0.000000,-1.000000,0.000000
314,12.000000,-7.000000,6.000000,-1.000000,0.000000,0.000000,7.000000,0.000000
315,12.000000,-7.000000,6.000000,-1.000000,0.000000,0.000000,7.000000,0.000000
316,8.000000,-7.000000,6.000000,-1.000000,0.000000,0.000000,7.000000,0.000000
317,8.000000,-7.000000,6.000000,-1.000000,0.000000,0.000000,7.000000,0.000000
318,8.000000,-7.000000,6.000000,-1.000000,0.000000,-1.000000,7.000000,0.000000
319,8.000000,-7.000000,0.000000,-1.000000,0.000000,-1.000000,6.000000,0.000000
320,11.000000,-7.000000,0.000000,-1.000000,-7.000000,-1.000000,6.000000,0.000000
321,11.000000,-7.000000,0.000000,-1.000000,-7.000000,-1.000000,6.000000,0.000000
322,11.000000,-7.000000,0.000000,-1.000000,-7.000000,-1.000000,6.000000,0.000000
323,11.000000,-7.000000,-2.000000,-1.000000,-7.000000,-1.000000,6.000000,0.000000
324,14.000000,-7.000000,-2.000000,-1.000000,-7.000000,-1.000000,3.000000,0.000000
325,14.000000,-7.000000,-2.000000,-1.000000,-7.000000,-1.000000,3.000000,0.000000
326,14.000000,-7.000000,-9.000000,-1.000000,-7.000000,-1.000000,3.000000,0.000000
327,14.000000,-7.000000,-9.000000,0.000000,-7.000000,-1.000000,3.000000,0.000000
328,18.000000,-7.000000,-9.000000,0.000000,-7.000000,-1.000000,3.000000,0.000000
329,18.000000,-7.000000,-9.000000,0.000000,-2.000000,-1.000000,-2.000000,0.000000
330,18.000000,-7.000000,-8.000000,0.000000,-2.000000,-1.000000,-2.000000,0.000000
331,18.000000,-7.000000,-8.000000,0.000000,-2.000000,-1.000000,-2.000000,1.000000
332,16.000000,-7.000000,-8.000000,0.000000,-2.000000,-1.000000,-2.000000,1.000000
333,16.000000,-7.000000,-3.000000,0.000000,-2.000000,-1.000000,-2.000000,1.000000
334,16.000000,-7.000000,-3.000000,0.000000,-2.000000,-1.000000,-10.000000,1.000000
335,16.000000,-7.000000,-3.000000,0.000000,-2.000000,-1.000000,-10.000000,1.000000
336,14.000000,-7.000000,-3.000000,0.000000,-2.000000,-1.000000,-10.000000,1.000000
337,14.000000,-7.000000,-2.000000,0.000000,-2.000000,-1.000000,-10.000000,1.000000
338,14.000000,-7.000000,-2.000000,0.000000,-2.000000,-1.000000,-10.000000,1.000000
339,16.000000,0.000000,-2.000000,0.000000,-4.000000,-1.000000,-12.000000,0.000000
340,16.000000,0.000000,6.000000,0.000000,-4.000000,-5.000000,-12.000000,0.000000
341,16.000000,0.000000,6.000000,0.000000,-4.000000,-5.000000,-12.000000,0.000000
342,16.000000,0.000000,6.000000,0.000000,-4.000000,-5.000000,-12.000000,0.000000
343,10.000000,0.000000,6.000000,0.000000,-4.000000,-5.000000,-12.000000,0.000000
344,10.000000,0.000000,1.000000,0.000000,-4.000000,-5.000000,-6.000000,0.000000
345,10.000000,0.000000,2.000000,0.000000,-4.000000,-5.000000,0.000000,0.000000
346,10.000000,0.000000,-2.000000,0.000000,-4.000000,-5.000000,0.000000,0.000000
347,1.000000,0.000000,-7.000000,0.000000,-4.000000,-5.000000,0.000000,0.000000
348,1.000000,0.000000,-2.000000,0.000000,-4.000000,-5.000000,-9.000000,-2.000000
349,1.000000,0.000000,5.000000,0.000000,-1.000000,-5.000000,-5.000000,-2.000000
350,1.000000,0.000000,0.000000,0.000000,-1.000000,-5.000000,-5.000000,-2.000000
351,-11.000000,0.000000,-7.000000,0.000000,-1.000000,-5.000000,6.000000,-2.000000
352,-11.000000,0.000000,1.000000,0.000000,-1.000000,-12.000000,6.000000,-2.000000
353,-11.000000,0.000000,11.000000,0.000000,-1.000000,-12.000000,6.000000,-2.000000
354,-11.000000,0.000000,6.000000,0.000000,-1.000000,-12.000000,5.000000,-2.000000
355,-27.000000,0.000000,8.000000,0.000000,-1.000000,-12.000000,-2.000000,-2.000000
356,-27.000000,0.000000,11.000000,0.000000,-1.000000,-12.000000,-2.000000,-2.000000
357,-27.000000,0.000000,0.000000,0.000000,-1.000000,-12.000000,-2.000000,-1.000000
358,-27.000000,0.000000,-3.000000,0.000000,-1.000000,-12.000000,0.000000,-1.000000
359,-28.000000,0.000000,-6.000000,0.000000,2.000000,-12.000000,-11.000000,-1.000000
360,-28.000000,0.000000,-19.000000,0.000000,2.000000,-12.000000,-11.000000,-1.000000
361,-28.000000,0.000000,-26.000000,0.000000,2.000000,-12.000000,-8.000000,-1.000000
362,-28.000000,0.000000,-38.000000,0.000000,2.000000,-12.000000,1.000000,-1.000000
363,-17.000000,0.000000,-26.000000,0.000000,2.000000,-1.000000,1.000000,-1.000000
364,-17.000000,0.000000,0.000000,0.000000,2.000000,-1.000000,9.000000,-1.000000
365,-17.000000,0.000000,1.000000,0.000000,2.000000,-1.000000,23.000000,-1.000000
366,-17.000000,0.000000,5.000000,0.000000,2.000000,-1.000000,23.000000,0.000000
367,-2.000000,0.000000,7.000000,1.000000,2.000000,-1.000000,29.000000,0.000000
368,-2.000000,5.000000,9.000000,1.000000,2.000000,-1.000000,30.000000,0.000000
369,-2.000000,5.000000,18.000000,1.000000,6.000000,-1.000000,32.000000,0.000000
370,-2.000000,5.000000,8.000000,1.000000,6.000000,-1.000000,32.000000,0.000000
371,5.000000,5.000000,0.000000,1.000000,6.000000,-1.000000,7.000000,0.000000
372,5.000000,5.000000,8.000000,1.000000,6.000000,-1.000000,-39.000000,0.000000
373,5.000000,5.000000,14.000000,1.000000,6.000000,-1.000000,-39.000000,0.000000
374,5.000000,5.000000,11.000000,1.000000,6.000000,10.000000,-50.000000,0.000000
375,22.000000,5.000000,3.000000,1.000000,6.000000,10.000000,-29.000000,1.000000
376,22.000000,5.000000,5.000000,1.000000,6.000000,10.000000,-29.000000,0.000000
377,22.000000,5.000000,-2.000000,1.000000,6.000000,10.000000,-17.000000,0.000000
378,22.000000,5.000000,6.000000,1.000000,7.000000,10.000000,-19.000000,0.000000
379,36.000000,5.000000,-3.000000,1.000000,7.000000,10.000000,-10.000000,2.000000
380,36.000000,5.000000,2.000000,1.000000,7.000000,10.000000,-10.000000,3.000000
381,36.000000,5.000000,-3.000000,1.000000,7.000000,10.000000,17.000000,3.000000
382,29.000000,5.000000,-2.000000,1.000000,7.000000,10.000000,25.000000,0.000000
383,29.000000,5.000000,-1.000000,1.000000,7.000000,10.000000,25.000000,-1.000000
384,29.000000,5.000000,2.000000,1.000000,7.000000,10.000000,18.000000,-2.000000
385,29.000000,5.000000,-8.000000,1.000000,7.000000,2.000000,20.000000,-2.000000
386,14.000000,5.000000,-4.000000,1.000000,7.000000,2.000000,20.000000,0.000000
387,14.000000,5.000000,-4.000000,2.000000,7.000000,2.000000,12.000000,0.000000
388,14.000000,5.000000,-2.000000,2.000000,-1.000000,2.000000,5.000000,0.000000
389,14.000000,5.000000,-3.000000,2.000000,-1.000000,2.000000,5.000000,1.000000
390,11.000000,5.000000,-3.000000,2.000000,-1.000000,2.000000,1.000000,1.000000
391,11.000000,5.000000,0.000000,2.000000,-1.000000,2.000000,2.000000,2.000000
392,11.000000,5.000000,1.000000,2.000000,-1.000000,2.000000,16.000000,2.000000
393,11.000000,5.000000,1.000000,2.000000,-1.000000,2.000000,15.000000,1.000000
394,8.000000,5.000000,5.000000,2.000000,-1.000000,2.000000,8.000000,0.000000
395,8.000000,5.000000,6.000000,2.000000,-1.000000,2.000000,6.000000,0.000000
396,8.000000,5.000000,6.000000,2.000000,-1.000000,0.000000,-1.000000,-1.000000
397,8.000000,0.000000,3.000000,2.000000,-1.000000,0.000000,-3.000000,0.000000
398,-18.000000,0.000000,9.000000,2.000000,-5.000000,0.000000,-7.000000,1.000000
399,-18.000000,0.000000,9.000000,2.000000,-5.000000,0.000000,-9.000000,0.000000
400,-18.000000,0.000000,8.000000,2.000000,-5.000000,0.000000,-7.000000,0.000000
401,-18.000000,0.000000,3.000000,2.000000,-5.000000,0.000000,-7.000000,0.000000
402,-33.000000,0.000000,3.000000,2.000000,-5.000000,0.000000,-6.000000,0.000000
403,-33.000000,0.000000,7.000000,2.000000,-5.000000,0.000000,-13.000000,0.000000
404,-33.000000,0.000000,5.000000,2.000000,-5.000000,0.000000,-17.000000,1.000000
405,-33.000000,0.000000,5.000000,2.000000,-5.000000,0.000000,1.000000,3.000000
406,-22.000000,0.000000,-1.000000,2.000000,-5.000000,0.000000,12.000000,-1.000000
407,-22.000000,0.000000,-2.000000,-1.000000,-5.000000,0.000000,5.000000,-1.000000
408,-22.000000,0.000000,-2.000000,-1.000000,0.000000,0.000000,1.000000,-1.000000
409,-22.000000,0.000000,6.000000,-1.000000,0.000000,0.000000,-3.000000,-1.000000
410,-9.000000,0.000000,6.000000,-1.000000,0.000000,0.000000,0.000000,-1.000000
411,-9.000000,0.000000,6.000000,-1.000000,0.000000,0.000000,8.000000,-1.000000
412,-9.000000,0.000000,0.000000,-1.000000,0.000000,0.000000,3.000000,-2.000000
413,-9.000000,0.000000,-2.000000,-1.000000,0.000000,0.000000,2.000000,-2.000000
414,6.000000,0.000000,-9.000000,-1.000000,0.000000,0.000000,4.000000,-2.000000
415,6.000000,0.000000,-9.000000,-1.000000,0.000000,0.000000,1.000000,-2.000000
416,6.000000,0.000000,-8.000000,-1.000000,0.000000,0.000000,-1.000000,-2.000000
417,6.000000,0.000000,-5.000000,-1.000000,5.000000,0.000000,-6.000000,-2.000000
418,21.000000,0.000000,-5.000000,-1.000000,5.000000,0.000000,0.000000,-2.000000
419,21.000000,0.000000,-3.000000,-1.000000,5.000000,-4.000000,1.000000,-1.000000
420,21.000000,0.000000,6.000000,-1.000000,5.000000,-4.000000,-6.000000,-1.000000
421,21.000000,0.000000,6.000000,-1.000000,5.000000,-4.000000,-8.000000,-1.000000
422,22.000000,0.000000,-2.000000,-1.000000,5.000000,-4.000000,37.000000,-1.000000
423,2.000000,0.000000,-10.000000,-1.000000,5.000000,-4.000000,3.000000,-1.000000
424,1.000000,0.000000,-10.000000,-1.000000,5.000000,-4.000000,-3.000000,-1.000000
425,8.000000,1.000000,-3.000000,-1.000000,5.000000,-4.000000,-3.000000,-1.000000
426,7.000000,1.000000,0.000000,-1.000000,5.000000,-4.000000,-10.000000,-2.000000
427,3.000000,1.000000,0.000000,0.000000,3.000000,-4.000000,-22.000000,-2.000000
428,-9.000000,1.000000,7.000000,0.000000,3.000000,-4.000000,-44.000000,-2.000000
429,-10.000000,1.000000,8.000000,0.000000,3.000000,-4.000000,-49.000000,-2.000000
430,-13.000000,1.000000,8.000000,0.000000,3.000000,-6.000000,-25.000000,-2.000000
431,6.000000,1.000000,10.000000,0.000000,3.000000,-6.000000,0.000000,-2.000000
432,5.000000,1.000000,24.000000,0.000000,3.000000,-6.000000,15.000000,-2.000000
433,-7.000000,1.000000,24.000000,0.000000,3.000000,-6.000000,20.000000,0.000000
434,-14.000000,1.000000,15.000000,0.000000,3.000000,-6.000000,17.000000,0.000000
435,-15.000000,1.000000,0.000000,0.000000,3.000000,-6.000000,17.000000,0.000000
436,9.000000,1.000000,0.000000,0.000000,3.000000,-6.000000,19.000000,0.000000
437,-5.000000,1.000000,-24.000000,0.000000,-2.000000,-6.000000,16.000000,0.000000
438,1.000000,1.000000,-24.000000,0.000000,-2.000000,-6.000000,5.000000,0.000000
439,1.000000,1.000000,-24.000000,0.000000,-2.000000,-6.000000,-7.000000,0.000000
440,27.000000,1.000000,-24.000000,0.000000,-2.000000,-6.000000,-18.000000,0.000000
441,27.000000,1.000000,-24.000000,0.000000,-2.000000,1.000000,-16.000000,0.000000
442,39.000000,1.000000,-24.000000,0.000000,-2.000000,1.000000,11.000000,0.000000
443,39.000000,1.000000,-52.000000,0.000000,-2.000000,1.000000,23.000000,0.000000
444,21.000000,1.000000,-52.000000,0.000000,-2.000000,1.000000,-3.000000,0.000000
445,21.000000,1.000000,-52.000000,0.000000,-2.000000,1.000000,-25.000000,0.000000
446,-7.000000,1.000000,-52.000000,0.000000,-2.000000,1.000000,-33.000000,0.000000
447,-7.000000,1.000000,-52.000000,2.000000,-1.000000,1.000000,-29.000000,0.000000
448,-20.000000,1.000000,-52.000000,2.000000,-1.000000,1.000000,-19.000000,0.000000
449,-20.000000,1.000000,-69.000000,2.000000,-1.000000,1.000000,0.000000,0.000000
450,-19.000000,1.000000,-69.000000,2.000000,-1.000000,1.000000,16.000000,0.000000
451,-19.000000,1.000000,-69.000000,2.000000,-1.000000,1.000000,7.000000,0.000000
452,-15.000000,1.000000,-69.000000,2.000000,-1.000000,1.000000,18.000000,0.000000
453,-15.000000,1.000000,-69.000000,2.000000,-1.000000,0.000000,49.000000,0.000000
454,-15.000000,2.000000,-69.000000,2.000000,-1.000000,1.000000,40.000000,0.000000
455,-15.000000,2.000000,-69.000000,2.000000,-1.000000,0.000000,13.000000,0.000000
456,-11.000000,2.000000,-56.000000,2.000000,-1.000000,0.000000,13.000000,0.000000
457,-11.000000,2.000000,-56.000000,2.000000,-1.000000,0.000000,7.000000,0.000000
458,-10.000000,2.000000,-56.000000,2.000000,-1.000000,0.000000,0.000000,0.000000
459,-10.000000,2.000000,-56.000000,2.000000,-1.000000,0.000000,0.000000,0.000000
460,-17.000000,2.000000,-56.000000,2.000000,-1.000000,0.000000,-14.000000,0.000000
461,-17.000000,2.000000,-56.000000,2.000000,-1.000000,0.000000,-17.000000,0.000000
462,-21.000000,2.000000,-34.000000,2.000000,-1.000000,0.000000,-17.000000,0.000000
463,-21.000000,2.000000,-34.000000,2.000000,-1.000000,-5.000000,-23.000000,0.000000
464,-13.000000,2.000000,-34.000000,2.000000,-1.000000,-4.000000,-24.000000,0.000000
465,-13.000000,2.000000,-34.000000,2.000000,-1.000000,-4.000000,-24.000000,0.000000
466,-7.000000,2.000000,-34.000000,2.000000,-7.000000,3.000000,-9.000000,0.000000
467,-7.000000,2.000000,-34.000000,0.000000,-7.000000,1.000000,10.000000,0.000000
468,-12.000000,2.000000,-11.000000,0.000000,-7.000000,1.000000,10.000000,0.000000
469,-12.000000,2.000000,-11.000000,0.000000,-7.000000,0.000000,19.000000,0.000000
470,-5.000000,2.000000,-11.000000,0.000000,-7.000000,1.000000,8.000000,0.000000
471,-5.000000,2.000000,-11.000000,0.000000,-7.000000,1.000000,8.000000,0.000000
472,0.000000,2.000000,-11.000000,0.000000,-7.000000,0.000000,-9.000000,0.000000
473,0.000000,2.000000,-11.000000,0.000000,-7.000000,1.000000,-7.000000,0.000000
474,-9.000000,2.000000,-11.000000,0.000000,-7.000000,1.000000,-7.000000,1.000000
475,-9.000000,2.000000,-5.000000,0.000000,-7.000000,0.000000,3.000000,1.000000
476,0.000000,2.000000,-5.000000,0.000000,-2.000000,0.000000,30.000000,1.000000
477,0.000000,2.000000,-5.000000,0.000000,-2.000000,-2.000000,49.000000,1.000000
478,19.000000,2.000000,-5.000000,0.000000,-2.000000,-2.000000,49.000000,1.000000
479,19.000000,2.000000,-5.000000,0.000000,-2.000000,-5.000000,17.000000,1.000000
480,26.000000,2.000000,-5.000000,0.000000,-2.000000,-2.000000,-5.000000,1.000000
481,26.000000,2.000000,-91.000000,0.000000,-2.000000,-2.000000,-5.000000,-1.000000
482,29.000000,2.000000,-91.000000,0.000000,-2.000000,0.000000,-8.000000,-1.000000
483,29.000000,5.000000,-91.000000,0.000000,-2.000000,7.000000,-18.000000,-1.000000
484,24.000000,5.000000,-91.000000,0.000000,-2.000000,7.000000,-18.000000,-1.000000
485,24.000000,5.000000,-91.000000,0.000000,-2.000000,2.000000,-10.000000,-1.000000
486,13.000000,5.000000,-91.000000,0.000000,4.000000,-8.000000,-15.000000,-1.000000
487,13.000000,5.000000,-205.000000,0.000000,4.000000,-8.000000,-15.000000,-1.000000
488,-4.000000,5.000000,-205.000000,0.000000,4.000000,4.000000,-20.000000,0.000000
489,-4.000000,5.000000,-205.000000,0.000000,4.000000,2.000000,-11.000000,0.000000
490,-16.000000,5.000000,-205.000000,0.000000,4.000000,2.000000,-11.000000,0.000000
491,-16.000000,5.000000,-205.000000,0.000000,4.000000,0.000000,-13.000000,0.000000
492,-14.000000,5.000000,-205.000000,0.000000,4.000000,6.000000,-10.000000,0.000000
493,-14.000000,5.000000,-205.000000,0.000000,4.000000,6.000000,-10.000000,0.000000
494,-21.000000,5.000000,-157.000000,0.000000,4.000000,0.000000,-8.000000,0.000000
495,-21.000000,5.000000,-157.000000,0.000000,4.000000,2.000000,-2.000000,0.000000
496,-21.000000,5.000000,-157.000000,0.000000,-3.000000,2.000000,-2.000000,0.000000
497,-21.000000,5.000000,-157.000000,0.000000,-3.000000,-2.000000,15.000000,0.000000
498,-17.000000,5.000000,-157.000000,0.000000,-3.000000,-6.000000,14.000000,0.000000
499,-17.000000,5.000000,-157.000000,0.000000,-3.000000,-6.000000,14.000000,0.000000
500,80.000000,5.000000,-27.000000,0.000000,-3.000000,4.000000,11.000000,0.000000
501,80.000000,5.000000,-27.000000,0.000000,-3.000000,2.000000,11.000000,0.000000
502,-16.000000,5.000000,-27.000000,0.000000,-3.000000,2.000000,7.000000,0.000000
503,-16.000000,5.000000,-27.000000,0.000000,-3.000000,2.000000,7.000000,0.000000
504,-16.000000,5.000000,-27.000000,0.000000,-3.000000,2.000000,7.000000,0.000000
505,-50.000000,5.000000,-27.000000,0.000000,0.000000,2.000000,-4.000000,0.000000
506,-50.000000,5.000000,-17.000000,0.000000,0.000000,2.000000,-4.000000,0.000000
507,-50.000000,5.000000,-17.000000,1.000000,0.000000,1.000000,-4.000000,0.000000
508,-28.000000,5.000000,-17.000000,1.000000,0.000000,1.000000,-12.000000,1.000000
509,-28.000000,5.000000,-17.000000,1.000000,0.000000,2.000000,-12.000000,1.000000
510,-28.000000,5.000000,-17.000000,1.000000,0.000000,2.000000,-12.000000,1.000000
511,8.000000,5.000000,-17.000000,1.000000,0.000000,1.000000,-13.000000,1.000000
512,8.000000,8.000000,-17.000000,1.000000,0.000000,1.000000,-13.000000,1.000000
513,8.000000,8.000000,-17.000000,1.000000,0.000000,0.000000,-13.000000,1.000000
514,30.000000,8.000000,-17.000000,1.000000,0.000000,0.000000,5.000000,1.000000
515,30.000000,8.000000,-17.000000,1.000000,0.000000,2.000000,5.000000,0.000000
516,30.000000,8.000000,-17.000000,1.000000,0.000000,2.000000,5.000000,0.000000
517,29.000000,8.000000,-17.000000,1.000000,0.000000,-3.000000,27.000000,0.000000
518,29.000000,8.000000,-17.000000,1.000000,0.000000,-3.000000,27.000000,0.000000
519,29.000000,8.000000,26.000000,1.000000,0.000000,-5.000000,27.000000,0.000000
520,28.000000,8.000000,26.000000,1.000000,0.000000,-5.000000,28.000000,0.000000
521,28.000000,8.000000,26.000000,1.000000,0.000000,6.000000,28.000000,0.000000
522,28.000000,8.000000,26.000000,1.000000,0.000000,6.000000,28.000000,1.000000
523,-3.000000,8.000000,26.000000,1.000000,0.000000,5.000000,6.000000,1.000000
524,-3.000000,8.000000,26.000000,1.000000,0.000000,5.000000,6.000000,1.000000
525,-3.000000,8.000000,25.000000,1.000000,0.000000,-1.000000,6.000000,1.000000
526,-49.000000,8.000000,25.000000,1.000000,0.000000,-1.000000,-17.000000,1.000000
527,-49.000000,8.000000,25.000000,-1.000000,0.000000,0.000000,-17.000000,1.000000
528,-49.000000,8.000000,25.000000,-1.000000,0.000000,0.000000,-17.000000,1.000000
529,-72.000000,8.000000,25.000000,-1.000000,0.000000,0.000000,-14.000000,0.000000
530,-72.000000,8.000000,25.000000,-1.000000,0.000000,0.000000,-14.000000,0.000000
531,-72.000000,8.000000,25.000000,-1.000000,0.000000,0.000000,-14.000000,0.000000
532,-74.000000,8.000000,61.000000,-1.000000,0.000000,1.000000,0.000000,0.000000
533,-74.000000,8.000000,61.000000,-1.000000,0.000000,1.000000,0.000000,0.000000
534,-74.000000,8.000000,61.000000,-1.000000,0.000000,0.000000,0.000000,0.000000
535,-38.000000,8.000000,61.000000,-1.000000,3.000000,0.000000,-3.000000,0.000000
536,-38.000000,8.000000,61.000000,-1.000000,3.000000,1.000000,-3.000000,0.000000
537,-38.000000,8.000000,61.000000,-1.000000,3.000000,1.000000,-3.000000,0.000000
538,23.000000,8.000000,112.000000,-1.000000,3.000000,0.000000,6.000000,0.000000
539,23.000000,8.000000,112.000000,-1.000000,3.000000,0.000000,6.000000,0.000000
540,23.000000,8.000000,112.000000,-1.000000,3.000000,-6.000000,6.000000,0.000000
541,42.000000,4.000000,112.000000,-1.000000,3.000000,-6.000000,15.000000,0.000000
542,42.000000,4.000000,112.000000,-1.000000,3.000000,-12.000000,15.000000,2.000000
543,42.000000,4.000000,112.000000,-1.000000,3.000000,-12.000000,15.000000,2.000000
544,-13.000000,4.000000,106.000000,-1.000000,3.000000,-11.000000,-29.000000,2.000000
545,-13.000000,4.000000,106.000000,-1.000000,-9.000000,-11.000000,-29.000000,2.000000
546,-13.000000,4.000000,106.000000,-1.000000,-9.000000,-5.000000,-29.000000,2.000000
547,-76.000000,4.000000,106.000000,-7.000000,-9.000000,-5.000000,-69.000000,2.000000
548,-76.000000,4.000000,106.000000,-7.000000,-9.000000,-2.000000,-69.000000,2.000000
549,-141.000000,4.000000,106.000000,-7.000000,-9.000000,-2.000000,-81.000000,0.000000
550,-141.000000,4.000000,106.000000,-7.000000,-9.000000,-8.000000,-81.000000,0.000000
551,-141.000000,4.000000,88.000000,-7.000000,-9.000000,-8.000000,-81.000000,0.000000
552,-193.000000,4.000000,88.000000,-7.000000,-9.000000,-9.000000,-68.000000,0.000000
553,-193.000000,4.000000,88.000000,-7.000000,-9.000000,-9.000000,-68.000000,0.000000
554,-193.000000,4.000000,88.000000,-7.000000,-5.000000,-3.000000,-68.000000,0.000000
555,-168.000000,4.000000,88.000000,-7.000000,-5.000000,-3.000000,-18.000000,0.000000
556,-168.000000,4.000000,88.000000,-7.000000,-5.000000,-4.000000,-18.000000,0.000000
557,-168.000000,4.000000,67.000000,-7.000000,-5.000000,-4.000000,-18.000000,0.000000
558,-81.000000,4.000000,67.000000,-7.000000,-5.000000,1.000000,-8.000000,0.000000
559,-81.000000,4.000000,67.000000,-7.000000,-5.000000,1.000000,-8.000000,0.000000
560,-81.000000,4.000000,67.000000,-7.000000,-5.000000,11.000000,-8.000000,0.000000
561,34.000000,4.000000,67.000000,-7.000000,-5.000000,11.000000,-17.000000,0.000000
562,34.000000,4.000000,67.000000,-7.000000,-5.000000,9.000000,-17.000000,0.000000
563,34.000000,4.000000,62.000000,-7.000000,-5.000000,6.000000,-17.000000,-3.000000
564,129.000000,4.000000,62.000000,-7.000000,-3.000000,5.000000,36.000000,-3.000000
565,129.000000,4.000000,62.000000,-7.000000,-3.000000,3.000000,36.000000,-3.000000
566,129.000000,4.000000,62.000000,-7.000000,-3.000000,5.000000,36.000000,-3.000000
567,189.000000,4.000000,62.000000,-14.000000,-3.000000,6.000000,77.000000,-3.000000
568,189.000000,4.000000,62.000000,-14.000000,-3.000000,2.000000,77.000000,-3.000000
569,189.000000,8.000000,62.000000,-14.000000,-3.000000,3.000000,77.000000,-3.000000
570,236.000000,8.000000,42.000000,-14.000000,-3.000000,3.000000,59.000000,-9.000000
571,236.000000,8.000000,42.000000,-14.000000,-3.000000,-4.000000,59.000000,-9.000000
572,236.000000,8.000000,42.000000,-14.000000,-3.000000,-4.000000,59.000000,-9.000000
573,228.000000,8.000000,42.000000,-14.000000,-3.000000,4.000000,49.000000,-9.000000
574,228.000000,8.000000,42.000000,-14.000000,-10.000000,6.000000,49.000000,-9.000000
575,228.000000,8.000000,42.000000,-14.000000,-10.000000,4.000000,49.000000,-9.000000
576,164.000000,8.000000,9.000000,-14.000000,-10.000000,1.000000,32.000000,-9.000000
577,164.000000,8.000000,9.000000,-14.000000,-10.000000,-1.000000,32.000000,0.000000
578,164.000000,8.000000,9.000000,-14.000000,-10.000000,0.000000,32.000000,0.000000
579,87.000000,8.000000,9.000000,-14.000000,-10.000000,-1.000000,5.000000,0.000000
580,87.000000,8.000000,9.000000,-14.000000,-10.000000,-2.000000,5.000000,0.000000
581,87.000000,8.000000,9.000000,-14.000000,-10.000000,0.000000,5.000000,0.000000
582,44.000000,8.000000,-13.000000,-14.000000,-10.000000,0.000000,-9.000000,0.000000
583,44.000000,8.000000,-13.000000,-14.000000,-10.000000,-1.000000,-9.000000,2.000000
584,44.000000,8.000000,-13.000000,-14.000000,-3.000000,0.000000,-9.000000,2.000000
585,52.000000,8.000000,-13.000000,-14.000000,-3.000000,-2.000000,-30.000000,2.000000
586,52.000000,8.000000,-13.000000,-14.000000,-3.000000,-2.000000,-30.000000,2.000000
587,52.000000,8.000000,-13.000000,-11.000000,-3.000000,-1.000000,-30.000000,2.000000
588,51.000000,8.000000,-13.000000,-11.000000,-3.000000,0.000000,-18.000000,2.000000
589,51.000000,8.000000,-64.000000,-11.000000,-3.000000,0.000000,-18.000000,2.000000
590,51.000000,8.000000,-64.000000,-11.000000,-3.000000,3.000000,-18.000000,-1.000000
591,-6.000000,8.000000,-64.000000,-11.000000,-3.000000,4.000000,-5.000000,-1.000000
592,-6.000000,8.000000,-64.000000,-11.000000,-3.000000,-2.000000,-5.000000,-1.000000
593,-6.000000,8.000000,-64.000000,-11.000000,-3.000000,0.000000,-5.000000,-1.000000
594,-74.000000,8.000000,-64.000000,-11.000000,0.000000,-6.000000,0.000000,-1.000000
595,-74.000000,8.000000,-93.000000,-11.000000,0.000000,-3.000000,0.000000,-1.000000
596,-74.000000,8.000000,-93.000000,-11.000000,0.000000,-1.000000,0.000000,-1.000000
597,-117.000000,8.000000,-93.000000,-11.000000,0.000000,-4.000000,3.000000,2.000000
598,-117.000000,7.000000,-93.000000,-11.000000,0.000000,0.000000,3.000000,2.000000
599,-117.000000,7.000000,-93.000000,-11.000000,0.000000,0.000000,3.000000,2.000000
600,-143.000000,7.000000,-93.000000,-11.000000,0.000000,0.000000,-1.000000,2.000000
601,-143.000000,7.000000,-43.000000,-11.000000,0.000000,0.000000,-1.000000,2.000000
602,-143.000000,7.000000,-43.000000,-11.000000,0.000000,-2.000000,-1.000000,2.000000
603,-143.000000,7.000000,-43.000000,-11.000000,0.000000,-2.000000,-1.000000,2.000000
604,-151.000000,7.000000,-43.000000,-11.000000,0.000000,-8.000000,-22.000000,1.000000
605,-151.000000,7.000000,-43.000000,-11.000000,0.000000,-9.000000,-22.000000,1.000000
606,-151.000000,7.000000,-43.000000,-11.000000,0.000000,0.000000,-22.000000,1.000000
607,-130.000000,7.000000,-43.000000,-1.000000,0.000000,1.000000,-17.000000,1.000000
608,-130.000000,7.000000,29.000000,-1.000000,0.000000,-2.000000,-17.000000,1.000000
609,-130.000000,7.000000,29.000000,-1.000000,-2.000000,-4.000000,-17.000000,1.000000
610,-130.000000,7.000000,29.000000,-1.000000,-2.000000,-5.000000,-17.000000,1.000000
611,-78.000000,7.000000,29.000000,-1.000000,-2.000000,1.000000,9.000000,1.000000
612,-78.000000,7.000000,29.000000,-1.000000,-2.000000,3.000000,9.000000,1.000000
613,-78.000000,7.000000,29.000000,-1.000000,-2.000000,0.000000,9.000000,1.000000
614,-61.000000,7.000000,27.000000,-1.000000,-2.000000,3.000000,17.000000,1.000000
615,-61.000000,7.000000,27.000000,-1.000000,-2.000000,1.000000,17.000000,1.000000
616,-61.000000,7.000000,27.000000,-1.000000,-2.000000,0.000000,17.000000,1.000000
617,-116.000000,7.000000,27.000000,-1.000000,-2.000000,1.000000,4.000000,1.000000
618,-116.000000,7.000000,27.000000,-1.000000,-2.000000,0.000000,4.000000,0.000000
619,-116.000000,7.000000,27.000000,-1.000000,-2.000000,0.000000,4.000000,0.000000
620,-116.000000,7.000000,-3.000000,-1.000000,-2.000000,-4.000000,4.000000,0.000000
621,-142.000000,7.000000,-3.000000,-1.000000,-2.000000,3.000000,-5.000000,0.000000
622,-142.000000,7.000000,-3.000000,-1.000000,-2.000000,5.000000,-5.000000,0.000000
623,-142.000000,7.000000,-3.000000,-1.000000,-2.000000,1.000000,-5.000000,0.000000
624,-122.000000,7.000000,-3.000000,-1.000000,0.000000,3.000000,-3.000000,0.000000
625,-122.000000,7.000000,-3.000000,-1.000000,0.000000,1.000000,-3.000000,0.000000
626,-122.000000,7.000000,-3.000000,-1.000000,0.000000,1.000000,-3.000000,0.000000
627,-122.000000,1.000000,75.000000,3.000000,0.000000,7.000000,-3.000000,0.000000
628,-111.000000,1.000000,75.000000,3.000000,0.000000,7.000000,-2.000000,0.000000
629,-111.000000,1.000000,75.000000,3.000000,0.000000,7.000000,-2.000000,0.000000
630,-111.000000,1.000000,75.000000,3.000000,0.000000,7.000000,-2.000000,0.000000
631,-120.000000,1.000000,75.000000,3.000000,0.000000,7.000000,-4.000000,0.000000
632,-120.000000,1.000000,75.000000,3.000000,0.000000,1.000000,-4.000000,0.000000
633,-120.000000,1.000000,175.000000,3.000000,0.000000,1.000000,-4.000000,0.000000
634,-54.000000,1.000000,175.000000,3.000000,0.000000,1.000000,-4.000000,0.000000
635,-54.000000,1.000000,175.000000,3.000000,0.000000,1.000000,-4.000000,0.000000
636,-54.000000,1.000000,175.000000,3.000000,0.000000,1.000000,-4.000000,0.000000
637,-54.000000,1.000000,175.000000,3.000000,0.000000,-2.000000,-4.000000,0.000000
638,110.000000,1.000000,175.000000,3.000000,0.000000,-2.000000,-7.000000,0.000000
639,110.000000,1.000000,175.000000,3.000000,8.000000,-1.000000,-7.000000,0.000000
640,110.000000,1.000000,-278.000000,3.000000,8.000000,-1.000000,-7.000000,0.000000
641,206.000000,1.000000,-345.000000,3.000000,8.000000,-1.000000,-5.000000,0.000000
642,206.000000,1.000000,-125.000000,3.000000,8.000000,0.000000,-5.000000,0.000000
643,206.000000,1.000000,64.000000,3.000000,8.000000,0.000000,-5.000000,0.000000
644,206.000000,1.000000,153.000000,3.000000,8.000000,4.000000,-5.000000,0.000000
645,230.000000,1.000000,143.000000,3.000000,8.000000,4.000000,13.000000,0.000000
646,230.000000,1.000000,178.000000,3.000000,8.000000,0.000000,13.000000,0.000000
647,230.000000,1.000000,235.000000,3.000000,8.000000,0.000000,13.000000,0.000000
648,245.000000,1.000000,254.000000,3.000000,8.000000,0.000000,23.000000,0.000000
649,245.000000,1.000000,93.000000,3.000000,8.000000,3.000000,23.000000,0.000000
650,245.000000,1.000000,4.000000,3.000000,8.000000,3.000000,23.000000,0.000000
651,212.000000,1.000000,-394.000000,3.000000,8.000000,1.000000,15.000000,0.000000
652,212.000000,1.000000,-528.000000,3.000000,8.000000,1.000000,15.000000,0.000000
653,212.000000,1.000000,-77.000000,3.000000,8.000000,1.000000,15.000000,0.000000
654,212.000000,1.000000,-202.000000,3.000000,7.000000,2.000000,15.000000,0.000000
655,153.000000,1.000000,-256.000000,3.000000,7.000000,2.000000,14.000000,0.000000
656,153.000000,1.000000,26.000000,3.000000,7.000000,-2.000000,14.000000,0.000000
657,153.000000,1.000000,164.000000,3.000000,7.000000,-2.000000,14.000000,0.000000
658,92.000000,1.000000,252.000000,3.000000,7.000000,-2.000000,6.000000,0.000000
659,92.000000,1.000000,236.000000,3.000000,7.000000,-7.000000,6.000000,0.000000
660,92.000000,1.000000,169.000000,3.000000,7.000000,-7.000000,6.000000,0.000000
661,92.000000,1.000000,160.000000,3.000000,7.000000,4.000000,6.000000,0.000000
662,40.000000,1.000000,81.000000,3.000000,7.000000,4.000000,-11.000000,-1.000000
663,40.000000,1.000000,-38.000000,3.000000,7.000000,4.000000,-11.000000,-1.000000
664,40.000000,1.000000,-115.000000,3.000000,7.000000,3.000000,-11.000000,-1.000000
665,4.000000,1.000000,28.000000,3.000000,7.000000,3.000000,-2.000000,-1.000000
666,4.000000,1.000000,-6.000000,3.000000,7.000000,-2.000000,-2.000000,-1.000000
667,4.000000,1.000000,-178.000000,0.000000,7.000000,-2.000000,-2.000000,-1.000000
668,-9.000000,1.000000,-126.000000,0.000000,7.000000,2.000000,20.000000,-1.000000
669,-9.000000,1.000000,-45.000000,0.000000,-16.000000,2.000000,20.000000,-1.000000
670,-9.000000,1.000000,-15.000000,0.000000,-16.000000,2.000000,20.000000,-1.000000
671,-9.000000,1.000000,8.000000,0.000000,-16.000000,2.000000,20.000000,0.000000
672,-50.000000,1.000000,5.000000,0.000000,-16.000000,2.000000,20.000000,0.000000
673,-50.000000,1.000000,-11.000000,0.000000,-16.000000,1.000000,20.000000,0.000000
674,-50.000000,1.000000,5.000000,0.000000,-16.000000,1.000000,20.000000,0.000000
675,-112.000000,1.000000,56.000000,0.000000,-16.000000,1.000000,1.000000,0.000000
676,-112.000000,1.000000,89.000000,0.000000,-16.000000,0.000000,1.000000,0.000000
677,-112.000000,1.000000,111.000000,0.000000,-16.000000,0.000000,1.000000,0.000000
678,-112.000000,1.000000,81.000000,0.000000,-16.000000,1.000000,1.000000,0.000000
679,-91.000000,1.000000,27.000000,0.000000,-16.000000,1.000000,5.000000,0.000000
680,-91.000000,1.000000,22.000000,0.000000,-16.000000,1.000000,5.000000,0.000000
681,-91.000000,1.000000,37.000000,0.000000,-16.000000,3.000000,5.000000,0.000000
682,-67.000000,1.000000,12.000000,0.000000,-16.000000,3.000000,14.000000,0.000000
683,-67.000000,1.000000,6.000000,0.000000,-16.000000,0.000000,14.000000,0.000000
684,-67.000000,1.000000,23.000000,0.000000,-12.000000,0.000000,14.000000,0.000000
685,-84.000000,-2.000000,-88.000000,0.000000,-12.000000,0.000000,-11.000000,0.000000
686,-84.000000,-2.000000,-267.000000,0.000000,-12.000000,0.000000,-11.000000,0.000000
687,-84.000000,-2.000000,-367.000000,3.000000,-12.000000,0.000000,-11.000000,0.000000
688,-84.000000,-2.000000,-342.000000,3.000000,-12.000000,-3.000000,-11.000000,0.000000
689,-60.000000,-2.000000,-240.000000,3.000000,-12.000000,-3.000000,-18.000000,-2.000000
690,-60.000000,-2.000000,-180.000000,3.000000,-12.000000,-6.000000,-18.000000,-2.000000
691,-60.000000,-2.000000,-72.000000,3.000000,-12.000000,-6.000000,-18.000000,-2.000000
692,-43.000000,-2.000000,43.000000,3.000000,-12.000000,-6.000000,-5.000000,-2.000000
693,-43.000000,-2.000000,46.000000,3.000000,-12.000000,2.000000,-5.000000,-2.000000
694,-43.000000,-2.000000,87.000000,3.000000,-12.000000,2.000000,-5.000000,-2.000000
695,-43.000000,-2.000000,155.000000,3.000000,-12.000000,3.000000,-5.000000,-2.000000
696,-59.000000,-2.000000,186.000000,3.000000,-12.000000,3.000000,-4.000000,-2.000000
697,-59.000000,-2.000000,212.000000,3.000000,-12.000000,3.000000,-4.000000,-2.000000
698,-59.000000,-2.000000,223.000000,3.000000,-12.000000,0.000000,-4.000000,-2.000000
699,-64.000000,-2.000000,276.000000,3.000000,0.000000,0.000000,0.000000,-1.000000
700,-64.000000,-2.000000,327.000000,3.000000,0.000000,2.000000,0.000000,-1.000000
701,-64.000000,-2.000000,330.000000,3.000000,0.000000,2.000000,0.000000,-1.000000
702,-64.000000,-2.000000,325.000000,3.000000,0.000000,2.000000,0.000000,-1.000000
703,246.000000,-2.000000,-257.000000,3.000000,0.000000,4.000000,2.000000,-1.000000
704,-61.000000,-2.000000,-137.000000,3.000000,0.000000,0.000000,0.000000,-1.000000
705,-168.000000,-2.000000,-137.000000,3.000000,0.000000,0.000000,4.000000,-1.000000
706,-15.000000,-2.000000,-31.000000,3.000000,0.000000,-6.000000,-2.000000,-1.000000
707,220.000000,-2.000000,-31.000000,3.000000,0.000000,1.000000,-34.000000,-1.000000
708,198.000000,-2.000000,0.000000,3.000000,0.000000,-4.000000,12.000000,0.000000
709,72.000000,-2.000000,0.000000,3.000000,0.000000,-3.000000,35.000000,0.000000
710,-37.000000,-2.000000,65.000000,3.000000,0.000000,0.000000,-15.000000,0.000000
711,-84.000000,-2.000000,65.000000,3.000000,0.000000,4.000000,16.000000,0.000000
712,-159.000000,-2.000000,58.000000,3.000000,0.000000,-1.000000,15.000000,0.000000
713,-229.000000,-2.000000,58.000000,3.000000,0.000000,3.000000,-22.000000,0.000000
714,-250.000000,-5.000000,34.000000,3.000000,0.000000,4.000000,-29.000000,0.000000
715,130.000000,-5.000000,34.000000,3.000000,-4.000000,0.000000,19.000000,0.000000
716,148.000000,-5.000000,50.000000,3.000000,-4.000000,1.000000,9.000000,0.000000
717,43.000000,-5.000000,50.000000,3.000000,-4.000000,-5.000000,-24.000000,0.000000
718,240.000000,-5.000000,31.000000,3.000000,-4.000000,-6.000000,-22.000000,0.000000
719,-67.000000,-5.000000,31.000000,3.000000,-4.000000,2.000000,-9.000000,0.000000
720,-24.000000,-5.000000,52.000000,3.000000,-4.000000,3.000000,-6.000000,0.000000
721,-9.000000,-5.000000,52.000000,3.000000,-4.000000,3.000000,41.000000,0.000000
722,-11.000000,-5.000000,105.000000,3.000000,-4.000000,3.000000,25.000000,0.000000
723,-48.000000,-5.000000,105.000000,3.000000,-4.000000,-1.000000,-5.000000,0.000000
724,121.000000,-5.000000,117.000000,3.000000,-4.000000,0.000000,-28.000000,0.000000
725,37.000000,-5.000000,117.000000,3.000000,-4.000000,0.000000,38.000000,0.000000
726,-28.000000,-5.000000,150.000000,3.000000,-4.000000,-4.000000,-15.000000,0.000000
727,-162.000000,-5.000000,150.000000,2.000000,-4.000000,-11.000000,-25.000000,0.000000
728,-36.000000,-5.000000,172.000000,2.000000,-4.000000,-11.000000,-19.000000,0.000000
729,197.000000,-5.000000,172.000000,2.000000,-4.000000,-3.000000,-14.000000,0.000000
730,102.000000,-5.000000,149.000000,2.000000,10.000000,3.000000,-31.000000,0.000000
731,80.000000,-5.000000,149.000000,2.000000,10.000000,0.000000,21.000000,0.000000
732,20.000000,-5.000000,125.000000,2.000000,10.000000,0.000000,16.000000,0.000000
733,-26.000000,-5.000000,78.000000,2.000000,10.000000,0.000000,24.000000,0.000000
734,61.000000,-5.000000,78.000000,2.000000,10.000000,2.000000,-1.000000,0.000000
735,61.000000,-5.000000,6.000000,2.000000,10.000000,2.000000,9.000000,0.000000
736,-25.000000,-5.000000,6.000000,2.000000,10.000000,4.000000,9.000000,0.000000
737,-25.000000,-5.000000,-18.000000,2.000000,10.000000,0.000000,-12.000000,0.000000
738,-25.000000,-5.000000,-18.000000,2.000000,10.000000,0.000000,-12.000000,0.000000
739,-2.000000,-5.000000,12.000000,2.000000,10.000000,3.000000,-7.000000,0.000000
740,-2.000000,-5.000000,12.000000,2.000000,10.000000,1.000000,-7.000000,0.000000
741,-2.000000,-5.000000,-3.000000,2.000000,10.000000,1.000000,5.000000,0.000000
742,103.000000,-14.000000,-3.000000,2.000000,10.000000,2.000000,5.000000,0.000000
743,103.000000,-14.000000,-102.000000,2.000000,10.000000,-2.000000,3.000000,0.000000
744,103.000000,-14.000000,-102.000000,2.000000,10.000000,-7.000000,3.000000,0.000000
745,273.000000,-14.000000,-240.000000,2.000000,13.000000,-7.000000,10.000000,0.000000
746,273.000000,-14.000000,-240.000000,2.000000,13.000000,4.000000,10.000000,0.000000
747,273.000000,-14.000000,-394.000000,1.000000,13.000000,3.000000,2.000000,0.000000
748,239.000000,-14.000000,-394.000000,1.000000,13.000000,3.000000,2.000000,0.000000
749,239.000000,-14.000000,-450.000000,1.000000,13.000000,-2.000000,-10.000000,0.000000
750,239.000000,-14.000000,-450.000000,1.000000,13.000000,2.000000,-10.000000,0.000000
751,93.000000,-14.000000,-318.000000,1.000000,13.000000,2.000000,-14.000000,0.000000
752,93.000000,-14.000000,-318.000000,1.000000,13.000000,2.000000,-14.000000,0.000000
753,93.000000,-14.000000,-140.000000,1.000000,13.000000,1.000000,7.000000,0.000000
754,26.000000,-14.000000,-140.000000,1.000000,13.000000,0.000000,7.000000,0.000000
755,26.000000,-14.000000,-1.000000,1.000000,13.000000,0.000000,15.000000,0.000000
756,26.000000,-14.000000,-1.000000,1.000000,13.000000,1.000000,15.000000,0.000000
757,-78.000000,-14.000000,77.000000,1.000000,13.000000,3.000000,0.000000,0.000000
758,-78.000000,-14.000000,77.000000,1.000000,13.000000,3.000000,0.000000,0.000000
759,-78.000000,-14.000000,0.000000,1.000000,13.000000,0.000000,3.000000,0.000000
760,-92.000000,-14.000000,0.000000,1.000000,19.000000,0.000000,3.000000,0.000000
761,-92.000000,-14.000000,-30.000000,1.000000,19.000000,0.000000,0.000000,0.000000
762,-92.000000,-14.000000,-30.000000,1.000000,19.000000,-3.000000,0.000000,0.000000
763,-72.000000,-14.000000,5.000000,1.000000,19.000000,-6.000000,-5.000000,0.000000
764,-72.000000,-14.000000,5.000000,1.000000,19.000000,-6.000000,-5.000000,3.000000
765,-72.000000,-14.000000,205.000000,1.000000,19.000000,2.000000,4.000000,3.000000
766,-96.000000,-14.000000,248.000000,1.000000,19.000000,2.000000,4.000000,3.000000
767,-96.000000,-14.000000,215.000000,-6.000000,19.000000,3.000000,0.000000,3.000000
768,-96.000000,-14.000000,159.000000,-6.000000,19.000000,3.000000,0.000000,3.000000
769,-125.000000,-14.000000,59.000000,-6.000000,19.000000,0.000000,-10.000000,3.000000
770,-125.000000,-14.000000,-14.000000,-6.000000,19.000000,0.000000,-10.000000,3.000000
771,-125.000000,-17.000000,-87.000000,-6.000000,19.000000,0.000000,-19.000000,3.000000
772,-172.000000,-17.000000,-64.000000,-6.000000,19.000000,2.000000,-19.000000,3.000000
773,-172.000000,-17.000000,-165.000000,-6.000000,19.000000,2.000000,-16.000000,2.000000
774,-172.000000,-17.000000,-152.000000,-6.000000,19.000000,0.000000,-16.000000,2.000000
775,-94.000000,-17.000000,-138.000000,-6.000000,26.000000,0.000000,-10.000000,2.000000
776,-94.000000,-17.000000,-57.000000,-6.000000,26.000000,0.000000,-10.000000,2.000000
777,-94.000000,-17.000000,-10.000000,-6.000000,26.000000,3.000000,-4.000000,2.000000
778,-54.000000,-17.000000,114.000000,-6.000000,26.000000,3.000000,-4.000000,2.000000
779,-54.000000,-17.000000,115.000000,-6.000000,26.000000,4.000000,0.000000,2.000000
780,-54.000000,-17.000000,83.000000,-6.000000,26.000000,4.000000,0.000000,2.000000
781,-80.000000,-17.000000,54.000000,-6.000000,26.000000,4.000000,-6.000000,2.000000
782,-80.000000,-17.000000,54.000000,-6.000000,26.000000,1.000000,-6.000000,-1.000000
783,3.000000,-17.000000,38.000000,-6.000000,26.000000,1.000000,5.000000,-1.000000
784,3.000000,-17.000000,38.000000,-6.000000,26.000000,0.000000,5.000000,-1.000000
785,3.000000,-17.000000,82.000000,-6.000000,26.000000,0.000000,10.000000,-1.000000
786,113.000000,-17.000000,82.000000,-6.000000,26.000000,0.000000,10.000000,-1.000000
787,113.000000,-17.000000,82.000000,-5.000000,26.000000,-3.000000,2.000000,-1.000000
788,113.000000,-17.000000,144.000000,-5.000000,26.000000,-3.000000,2.000000,-1.000000
789,162.000000,-17.000000,144.000000,-5.000000,26.000000,0.000000,13.000000,-1.000000
790,162.000000,-17.000000,170.000000,-5.000000,-2.000000,0.000000,13.000000,-1.000000
791,162.000000,-17.000000,170.000000,-5.000000,-2.000000,0.000000,15.000000,-1.000000
792,130.000000,-17.000000,170.000000,-5.000000,-2.000000,-3.000000,15.000000,0.000000
793,130.000000,-17.000000,120.000000,-5.000000,-2.000000,-3.000000,12.000000,0.000000
794,130.000000,-17.000000,120.000000,-5.000000,-2.000000,-6.000000,12.000000,0.000000
795,120.000000,-17.000000,39.000000,-5.000000,-2.000000,-6.000000,13.000000,0.000000
796,120.000000,-17.000000,39.000000,-5.000000,-2.000000,-6.000000,13.000000,0.000000
797,120.000000,-17.000000,39.000000,-5.000000,-2.000000,1.000000,8.000000,0.000000
798,106.000000,-17.000000,-19.000000,-5.000000,-2.000000,1.000000,-4.000000,0.000000
799,106.000000,-17.000000,-19.000000,-5.000000,-2.000000,1.000000,-5.000000,0.000000
800,106.000000,-13.000000,28.000000,-5.000000,-2.000000,1.000000,-11.000000,0.000000
801,55.000000,-13.000000,28.000000,-5.000000,-2.000000,1.000000,-8.000000,-2.000000
802,55.000000,-13.000000,301.000000,-5.000000,-2.000000,-2.000000,0.000000,-2.000000
803,55.000000,-13.000000,301.000000,-5.000000,-2.000000,-2.000000,2.000000,-2.000000
804,39.000000,-13.000000,301.000000,-5.000000,-2.000000,-4.000000,30.000000,-2.000000
805,39.000000,-13.000000,479.000000,-5.000000,-15.000000,-4.000000,19.000000,-2.000000
806,39.000000,-13.000000,479.000000,-5.000000,-15.000000,-13.000000,-28.000000,-2.000000
807,-1.000000,-13.000000,291.000000,3.000000,-15.000000,-13.000000,-15.000000,-2.000000
808,-1.000000,-13.000000,291.000000,3.000000,-15.000000,-13.000000,33.000000,-2.000000
809,-1.000000,-13.000000,291.000000,3.000000,-15.000000,-3.000000,-14.000000,-2.000000
810,-16.000000,-13.000000,-27.000000,3.000000,-15.000000,-3.000000,12.000000,-7.000000
811,-16.000000,-13.000000,-27.000000,3.000000,-15.000000,7.000000,-2.000000,-7.000000
812,-16.000000,-13.000000,-372.000000,3.000000,-15.000000,7.000000,-14.000000,-7.000000
813,43.000000,-13.000000,-372.000000,3.000000,-15.000000,7.000000,-25.000000,-7.000000
814,43.000000,-13.000000,-372.000000,3.000000,-15.000000,0.000000,3.000000,-7.000000
815,43.000000,-13.000000,-676.000000,3.000000,-15.000000,0.000000,13.000000,-7.000000
816,161.000000,-13.000000,-676.000000,3.000000,-15.000000,2.000000,-4.000000,-7.000000
817,161.000000,-13.000000,-749.000000,3.000000,-15.000000,2.000000,-7.000000,-7.000000
818,161.000000,-13.000000,-749.000000,3.000000,-15.000000,2.000000,-1.000000,-7.000000
819,277.000000,-13.000000,-749.000000,3.000000,-15.000000,4.000000,1.000000,1.000000
820,277.000000,-13.000000,-587.000000,3.000000,-14.000000,4.000000,1.000000,1.000000
821,277.000000,-13.000000,-587.000000,3.000000,-14.000000,-2.000000,-10.000000,1.000000
822,168.000000,-13.000000,-345.000000,3.000000,-14.000000,-2.000000,1.000000,1.000000
823,168.000000,-13.000000,-345.000000,3.000000,-14.000000,-2.000000,30.000000,1.000000
824,168.000000,-13.000000,-198.000000,3.000000,-14.000000,-1.000000,22.000000,1.000000
825,-154.000000,-13.000000,-198.000000,3.000000,-14.000000,-1.000000,9.000000,1.000000
826,-154.000000,-13.000000,-198.000000,3.000000,-14.000000,3.000000,-14.000000,1.000000
827,-154.000000,-13.000000,-130.000000,3.000000,-14.000000,3.000000,-17.000000,1.000000
828,-418.000000,-13.000000,-130.000000,0.000000,-14.000000,3.000000,-3.000000,1.000000
829,-520.000000,-6.000000,-50.000000,0.000000,-14.000000,3.000000,-10.000000,2.000000
830,-520.000000,-6.000000,-50.000000,0.000000,-14.000000,3.000000,-10.000000,2.000000
831,-470.000000,-6.000000,-50.000000,-1.000000,-14.000000,1.000000,-4.000000,2.000000
832,-470.000000,-6.000000,46.000000,-1.000000,-14.000000,1.000000,-4.000000,2.000000
833,-254.000000,-6.000000,46.000000,-4.000000,-14.000000,1.000000,25.000000,2.000000
834,-254.000000,-6.000000,124.000000,-4.000000,-14.000000,4.000000,25.000000,2.000000
835,-56.000000,-6.000000,124.000000,-10.000000,-14.000000,4.000000,0.000000,2.000000
836,-56.000000,-6.000000,124.000000,-10.000000,-18.000000,3.000000,0.000000,2.000000
837,23.000000,-6.000000,142.000000,-4.000000,-18.000000,3.000000,-17.000000,2.000000
838,23.000000,-6.000000,142.000000,-4.000000,-18.000000,3.000000,-17.000000,-1.000000
839,197.000000,-6.000000,79.000000,8.000000,-18.000000,-6.000000,-4.000000,-1.000000
840,197.000000,-6.000000,79.000000,8.000000,-18.000000,-6.000000,-4.000000,-1.000000
841,404.000000,-6.000000,43.000000,3.000000,-18.000000,-9.000000,-11.000000,-1.000000
842,404.000000,-6.000000,43.000000,3.000000,-18.000000,-9.000000,-11.000000,-1.000000
843,400.000000,-6.000000,43.000000,1.000000,-18.000000,-9.000000,0.000000,-1.000000
844,400.000000,-6.000000,106.000000,1.000000,-18.000000,46.000000,0.000000,-1.000000
845,277.000000,-6.000000,106.000000,3.000000,-18.000000,26.000000,-53.000000,-1.000000
846,277.000000,-6.000000,91.000000,3.000000,-18.000000,-7.000000,-53.000000,-1.000000
847,177.000000,-6.000000,91.000000,-3.000000,-18.000000,-13.000000,-66.000000,2.000000
848,177.000000,-6.000000,91.000000,-3.000000,-18.000000,-24.000000,-66.000000,2.000000
849,92.000000,-6.000000,21.000000,-4.000000,-18.000000,-69.000000,85.000000,2.000000
850,92.000000,-6.000000,21.000000,-4.000000,-18.000000,-83.000000,85.000000,2.000000
851,48.000000,-6.000000,53.000000,5.000000,-13.000000,-6.000000,86.000000,2.000000
852,48.000000,-6.000000,53.000000,5.000000,-13.000000,29.000000,86.000000,2.000000
853,-24.000000,-6.000000,53.000000,5.000000,-13.000000,30.000000,-2.000000,2.000000
854,-24.000000,-6.000000,135.000000,5.000000,-13.000000,29.000000,-2.000000,2.000000
855,-84.000000,-6.000000,135.000000,1.000000,-13.000000,33.000000,45.000000,2.000000
856,-84.000000,-6.000000,192.000000,1.000000,-13.000000,57.000000,45.000000,2.000000
857,-10.000000,-6.000000,192.000000,0.000000,-13.000000,41.000000,24.000000,0.000000
858,6.000000,0.000000,192.000000,-2.000000,-13.000000,0.000000,-27.000000,0.000000
859,6.000000,0.000000,231.000000,-2.000000,-13.000000,-29.000000,-27.000000,0.000000
860,-23.000000,0.000000,275.000000,11.000000,-13.000000,-21.000000,-8.000000,0.000000
861,-23.000000,0.000000,308.000000,11.000000,-13.000000,-31.000000,-8.000000,0.000000
862,-17.000000,0.000000,308.000000,13.000000,-13.000000,-50.000000,-17.000000,0.000000
863,-17.000000,0.000000,334.000000,13.000000,-13.000000,-55.000000,-17.000000,0.000000
864,-86.000000,0.000000,269.000000,-1.000000,-13.000000,-54.000000,-3.000000,0.000000
865,-86.000000,0.000000,269.000000,-1.000000,-13.000000,-54.000000,-3.000000,0.000000
866,-140.000000,0.000000,80.000000,-2.000000,-6.000000,-55.000000,8.000000,0.000000
867,-140.000000,0.000000,-16.000000,-2.000000,-6.000000,-37.000000,8.000000,0.000000
868,-129.000000,0.000000,-16.000000,-6.000000,-6.000000,-8.000000,-13.000000,0.000000
869,-129.000000,0.000000,-54.000000,-6.000000,-6.000000,11.000000,-13.000000,0.000000
870,-112.000000,0.000000,-36.000000,-2.000000,-6.000000,24.000000,-25.000000,0.000000
871,-112.000000,0.000000,-36.000000,-2.000000,-6.000000,28.000000,-25.000000,0.000000
872,-109.000000,0.000000,135.000000,4.000000,-6.000000,26.000000,-16.000000,0.000000
873,-109.000000,0.000000,81.000000,4.000000,-6.000000,25.000000,-16.000000,0.000000
874,-111.000000,0.000000,81.000000,-1.000000,-6.000000,29.000000,22.000000,0.000000
875,-111.000000,0.000000,-249.000000,-1.000000,-6.000000,41.000000,22.000000,2.000000
876,-96.000000,0.000000,-460.000000,0.000000,-6.000000,35.000000,26.000000,2.000000
877,-96.000000,0.000000,-460.000000,0.000000,-6.000000,13.000000,26.000000,2.000000
878,-72.000000,0.000000,-412.000000,0.000000,-6.000000,2.000000,-21.000000,2.000000
879,-72.000000,0.000000,-251.000000,0.000000,-6.000000,8.000000,-21.000000,2.000000
880,-24.000000,0.000000,-251.000000,-4.000000,-6.000000,18.000000,-30.000000,2.000000
881,-24.000000,0.000000,-215.000000,-4.000000,9.000000,21.000000,-30.000000,2.000000
882,-15.000000,0.000000,-214.000000,-2.000000,9.000000,29.000000,-3.000000,2.000000
883,-15.000000,0.000000,-150.000000,-2.000000,9.000000,29.000000,-3.000000,2.000000
884,-16.000000,0.000000,-150.000000,4.000000,9.000000,11.000000,-11.000000,0.000000
885,-16.000000,0.000000,-109.000000,4.000000,9.000000,-1.000000,-11.000000,0.000000
886,1.000000,3.000000,-97.000000,4.000000,9.000000,-15.000000,-24.000000,0.000000
887,1.000000,3.000000,-97.000000,4.000000,9.000000,-47.000000,-24.000000,0.000000
888,5.000000,3.000000,-118.000000,-1.000000,9.000000,-78.000000,-14.000000,0.000000
889,5.000000,3.000000,-59.000000,-1.000000,9.000000,-85.000000,-14.000000,0.000000
890,132.000000,3.000000,-59.000000,-2.000000,9.000000,-6.000000,-14.000000,0.000000
891,112.000000,3.000000,144.000000,-2.000000,9.000000,-25.000000,-14.000000,0.000000
892,9.000000,3.000000,296.000000,-2.000000,9.000000,-48.000000,-14.000000,0.000000
893,-62.000000,3.000000,296.000000,-2.000000,9.000000,-59.000000,-1.000000,0.000000
894,-68.000000,3.000000,244.000000,-2.000000,9.000000,-46.000000,-1.000000,0.000000
895,-87.000000,3.000000,183.000000,-2.000000,9.000000,-18.000000,-1.000000,0.000000
896,-84.000000,3.000000,183.000000,-6.000000,10.000000,13.000000,-7.000000,0.000000
897,-75.000000,3.000000,231.000000,-6.000000,10.000000,12.000000,-7.000000,0.000000
898,108.000000,3.000000,219.000000,-6.000000,10.000000,25.000000,-7.000000,0.000000
899,264.000000,3.000000,219.000000,-6.000000,10.000000,14.000000,-7.000000,0.000000
900,42.000000,3.000000,195.000000,-6.000000,10.000000,19.000000,-14.000000,0.000000
901,-24.000000,3.000000,243.000000,-6.000000,10.000000,56.000000,-14.000000,0.000000
902,80.000000,3.000000,243.000000,-6.000000,10.000000,38.000000,-14.000000,0.000000
903,90.000000,3.000000,333.000000,4.000000,10.000000,41.000000,-8.000000,0.000000
904,-226.000000,3.000000,444.000000,4.000000,10.000000,-5.000000,-8.000000,0.000000
905,-353.000000,3.000000,444.000000,4.000000,10.000000,-27.000000,-8.000000,0.000000
906,-167.000000,3.000000,-395.000000,4.000000,10.000000,-22.000000,-8.000000,0.000000
907,-24.000000,3.000000,-395.000000,4.000000,10.000000,-22.000000,-10.000000,0.000000
908,289.000000,3.000000,-395.000000,4.000000,10.000000,-22.000000,-10.000000,0.000000
909,207.000000,3.000000,-354.000000,4.000000,10.000000,-22.000000,-10.000000,0.000000
910,-21.000000,3.000000,-354.000000,4.000000,10.000000,-99.000000,-12.000000,0.000000
911,-56.000000,3.000000,-354.000000,4.000000,-6.000000,-99.000000,-12.000000,0.000000
912,73.000000,3.000000,-139.000000,4.000000,-6.000000,-99.000000,-12.000000,0.000000
913,144.000000,3.000000,-139.000000,4.000000,-6.000000,-99.000000,-12.000000,0.000000
914,84.000000,3.000000,-139.000000,4.000000,-6.000000,-99.000000,-27.000000,0.000000
915,-4.000000,12.000000,-139.000000,4.000000,-6.000000,-101.000000,-27.000000,0.000000
916,-92.000000,12.000000,182.000000,4.000000,-6.000000,-101.000000,-27.000000,0.000000
917,-172.000000,12.000000,182.000000,-1.000000,-6.000000,-101.000000,-29.000000,0.000000
918,-181.000000,12.000000,182.000000,-1.000000,-6.000000,-101.000000,-29.000000,0.000000
919,-206.000000,12.000000,612.000000,-1.000000,-6.000000,-101.000000,-29.000000,0.000000
920,-99.000000,12.000000,612.000000,-1.000000,-6.000000,-78.000000,-4.000000,0.000000
921,50.000000,12.000000,612.000000,-1.000000,-6.000000,-78.000000,-4.000000,0.000000
922,-100.000000,12.000000,612.000000,-1.000000,-6.000000,-78.000000,-4.000000,0.000000
923,-100.000000,12.000000,1064.000000,-1.000000,-6.000000,-78.000000,-4.000000,0.000000
924,-100.000000,12.000000,1064.000000,2.000000,-6.000000,-78.000000,-14.000000,0.000000
925,-26.000000,12.000000,1064.000000,2.000000,-6.000000,-120.000000,-14.000000,0.000000
926,-26.000000,12.000000,1090.000000,2.000000,-7.000000,-120.000000,-14.000000,1.000000
927,-26.000000,12.000000,1090.000000,2.000000,-7.000000,-120.000000,-46.000000,1.000000
928,-131.000000,12.000000,1090.000000,2.000000,-7.000000,-120.000000,-46.000000,1.000000
929,-131.000000,12.000000,773.000000,2.000000,-7.000000,-120.000000,-46.000000,1.000000
930,-131.000000,12.000000,773.000000,2.000000,-7.000000,-141.000000,-46.000000,1.000000
931,-131.000000,12.000000,773.000000,-1.000000,-7.000000,-141.000000,-30.000000,0.000000
932,-304.000000,12.000000,773.000000,-1.000000,-7.000000,-141.000000,-30.000000,0.000000
933,-304.000000,12.000000,363.000000,-1.000000,-7.000000,-141.000000,-30.000000,0.000000
934,-304.000000,12.000000,363.000000,-1.000000,-7.000000,-141.000000,59.000000,0.000000
935,-340.000000,12.000000,363.000000,-1.000000,-7.000000,-104.000000,59.000000,0.000000
936,-340.000000,12.000000,25.000000,-1.000000,-7.000000,-104.000000,59.000000,0.000000
937,-340.000000,12.000000,25.000000,-1.000000,-7.000000,-104.000000,59.000000,0.000000
938,-340.000000,12.000000,25.000000,-1.000000,-7.000000,-104.000000,99.000000,0.000000
939,-286.000000,12.000000,25.000000,-1.000000,-7.000000,-104.000000,99.000000,0.000000
940,-286.000000,12.000000,-135.000000,-1.000000,-7.000000,-67.000000,99.000000,0.000000
941,-286.000000,12.000000,-135.000000,-1.000000,-11.000000,-67.000000,35.000000,0.000000
942,-120.000000,12.000000,-135.000000,-1.000000,-11.000000,-67.000000,35.000000,0.000000
943,-120.000000,12.000000,-380.000000,-1.000000,-11.000000,-67.000000,35.000000,0.000000
944,-120.000000,12.000000,-380.000000,2.000000,-11.000000,-60.000000,7.000000,0.000000
945,41.000000,12.000000,-380.000000,2.000000,-11.000000,-60.000000,7.000000,0.000000
946,41.000000,12.000000,-493.000000,2.000000,-11.000000,-60.000000,7.000000,-1.000000
947,41.000000,12.000000,-493.000000,2.000000,-11.000000,-60.000000,7.000000,-1.000000
948,41.000000,12.000000,-493.000000,2.000000,-11.000000,-60.000000,-5.000000,-1.000000
949,153.000000,12.000000,-493.000000,2.000000,-11.000000,-55.000000,-5.000000,-1.000000
950,153.000000,12.000000,-201.000000,2.000000,-11.000000,-55.000000,-5.000000,-1.000000
951,153.000000,12.000000,-201.000000,0.000000,-11.000000,-55.000000,-34.000000,0.000000
952,263.000000,12.000000,-201.000000,0.000000,-11.000000,-55.000000,-34.000000,0.000000
953,263.000000,12.000000,175.000000,0.000000,-11.000000,-55.000000,-34.000000,0.000000
954,263.000000,12.000000,175.000000,0.000000,-11.000000,-5.000000,-34.000000,0.000000
955,263.000000,12.000000,175.000000,0.000000,-11.000000,-5.000000,-32.000000,0.000000
956,232.000000,12.000000,175.000000,0.000000,-11.000000,-5.000000,-32.000000,1.000000
957,232.000000,12.000000,453.000000,0.000000,-14.000000,-5.000000,-32.000000,1.000000
958,232.000000,12.000000,453.000000,0.000000,-14.000000,-5.000000,-31.000000,1.000000
959,162.000000,12.000000,453.000000,0.000000,-14.000000,82.000000,-31.000000,1.000000
960,162.000000,12.000000,462.000000,0.000000,-14.000000,82.000000,-31.000000,-1.000000
961,162.000000,12.000000,462.000000,0.000000,-14.000000,82.000000,-31.000000,-1.000000
962,115.000000,12.000000,462.000000,0.000000,-14.000000,82.000000,-13.000000,-1.000000
963,115.000000,12.000000,155.000000,0.000000,-14.000000,82.000000,-13.000000,-1.000000
964,115.000000,12.000000,155.000000,0.000000,-14.000000,92.000000,-13.000000,-1.000000
965,115.000000,12.000000,155.000000,0.000000,-14.000000,92.000000,2.000000,0.000000
966,22.000000,12.000000,155.000000,0.000000,-14.000000,92.000000,2.000000,0.000000
967,22.000000,12.000000,-226.000000,0.000000,-14.000000,92.000000,2.000000,0.000000
968,22.000000,12.000000,-226.000000,0.000000,-14.000000,92.000000,2.000000,0.000000
969,-1.000000,12.000000,-226.000000,0.000000,-14.000000,-36.000000,-6.000000,0.000000
970,-1.000000,12.000000,-483.000000,0.000000,-14.000000,-36.000000,-6.000000,0.000000
971,-1.000000,12.000000,-483.000000,0.000000,-14.000000,-36.000000,-6.000000,0.000000
972,-1.000000,12.000000,-483.000000,0.000000,-22.000000,-36.000000,9.000000,0.000000
973,14.000000,11.000000,-483.000000,0.000000,-22.000000,-36.000000,9.000000,0.000000
974,14.000000,11.000000,-507.000000,0.000000,-22.000000,-153.000000,9.000000,0.000000
975,14.000000,11.000000,-507.000000,0.000000,-22.000000,-153.000000,3.000000,0.000000
976,51.000000,11.000000,-507.000000,0.000000,-22.000000,-153.000000,3.000000,0.000000
977,51.000000,11.000000,-413.000000,0.000000,-22.000000,-153.000000,3.000000,0.000000
978,51.000000,11.000000,-413.000000,1.000000,-22.000000,-153.000000,3.000000,0.000000
979,80.000000,11.000000,-413.000000,1.000000,-22.000000,-146.000000,-13.000000,0.000000
980,80.000000,11.000000,-343.000000,1.000000,-22.000000,-146.000000,-13.000000,0.000000
981,80.000000,11.000000,-343.000000,1.000000,-22.000000,-146.000000,-13.000000,0.000000
982,80.000000,11.000000,-343.000000,1.000000,-22.000000,-146.000000,-1.000000,0.000000
983,-39.000000,11.000000,-343.000000,1.000000,-22.000000,-58.000000,-1.000000,0.000000
984,-39.000000,11.000000,-352.000000,1.000000,-22.000000,-58.000000,-1.000000,0.000000
985,-39.000000,11.000000,-352.000000,0.000000,-22.000000,-58.000000,-1.000000,-1.000000
986,-142.000000,11.000000,-352.000000,0.000000,-22.000000,-58.000000,9.000000,-1.000000
987,-142.000000,11.000000,-352.000000,0.000000,-38.000000,-58.000000,9.000000,-1.000000
988,-142.000000,11.000000,-352.000000,0.000000,-38.000000,49.000000,9.000000,-1.000000
989,-142.000000,11.000000,-352.000000,0.000000,-38.000000,49.000000,21.000000,-1.000000
990,-131.000000,11.000000,-352.000000,0.000000,-38.000000,49.000000,21.000000,0.000000
991,-131.000000,11.000000,-240.000000,0.000000,-38.000000,49.000000,21.000000,0.000000
992,-131.000000,11.000000,-240.000000,0.000000,-38.000000,49.000000,21.000000,0.000000
993,-153.000000,11.000000,-240.000000,0.000000,-38.000000,119.000000,9.000000,0.000000
994,-153.000000,11.000000,-139.000000,0.000000,-38.000000,119.000000,9.000000,0.000000
995,-153.000000,11.000000,-139.000000,0.000000,-38.000000,119.000000,9.000000,-1.000000
996,-197.000000,11.000000,-139.000000,0.000000,-38.000000,119.000000,8.000000,-1.000000
997,-197.000000,11.000000,-53.000000,0.000000,-38.000000,119.000000,8.000000,-1.000000
998,-197.000000,11.000000,-53.000000,0.000000,-38.000000,164.000000,8.000000,-1.000000
999,-197.000000,11.000000,-53.000000,0.000000,-38.000000,164.000000,8.000000,-1.000000
1000,-183.000000,11.000000,-53.000000,0.000000,-38.000000,164.000000,44.000000,-1.000000
1001,-183.000000,11.000000,130.000000,0.000000,-38.000000,164.000000,66.000000,-1.000000
1002,-183.000000,14.000000,130.000000,0.000000,-11.000000,164.000000,74.000000,-1.000000
1003,-129.000000,14.000000,130.000000,0.000000,-11.000000,200.000000,74.000000,-1.000000
1004,-129.000000,14.000000,298.000000,0.000000,-11.000000,200.000000,76.000000,1.000000
1005,-129.000000,14.000000,298.000000,0.000000,-11.000000,200.000000,80.000000,1.000000
1006,-129.000000,14.000000,298.000000,-1.000000,-11.000000,200.000000,80.000000,1.000000
1007,-93.000000,14.000000,298.000000,-1.000000,-11.000000,200.000000,82.000000,1.000000
1008,-93.000000,14.000000,377.000000,-1.000000,-11.000000,179.000000,36.000000,1.000000
1009,-93.000000,14.000000,377.000000,-1.000000,-11.000000,179.000000,36.000000,1.000000
1010,-15.000000,14.000000,377.000000,-1.000000,-11.000000,179.000000,-38.000000,1.000000
1011,-15.000000,14.000000,421.000000,-1.000000,-11.000000,179.000000,-147.000000,1.000000
1012,-15.000000,14.000000,421.000000,-1.000000,-11.000000,179.000000,-147.000000,1.000000
1013,111.000000,14.000000,421.000000,0.000000,-11.000000,91.000000,-252.000000,1.000000
1014,111.000000,14.000000,421.000000,0.000000,-11.000000,91.000000,-245.000000,1.000000
1015,111.000000,14.000000,346.000000,0.000000,-11.000000,91.000000,-245.000000,1.000000
1016,111.000000,14.000000,680.000000,0.000000,-11.000000,91.000000,-192.000000,1.000000
1017,179.000000,14.000000,693.000000,0.000000,16.000000,91.000000,-151.000000,1.000000
1018,179.000000,14.000000,338.000000,0.000000,16.000000,-5.000000,-151.000000,1.000000
1019,179.000000,14.000000,102.000000,0.000000,16.000000,-5.000000,-78.000000,0.000000
1020,167.000000,14.000000,-115.000000,0.000000,16.000000,-5.000000,-11.000000,0.000000
1021,167.000000,14.000000,-426.000000,0.000000,16.000000,-5.000000,-11.000000,0.000000
1022,167.000000,14.000000,-468.000000,0.000000,16.000000,-32.000000,36.000000,0.000000
1023,167.000000,14.000000,-199.000000,0.000000,16.000000,-32.000000,94.000000,0.000000
1024,111.000000,14.000000,315.000000,0.000000,16.000000,-32.000000,141.000000,-1.000000
1025,111.000000,14.000000,819.000000,0.000000,16.000000,-32.000000,141.000000,-1.000000
1026,111.000000,14.000000,956.000000,-1.000000,16.000000,-32.000000,161.000000,-1.000000
1027,118.000000,14.000000,627.000000,-1.000000,16.000000,1.000000,153.000000,-1.000000
1028,118.000000,14.000000,-57.000000,-1.000000,16.000000,1.000000,153.000000,-1.000000
1029,118.000000,14.000000,-776.000000,-1.000000,16.000000,1.000000,123.000000,1.000000
1030,118.000000,14.000000,-1143.000000,-1.000000,16.000000,1.000000,78.000000,1.000000
1031,174.000000,24.000000,-1210.000000,-1.000000,16.000000,1.000000,78.000000,1.000000
1032,182.000000,-18.000000,-949.000000,-1.000000,11.000000,38.000000,41.000000,1.000000
1033,129.000000,-47.000000,-235.000000,0.000000,11.000000,38.000000,37.000000,1.000000
1034,129.000000,-21.000000,360.000000,0.000000,11.000000,38.000000,37.000000,1.000000
1035,33.000000,0.000000,572.000000,0.000000,11.000000,38.000000,55.000000,1.000000
1036,-29.000000,8.000000,500.000000,0.000000,11.000000,38.000000,71.000000,1.000000
1037,-29.000000,18.000000,362.000000,0.000000,11.000000,90.000000,71.000000,1.000000
1038,15.000000,17.000000,407.000000,0.000000,11.000000,90.000000,54.000000,0.000000
1039,159.000000,13.000000,277.000000,0.000000,11.000000,90.000000,24.000000,0.000000
1040,159.000000,11.000000,263.000000,0.000000,11.000000,90.000000,24.000000,0.000000
1041,149.000000,12.000000,545.000000,0.000000,11.000000,90.000000,21.000000,0.000000
1042,-81.000000,1.000000,413.000000,0.000000,11.000000,90.000000,35.000000,0.000000
1043,-81.000000,-17.000000,277.000000,0.000000,11.000000,90.000000,35.000000,2.000000
1044,-201.000000,-21.000000,453.000000,0.000000,11.000000,90.000000,41.000000,2.000000
1045,-256.000000,0.000000,129.000000,0.000000,11.000000,90.000000,6.000000,2.000000
1046,-256.000000,13.000000,-480.000000,0.000000,11.000000,90.000000,6.000000,2.000000
1047,-352.000000,6.000000,151.000000,0.000000,13.000000,23.000000,-308.000000,2.000000
1048,-336.000000,7.000000,233.000000,0.000000,13.000000,23.000000,-209.000000,0.000000
1049,-336.000000,18.000000,-96.000000,0.000000,13.000000,23.000000,-209.000000,0.000000
1050,-243.000000,28.000000,-220.000000,0.000000,13.000000,23.000000,-82.000000,0.000000
1051,-90.000000,20.000000,-634.000000,0.000000,13.000000,23.000000,-82.000000,0.000000
1052,-90.000000,-11.000000,-1218.000000,0.000000,13.000000,0.000000,-98.000000,0.000000
1053,101.000000,-12.000000,-1261.000000,0.000000,13.000000,0.000000,-98.000000,0.000000
1054,201.000000,14.000000,-707.000000,1.000000,13.000000,0.000000,-87.000000,0.000000
1055,207.000000,24.000000,-1.000000,1.000000,13.000000,0.000000,-87.000000,0.000000
1056,207.000000,11.000000,80.000000,1.000000,13.000000,0.000000,24.000000,0.000000
1057,148.000000,-7.000000,-120.000000,1.000000,13.000000,0.000000,24.000000,0.000000
1058,103.000000,-27.000000,56.000000,1.000000,13.000000,0.000000,24.000000,1.000000
1059,103.000000,-52.000000,305.000000,1.000000,13.000000,0.000000,24.000000,1.000000
1060,90.000000,-80.000000,537.000000,1.000000,13.000000,0.000000,-24.000000,1.000000
1061,-14.000000,-119.000000,653.000000,0.000000,13.000000,0.000000,-24.000000,1.000000
1062,-14.000000,-134.000000,478.000000,0.000000,9.000000,-16.000000,40.000000,1.000000
1063,-152.000000,-101.000000,125.000000,0.000000,9.000000,-16.000000,40.000000,0.000000
1064,-215.000000,-56.000000,-106.000000,0.000000,9.000000,-16.000000,119.000000,0.000000
1065,-215.000000,-4.000000,205.000000,0.000000,9.000000,-38.000000,119.000000,0.000000
1066,-174.000000,44.000000,699.000000,0.000000,9.000000,-38.000000,141.000000,0.000000
1067,-115.000000,102.000000,791.000000,0.000000,9.000000,-38.000000,141.000000,0.000000
1068,-115.000000,194.000000,550.000000,0.000000,9.000000,-97.000000,164.000000,-1.000000
1069,-75.000000,287.000000,254.000000,0.000000,9.000000,-97.000000,164.000000,-1.000000
1070,113.000000,319.000000,111.000000,0.000000,9.000000,-97.000000,184.000000,-1.000000
1071,113.000000,247.000000,188.000000,0.000000,9.000000,-97.000000,184.000000,-1.000000
1072,286.000000,125.000000,451.000000,0.000000,9.000000,-185.000000,209.000000,-1.000000
1073,272.000000,28.000000,579.000000,0.000000,9.000000,-185.000000,209.000000,1.000000
1074,272.000000,-61.000000,208.000000,0.000000,9.000000,-185.000000,257.000000,1.000000
1075,259.000000,-166.000000,-621.000000,0.000000,9.000000,-244.000000,257.000000,1.000000
1076,249.000000,-214.000000,-1361.000000,0.000000,9.000000,-244.000000,97.000000,1.000000
1077,249.000000,-184.000000,-1412.000000,0.000000,9.000000,-244.000000,-301.000000,1.000000
1078,-66.000000,-66.000000,5.000000,0.000000,-5.000000,-244.000000,-301.000000,0.000000
1079,-21.000000,-83.000000,-22.000000,0.000000,-5.000000,-254.000000,-529.000000,0.000000
1080,35.000000,-72.000000,-75.000000,0.000000,0.000000,-254.000000,-529.000000,1.000000
1081,73.000000,-49.000000,-107.000000,0.000000,0.000000,-254.000000,-456.000000,1.000000
1082,97.000000,-56.000000,-71.000000,0.000000,0.000000,-201.000000,-456.000000,0.000000
1083,107.000000,-36.000000,-10.000000,0.000000,5.000000,-201.000000,-262.000000,0.000000
1084,70.000000,30.000000,-14.000000,0.000000,5.000000,-201.000000,-262.000000,0.000000
1085,25.000000,165.000000,-29.000000,0.000000,5.000000,-201.000000,-70.000000,0.000000
1086,25.000000,345.000000,-10.000000,0.000000,5.000000,-71.000000,-70.000000,0.000000
1087,13.000000,446.000000,13.000000,0.000000,5.000000,-71.000000,49.000000,-1.000000
1088,-8.000000,409.000000,33.000000,0.000000,5.000000,-71.000000,49.000000,-1.000000
1089,-6.000000,262.000000,18.000000,0.000000,2.000000,51.000000,189.000000,-1.000000
1090,-30.000000,128.000000,15.000000,0.000000,2.000000,51.000000,189.000000,-1.000000
1091,-36.000000,114.000000,20.000000,0.000000,2.000000,51.000000,356.000000,-1.000000
1092,-16.000000,76.000000,10.000000,0.000000,3.000000,106.000000,356.000000,0.000000
1093,-35.000000,-54.000000,13.000000,0.000000,3.000000,106.000000,352.000000,0.000000
1094,-32.000000,-137.000000,-18.000000,0.000000,3.000000,106.000000,352.000000,0.000000
1095,-11.000000,-169.000000,-57.000000,0.000000,3.000000,106.000000,228.000000,0.000000
1096,-20.000000,-179.000000,-59.000000,0.000000,3.000000,99.000000,228.000000,0.000000
1097,-20.000000,-161.000000,-79.000000,0.000000,3.000000,99.000000,186.000000,0.000000
1098,-13.000000,-144.000000,-114.000000,0.000000,0.000000,99.000000,186.000000,0.000000
1099,-11.000000,-114.000000,-109.000000,0.000000,0.000000,54.000000,125.000000,1.000000
1100,-9.000000,-84.000000,-33.000000,0.000000,0.000000,54.000000,125.000000,1.000000
1101,-2.000000,-60.000000,62.000000,0.000000,-3.000000,54.000000,-3.000000,1.000000
1102,7.000000,-48.000000,89.000000,-1.000000,-3.000000,54.000000,-3.000000,1.000000
1103,6.000000,-67.000000,71.000000,-1.000000,-3.000000,24.000000,-54.000000,1.000000
1104,15.000000,-100.000000,54.000000,-1.000000,-9.000000,24.000000,-54.000000,1.000000
1105,23.000000,-112.000000,2.000000,-1.000000,-9.000000,24.000000,-10.000000,1.000000
1106,21.000000,-90.000000,-57.000000,-1.000000,-9.000000,3.000000,-10.000000,1.000000
1107,23.000000,-58.000000,-48.000000,-1.000000,-7.000000,3.000000,57.000000,1.000000
1108,16.000000,7.000000,10.000000,-1.000000,-7.000000,3.000000,57.000000,1.000000
1109,-47.000000,2.000000,42.000000,-1.000000,-7.000000,3.000000,38.000000,0.000000
1110,-47.000000,-187.000000,46.000000,-1.000000,-4.000000,20.000000,29.000000,0.000000
1111,-32.000000,-256.000000,51.000000,-1.000000,-4.000000,20.000000,17.000000,0.000000
1112,-32.000000,-226.000000,51.000000,-1.000000,-4.000000,20.000000,-12.000000,0.000000
1113,-32.000000,-188.000000,47.000000,-1.000000,-6.000000,108.000000,-73.000000,0.000000
1114,-26.000000,-198.000000,35.000000,-2.000000,-6.000000,108.000000,-60.000000,0.000000
1115,-26.000000,-343.000000,35.000000,-2.000000,-6.000000,108.000000,4.000000,0.000000
1116,-26.000000,-435.000000,22.000000,-2.000000,-5.000000,108.000000,-67.000000,2.000000
1117,-44.000000,-393.000000,19.000000,-2.000000,-5.000000,149.000000,-195.000000,2.000000
1118,-44.000000,-371.000000,19.000000,-2.000000,-5.000000,149.000000,-179.000000,2.000000
1119,-44.000000,-370.000000,23.000000,-2.000000,-5.000000,149.000000,-94.000000,3.000000
1120,-48.000000,-339.000000,18.000000,-5.000000,-5.000000,124.000000,-76.000000,3.000000
1121,-48.000000,-189.000000,18.000000,-5.000000,-5.000000,124.000000,-70.000000,3.000000
1122,-48.000000,99.000000,8.000000,-5.000000,-5.000000,124.000000,-43.000000,3.000000
1123,-18.000000,401.000000,2.000000,-5.000000,-5.000000,118.000000,-35.000000,3.000000
1124,-18.000000,634.000000,2.000000,-5.000000,-5.000000,118.000000,-31.000000,1.000000
1125,-18.000000,777.000000,0.000000,-5.000000,-3.000000,118.000000,-28.000000,1.000000
1126,12.000000,846.000000,-1.000000,-6.000000,-3.000000,118.000000,-26.000000,0.000000
1127,12.000000,809.000000,-1.000000,-6.000000,-2.000000,76.000000,-26.000000,0.000000
1128,12.000000,610.000000,-1.000000,-6.000000,-2.000000,76.000000,-25.000000,0.000000
1129,44.000000,274.000000,-3.000000,-6.000000,-2.000000,76.000000,-9.000000,-1.000000
1130,44.000000,-87.000000,-3.000000,-6.000000,0.000000,-1.000000,-7.000000,-1.000000
1131,44.000000,-318.000000,-13.000000,-6.000000,0.000000,-1.000000,-11.000000,-3.000000
1132,65.000000,-427.000000,-21.000000,-13.000000,0.000000,-1.000000,-10.000000,-3.000000
1133,65.000000,-469.000000,-19.000000,-13.000000,5.000000,-1.000000,-24.000000,-3.000000
1134,65.000000,-469.000000,-19.000000,-13.000000,5.000000,-37.000000,-24.000000,-2.000000
1135,62.000000,-435.000000,-14.000000,-13.000000,5.000000,-37.000000,-6.000000,-2.000000
1136,62.000000,-322.000000,-12.000000,-13.000000,6.000000,-37.000000,13.000000,0.000000
1137,62.000000,-238.000000,-12.000000,-13.000000,6.000000,-70.000000,16.000000,0.000000
1138,54.000000,-224.000000,-6.000000,-12.000000,6.000000,-70.000000,-2.000000,0.000000
1139,54.000000,-232.000000,-7.000000,-12.000000,-1.000000,-70.000000,-2.000000,0.000000
1140,54.000000,-140.000000,-7.000000,-12.000000,-1.000000,-70.000000,44.000000,0.000000
1141,24.000000,-143.000000,-15.000000,-12.000000,-1.000000,-95.000000,-2.000000,0.000000
1142,24.000000,-103.000000,-14.000000,-12.000000,-1.000000,-95.000000,18.000000,0.000000
1143,24.000000,22.000000,-14.000000,-12.000000,-1.000000,-95.000000,26.000000,1.000000
1144,-59.000000,64.000000,-11.000000,-8.000000,-1.000000,-49.000000,-8.000000,1.000000
1145,-59.000000,306.000000,-13.000000,-8.000000,3.000000,-49.000000,-22.000000,1.000000
1146,-59.000000,431.000000,-13.000000,-8.000000,3.000000,-49.000000,45.000000,2.000000
1147,-165.000000,245.000000,-12.000000,-8.000000,3.000000,5.000000,33.000000,2.000000
1148,-165.000000,-16.000000,-10.000000,-8.000000,1.000000,5.000000,56.000000,0.000000
1149,-165.000000,-8.000000,-10.000000,-8.000000,1.000000,5.000000,7.000000,0.000000
1150,-207.000000,-52.000000,-14.000000,-9.000000,1.000000,5.000000,43.000000,0.000000
1151,-207.000000,-69.000000,-19.000000,-9.000000,1.000000,31.000000,16.000000,-2.000000
1152,-207.000000,-352.000000,-19.000000,-9.000000,1.000000,31.000000,0.000000,-2.000000
1153,-176.000000,-674.000000,-17.000000,-9.000000,1.000000,31.000000,-21.000000,0.000000
1154,-176.000000,-254.000000,-10.000000,-9.000000,1.000000,62.000000,5.000000,0.000000
1155,-176.000000,132.000000,-10.000000,-9.000000,1.000000,62.000000,-15.000000,0.000000
1156,-153.000000,-773.000000,-16.000000,0.000000,1.000000,62.000000,2.000000,-6.000000
1157,-153.000000,-773.000000,-16.000000,0.000000,4.000000,62.000000,2.000000,-6.000000
1158,-112.000000,-611.000000,-16.000000,0.000000,4.000000,48.000000,2.000000,-8.000000
1159,-112.000000,-611.000000,-9.000000,0.000000,4.000000,48.000000,1.000000,-8.000000
1160,-112.000000,-611.000000,-9.000000,0.000000,9.000000,48.000000,1.000000,-8.000000
1161,43.000000,-347.000000,-9.000000,8.000000,9.000000,15.000000,1.000000,1.000000
1162,43.000000,-347.000000,-9.000000,8.000000,9.000000,15.000000,1.000000,1.000000
1163,43.000000,-347.000000,-10.000000,8.000000,0.000000,15.000000,4.000000,1.000000
1164,240.000000,-167.000000,-10.000000,8.000000,0.000000,15.000000,4.000000,2.000000
1165,240.000000,-167.000000,-10.000000,8.000000,0.000000,33.000000,4.000000,2.000000
1166,240.000000,-167.000000,-10.000000,8.000000,-2.000000,33.000000,4.000000,2.000000
1167,347.000000,-82.000000,-13.000000,5.000000,-2.000000,33.000000,8.000000,-1.000000
1168,347.000000,-82.000000,-13.000000,5.000000,-2.000000,35.000000,8.000000,-1.000000
1169,347.000000,-82.000000,-13.000000,5.000000,4.000000,35.000000,8.000000,-1.000000
1170,327.000000,11.000000,-13.000000,5.000000,4.000000,35.000000,8.000000,2.000000
1171,327.000000,11.000000,-11.000000,5.000000,4.000000,35.000000,10.000000,2.000000
1172,327.000000,11.000000,-11.000000,5.000000,-3.000000,-1.000000,10.000000,2.000000
1173,232.000000,48.000000,-11.000000,3.000000,-2.000000,2.000000,10.000000,4.000000
1174,232.000000,48.000000,-11.000000,3.000000,1.000000,13.000000,10.000000,4.000000
1175,232.000000,48.000000,-7.000000,3.000000,-6.000000,8.000000,2.000000,4.000000
1176,195.000000,40.000000,-7.000000,3.000000,-8.000000,-2.000000,2.000000,2.000000
1177,195.000000,40.000000,-7.000000,3.000000,-3.000000,-2.000000,2.000000,2.000000
1178,195.000000,40.000000,-7.000000,3.000000,0.000000,7.000000,2.000000,2.000000
1179,155.000000,20.000000,-16.000000,5.000000,12.000000,14.000000,2.000000,-6.000000
1180,155.000000,20.000000,-16.000000,5.000000,7.000000,17.000000,2.000000,-6.000000
1181,155.000000,20.000000,-16.000000,5.000000,3.000000,14.000000,2.000000,-6.000000
1182,109.000000,-87.000000,-16.000000,5.000000,8.000000,-2.000000,2.000000,-12.000000
1183,109.000000,-87.000000,-17.000000,5.000000,0.000000,-12.000000,5.000000,-12.000000
1184,109.000000,-87.000000,-17.000000,5.000000,2.000000,-7.000000,5.000000,-12.000000
1185,116.000000,-319.000000,-17.000000,4.000000,-3.000000,-7.000000,5.000000,-6.000000
1186,116.000000,-319.000000,-17.000000,4.000000,-16.000000,-8.000000,5.000000,-6.000000
1187,116.000000,-319.000000,-12.000000,4.000000,-10.000000,-9.000000,0.000000,-6.000000
1188,94.000000,-404.000000,-12.000000,4.000000,-5.000000,-11.000000,0.000000,1.000000
1189,94.000000,-404.000000,-12.000000,4.000000,-5.000000,-10.000000,0.000000,1.000000
1190,94.000000,-404.000000,-12.000000,4.000000,-3.000000,-7.000000,0.000000,1.000000
1191,85.000000,-300.000000,-14.000000,3.000000,-4.000000,-7.000000,3.000000,7.000000
1192,85.000000,-300.000000,-14.000000,3.000000,-3.000000,-9.000000,3.000000,7.000000
1193,85.000000,-300.000000,-14.000000,3.000000,-1.000000,-11.000000,3.000000,7.000000
1194,18.000000,-245.000000,-14.000000,3.000000,-2.000000,-9.000000,3.000000,5.000000
1195,18.000000,-245.000000,-4.000000,3.000000,-2.000000,-7.000000,4.000000,5.000000
1196,18.000000,-245.000000,-4.000000,3.000000,3.000000,-8.000000,4.000000,5.000000
1197,-101.000000,-194.000000,-4.000000,4.000000,9.000000,-5.000000,4.000000,3.000000
1198,-101.000000,-194.000000,1.000000,4.000000,7.000000,-4.000000,1.000000,3.000000
1199,-101.000000,-194.000000,1.000000,4.000000,6.000000,-6.000000,1.000000,3.000000
1200,-157.000000,-138.000000,1.000000,4.000000,2.000000,-10.000000,1.000000,10.000000
1201,-157.000000,-138.000000,1.000000,4.000000,-6.000000,-16.000000,1.000000,10.000000
1202,-157.000000,-138.000000,0.000000,4.000000,-3.000000,-10.000000,3.000000,10.000000
1203,-10.000000,21.000000,0.000000,4.000000,2.000000,0.000000,3.000000,11.000000
1204,-10.000000,21.000000,0.000000,4.000000,2.000000,0.000000,3.000000,11.000000
1205,-4.000000,379.000000,0.000000,4.000000,2.000000,-4.000000,3.000000,6.000000
1206,-4.000000,379.000000,0.000000,4.000000,12.000000,0.000000,3.000000,6.000000
1207,-4.000000,379.000000,0.000000,4.000000,12.000000,16.000000,3.000000,6.000000
1208,-13.000000,676.000000,0.000000,0.000000,12.000000,-5.000000,3.000000,3.000000
1209,-13.000000,676.000000,0.000000,0.000000,10.000000,-35.000000,3.000000,3.000000
1210,-13.000000,676.000000,-6.000000,0.000000,10.000000,-30.000000,4.000000,3.000000
1211,-14.000000,778.000000,-6.000000,0.000000,10.000000,-9.000000,4.000000,-4.000000
1212,-14.000000,778.000000,-6.000000,0.000000,10.000000,15.000000,4.000000,-4.000000
1213,-14.000000,778.000000,-6.000000,0.000000,9.000000,31.000000,4.000000,-4.000000
1214,-31.000000,807.000000,-10.000000,2.000000,9.000000,24.000000,4.000000,-6.000000
1215,-31.000000,807.000000,-10.000000,2.000000,9.000000,11.000000,4.000000,-6.000000
1216,-31.000000,807.000000,-10.000000,2.000000,11.000000,15.000000,4.000000,-6.000000
1217,-40.000000,775.000000,-10.000000,2.000000,11.000000,18.000000,4.000000,1.000000
1218,-40.000000,775.000000,-7.000000,2.000000,11.000000,5.000000,4.000000,1.000000
1219,-40.000000,775.000000,-7.000000,2.000000,11.000000,-12.000000,4.000000,1.000000
1220,-27.000000,553.000000,-7.000000,1.000000,16.000000,-28.000000,4.000000,0.000000
1221,-27.000000,553.000000,-7.000000,1.000000,16.000000,-5.000000,4.000000,0.000000
1222,-27.000000,553.000000,-15.000000,1.000000,16.000000,-7.000000,4.000000,0.000000
1223,-24.000000,250.000000,-15.000000,1.000000,8.000000,9.000000,4.000000,-5.000000
1224,-24.000000,250.000000,-15.000000,1.000000,8.000000,13.000000,4.000000,-5.000000
1225,-24.000000,250.000000,-15.000000,1.000000,8.000000,-3.000000,4.000000,-5.000000
1226,-22.000000,3.000000,-21.000000,-3.000000,-4.000000,6.000000,3.000000,0.000000
1227,-22.000000,3.000000,-21.000000,-3.000000,-4.000000,15.000000,3.000000,0.000000
1228,-22.000000,3.000000,-21.000000,-3.000000,-4.000000,10.000000,3.000000,0.000000
1229,-18.000000,-215.000000,-21.000000,-3.000000,-4.000000,15.000000,3.000000,3.000000
1230,-18.000000,-215.000000,-21.000000,-3.000000,-4.000000,6.000000,4.000000,3.000000
1231,-18.000000,-215.000000,-21.000000,-3.000000,-4.000000,-16.000000,4.000000,3.000000
1232,-39.000000,-297.000000,-21.000000,-6.000000,-4.000000,-11.000000,4.000000,0.000000
1233,-39.000000,-297.000000,-21.000000,-6.000000,-8.000000,6.000000,4.000000,0.000000
1234,-39.000000,-297.000000,-20.000000,-6.000000,-8.000000,5.000000,5.000000,0.000000
1235,-69.000000,-258.000000,-20.000000,-6.000000,-8.000000,5.000000,5.000000,-2.000000
1236,-69.000000,-258.000000,-20.000000,-6.000000,-8.000000,5.000000,5.000000,-2.000000
1237,-69.000000,-258.000000,-20.000000,-6.000000,-16.000000,5.000000,5.000000,-2.000000
1238,-58.000000,-148.000000,-11.000000,6.000000,-16.000000,3.000000,4.000000,0.000000
1239,-58.000000,-148.000000,-11.000000,6.000000,-16.000000,3.000000,4.000000,0.000000
1240,-58.000000,-148.000000,-11.000000,6.000000,-12.000000,3.000000,4.000000,0.000000
1241,-13.000000,26.000000,-5.000000,6.000000,-12.000000,3.000000,4.000000,-1.000000
1242,-13.000000,26.000000,-5.000000,6.000000,-12.000000,3.000000,4.000000,-1.000000
1243,-13.000000,26.000000,-5.000000,6.000000,-10.000000,6.000000,4.000000,-1.000000
1244,19.000000,137.000000,-5.000000,10.000000,-10.000000,6.000000,4.000000,-2.000000
1245,19.000000,137.000000,6.000000,10.000000,-10.000000,6.000000,1.000000,-2.000000
1246,19.000000,137.000000,6.000000,10.000000,-10.000000,6.000000,1.000000,-2.000000
1247,35.000000,197.000000,6.000000,10.000000,-10.000000,6.000000,1.000000,0.000000
1248,35.000000,197.000000,6.000000,10.000000,-10.000000,2.000000,1.000000,0.000000
1249,35.000000,197.000000,11.000000,10.000000,-10.000000,2.000000,1.000000,0.000000
1250,47.000000,-327.000000,11.000000,-8.000000,-4.000000,2.000000,1.000000,0.000000
1251,47.000000,-161.000000,11.000000,-8.000000,-4.000000,2.000000,1.000000,0.000000
1252,50.000000,-161.000000,11.000000,-8.000000,-4.000000,2.000000,1.000000,3.000000
1253,50.000000,29.000000,3.000000,-8.000000,-4.000000,2.000000,8.000000,3.000000
1254,50.000000,29.000000,3.000000,-8.000000,-5.000000,2.000000,8.000000,3.000000
1255,6.000000,203.000000,3.000000,-5.000000,-5.000000,2.000000,8.000000,3.000000
1256,6.000000,203.000000,3.000000,-5.000000,-5.000000,2.000000,8.000000,3.000000
1257,6.000000,427.000000,14.000000,-5.000000,-6.000000,2.000000,13.000000,3.000000
1258,-107.000000,427.000000,14.000000,-5.000000,-6.000000,4.000000,13.000000,3.000000
1259,-107.000000,583.000000,14.000000,-5.000000,-6.000000,4.000000,13.000000,1.000000
1260,-107.000000,583.000000,14.000000,-5.000000,3.000000,4.000000,13.000000,1.000000
1261,-196.000000,557.000000,18.000000,7.000000,3.000000,4.000000,5.000000,1.000000
1262,-196.000000,557.000000,18.000000,7.000000,3.000000,4.000000,5.000000,-8.000000
1263,-196.000000,524.000000,18.000000,7.000000,3.000000,0.000000,5.000000,-8.000000
1264,-192.000000,524.000000,18.000000,7.000000,11.000000,0.000000,5.000000,-11.000000
1265,-192.000000,542.000000,9.000000,7.000000,11.000000,0.000000,1.000000,-11.000000
1266,-192.000000,542.000000,9.000000,7.000000,11.000000,0.000000,1.000000,-11.000000
1267,-134.000000,341.000000,9.000000,1.000000,7.000000,0.000000,1.000000,-5.000000
1268,-134.000000,341.000000,9.000000,1.000000,7.000000,10.000000,1.000000,-5.000000
1269,-134.000000,1.000000,12.000000,1.000000,7.000000,10.000000,9.000000,3.000000
1270,8.000000,1.000000,12.000000,1.000000,7.000000,10.000000,9.000000,3.000000
1271,8.000000,-161.000000,12.000000,1.000000,2.000000,10.000000,9.000000,2.000000
1272,8.000000,-161.000000,12.000000,1.000000,2.000000,24.000000,9.000000,2.000000
1273,203.000000,-176.000000,9.000000,0.000000,2.000000,24.000000,8.000000,2.000000
1274,203.000000,-176.000000,9.000000,0.000000,-4.000000,24.000000,8.000000,5.000000
1275,203.000000,-155.000000,9.000000,0.000000,-4.000000,24.000000,8.000000,5.000000
1276,356.000000,-155.000000,9.000000,0.000000,-4.000000,24.000000,8.000000,15.000000
1277,356.000000,-124.000000,-1.000000,0.000000,-20.000000,-4.000000,4.000000,15.000000
1278,356.000000,-124.000000,-1.000000,0.000000,-20.000000,-4.000000,4.000000,15.000000
1279,430.000000,-169.000000,-1.000000,2.000000,-20.000000,-4.000000,4.000000,11.000000
1280,430.000000,-329.000000,-1.000000,2.000000,-20.000000,-4.000000,4.000000,11.000000
1281,430.000000,-329.000000,11.000000,2.000000,-15.000000,-4.000000,5.000000,3.000000
1282,352.000000,-495.000000,11.000000,2.000000,-15.000000,-18.000000,0.000000,3.000000
1283,352.000000,-495.000000,8.000000,2.000000,-15.000000,-18.000000,-7.000000,3.000000
1284,352.000000,-620.000000,8.000000,2.000000,1.000000,-18.000000,-7.000000,-3.000000
1285,176.000000,-620.000000,9.000000,0.000000,1.000000,-18.000000,0.000000,-3.000000
1286,176.000000,-633.000000,9.000000,0.000000,1.000000,-18.000000,5.000000,-11.000000
1287,176.000000,-633.000000,9.000000,0.000000,1.000000,-9.000000,5.000000,-11.000000
1288,5.000000,-426.000000,2.000000,0.000000,-3.000000,-9.000000,0.000000,-11.000000
1289,5.000000,-426.000000,2.000000,0.000000,-3.000000,-9.000000,-5.000000,-13.000000
1290,5.000000,47.000000,-1.000000,0.000000,-3.000000,-9.000000,-5.000000,-13.000000
1291,-177.000000,47.000000,-1.000000,2.000000,-18.000000,-9.000000,-5.000000,-9.000000
1292,-177.000000,743.000000,-1.000000,2.000000,-18.000000,-32.000000,-3.000000,-9.000000
1293,-177.000000,743.000000,7.000000,2.000000,-18.000000,-32.000000,-3.000000,0.000000
1294,-312.000000,1318.000000,7.000000,2.000000,-18.000000,-32.000000,-8.000000,0.000000
1295,-312.000000,1318.000000,8.000000,2.000000,-18.000000,-32.000000,-13.000000,0.000000
1296,-312.000000,1578.000000,8.000000,2.000000,-18.000000,-32.000000,-13.000000,0.000000
1297,-282.000000,1578.000000,8.000000,0.000000,-18.000000,-36.000000,-8.000000,0.000000
1298,-170.000000,1361.000000,-1.000000,1.000000,5.000000,-36.000000,-8.000000,-2.000000
1299,17.000000,1361.000000,-1.000000,0.000000,5.000000,-36.000000,-8.000000,-2.000000
1300,45.000000,547.000000,-8.000000,0.000000,5.000000,-36.000000,-6.000000,-2.000000
1301,-16.000000,547.000000,-8.000000,-3.000000,16.000000,-36.000000,-2.000000,4.000000
1302,65.000000,-156.000000,-9.000000,-2.000000,16.000000,-27.000000,-2.000000,4.000000
1303,156.000000,-156.000000,-9.000000,-2.000000,16.000000,-27.000000,-5.000000,2.000000
1304,138.000000,-424.000000,-9.000000,-1.000000,16.000000,-27.000000,-6.000000,2.000000
1305,121.000000,-424.000000,-4.000000,-5.000000,12.000000,-27.000000,-5.000000,2.000000
1306,113.000000,-607.000000,-4.000000,-5.000000,12.000000,-27.000000,-5.000000,0.000000
1307,69.000000,-607.000000,-3.000000,-7.000000,12.000000,-28.000000,-5.000000,0.000000
1308,14.000000,-627.000000,-3.000000,1.000000,12.000000,-28.000000,-12.000000,-5.000000
1309,-49.000000,-627.000000,-3.000000,1.000000,12.000000,-28.000000,-12.000000,-5.000000
1310,-128.000000,-567.000000,-6.000000,1.000000,12.000000,-28.000000,-18.000000,-13.000000
1311,-179.000000,-567.000000,-6.000000,-2.000000,12.000000,-11.000000,-4.000000,-13.000000
1312,-155.000000,-185.000000,-7.000000,-2.000000,3.000000,-11.000000,-4.000000,-13.000000
1313,-117.000000,-497.000000,-7.000000,2.000000,3.000000,-11.000000,17.000000,-4.000000
1314,-143.000000,-909.000000,-7.000000,0.000000,8.000000,-11.000000,26.000000,-4.000000
1315,-165.000000,-1193.000000,-3.000000,0.000000,8.000000,-11.000000,26.000000,4.000000
1316,-111.000000,-900.000000,-3.000000,0.000000,3.000000,0.000000,7.000000,4.000000
1317,-46.000000,-377.000000,3.000000,0.000000,3.000000,0.000000,-7.000000,4.000000
1318,-17.000000,-31.000000,3.000000,0.000000,3.000000,0.000000,-7.000000,2.000000
1319,25.000000,36.000000,3.000000,-1.000000,0.000000,0.000000,0.000000,2.000000
1320,76.000000,0.000000,10.000000,-4.000000,0.000000,0.000000,-1.000000,1.000000
1321,21.000000,84.000000,10.000000,-6.000000,-9.000000,12.000000,-1.000000,1.000000
1322,-95.000000,326.000000,7.000000,-6.000000,-9.000000,12.000000,2.000000,1.000000
1323,-38.000000,583.000000,7.000000,-1.000000,-9.000000,12.000000,5.000000,3.000000
1324,95.000000,648.000000,5.000000,-7.000000,-8.000000,12.000000,5.000000,3.000000
1325,137.000000,770.000000,5.000000,-7.000000,-8.000000,12.000000,-5.000000,4.000000
1326,211.000000,804.000000,5.000000,-8.000000,2.000000,21.000000,-3.000000,4.000000
1327,264.000000,583.000000,9.000000,1.000000,2.000000,21.000000,-3.000000,4.000000
1328,66.000000,706.000000,9.000000,1.000000,2.000000,21.000000,5.000000,2.000000
1329,66.000000,942.000000,5.000000,4.000000,5.000000,21.000000,-4.000000,2.000000
1330,96.000000,774.000000,5.000000,5.000000,5.000000,21.000000,-1.000000,2.000000
1331,96.000000,305.000000,5.000000,5.000000,6.000000,12.000000,1.000000,2.000000
1332,96.000000,-188.000000,0.000000,0.000000,6.000000,12.000000,1.000000,2.000000
1333,96.000000,-570.000000,0.000000,-7.000000,4.000000,12.000000,0.000000,2.000000
1334,96.000000,-982.000000,-3.000000,-7.000000,4.000000,12.000000,4.000000,2.000000
1335,96.000000,-1076.000000,-3.000000,1.000000,4.000000,12.000000,-3.000000,2.000000
1336,88.000000,-792.000000,-3.000000,11.000000,8.000000,13.000000,0.000000,3.000000
1337,88.000000,-610.000000,-10.000000,11.000000,8.000000,13.000000,-1.000000,3.000000
1338,88.000000,-339.000000,-10.000000,8.000000,16.000000,13.000000,0.000000,3.000000
1339,89.000000,82.000000,-8.000000,3.000000,16.000000,13.000000,37.000000,3.000000
1340,89.000000,282.000000,-8.000000,3.000000,16.000000,13.000000,2.000000,3.000000
1341,89.000000,234.000000,-5.000000,4.000000,7.000000,8.000000,-7.000000,3.000000
1342,80.000000,-112.000000,-5.000000,4.000000,7.000000,8.000000,-8.000000,3.000000
1343,80.000000,-536.000000,-5.000000,4.000000,-12.000000,8.000000,-17.000000,3.000000
1344,80.000000,-74.000000,-8.000000,-1.000000,-12.000000,8.000000,14.000000,5.000000
1345,62.000000,-23.000000,-8.000000,0.000000,-12.000000,8.000000,14.000000,5.000000
1346,62.000000,-7.000000,-5.000000,-7.000000,-20.000000,0.000000,14.000000,5.000000
1347,62.000000,10.000000,-5.000000,1.000000,-20.000000,0.000000,-4.000000,5.000000
1348,28.000000,17.000000,-5.000000,-4.000000,-9.000000,0.000000,-4.000000,5.000000
1349,28.000000,9.000000,-2.000000,-1.000000,-9.000000,0.000000,-4.000000,5.000000
1350,28.000000,7.000000,-2.000000,-5.000000,-9.000000,0.000000,-3.000000,5.000000
1351,-9.000000,40.000000,-5.000000,11.000000,-7.000000,0.000000,-3.000000,5.000000
1352,-9.000000,156.000000,-5.000000,3.000000,-7.000000,0.000000,-3.000000,1.000000
1353,-9.000000,195.000000,-5.000000,3.000000,-9.000000,0.000000,-3.000000,1.000000
1354,-35.000000,22.000000,-5.000000,3.000000,-9.000000,0.000000,22.000000,1.000000
1355,-35.000000,-122.000000,-5.000000,3.000000,-4.000000,-4.000000,22.000000,1.000000
1356,-35.000000,-116.000000,0.000000,0.000000,-4.000000,-4.000000,22.000000,1.000000
1357,-39.000000,-59.000000,0.000000,1.000000,-4.000000,-4.000000,14.000000,1.000000
1358,-39.000000,-3.000000,0.000000,2.000000,0.000000,-4.000000,14.000000,1.000000
1359,-39.000000,-6.000000,0.000000,-1.000000,0.000000,-4.000000,14.000000,1.000000
1360,-22.000000,0.000000,0.000000,-2.000000,1.000000,11.000000,14.000000,1.000000
1361,-22.000000,16.000000,0.000000,-2.000000,1.000000,11.000000,4.000000,0.000000
1362,-22.000000,30.000000,0.000000,-7.000000,1.000000,11.000000,4.000000,0.000000
1363,-15.000000,14.000000,0.000000,-7.000000,-6.000000,11.000000,4.000000,0.000000
1364,-15.000000,-21.000000,0.000000,-8.000000,-6.000000,11.000000,1.000000,0.000000
1365,-15.000000,-11.000000,0.000000,-8.000000,-7.000000,24.000000,1.000000,0.000000
1366,-14.000000,-5.000000,0.000000,-5.000000,-7.000000,24.000000,1.000000,0.000000
1367,-14.000000,-17.000000,0.000000,-5.000000,-7.000000,24.000000,2.000000,0.000000
1368,-14.000000,-9.000000,0.000000,-3.000000,0.000000,24.000000,2.000000,0.000000
1369,-12.000000,-10.000000,0.000000,-3.000000,0.000000,24.000000,2.000000,-1.000000
1370,-12.000000,-9.000000,0.000000,2.000000,3.000000,12.000000,2.000000,-1.000000
1371,-12.000000,-7.000000,0.000000,2.000000,3.000000,12.000000,6.000000,-1.000000
1372,-9.000000,-8.000000,-2.000000,4.000000,19.000000,12.000000,6.000000,-1.000000
1373,-9.000000,-8.000000,-2.000000,4.000000,19.000000,12.000000,6.000000,-1.000000
1374,-9.000000,-7.000000,-2.000000,0.000000,19.000000,12.000000,-7.000000,-1.000000
1375,0.000000,-2.000000,-2.000000,0.000000,18.000000,6.000000,-7.000000,-1.000000
1376,0.000000,-9.000000,4.000000,1.000000,18.000000,6.000000,-7.000000,-1.000000
1377,5.000000,-20.000000,4.000000,1.000000,3.000000,6.000000,-7.000000,0.000000
1378,5.000000,-9.000000,4.000000,1.000000,3.000000,6.000000,28.000000,0.000000
1379,5.000000,0.000000,4.000000,1.000000,3.000000,6.000000,28.000000,0.000000
1380,3.000000,-3.000000,4.000000,0.000000,12.000000,-2.000000,28.000000,0.000000
1381,3.000000,-6.000000,14.000000,0.000000,12.000000,-2.000000,104.000000,0.000000
1382,3.000000,-4.000000,14.000000,1.000000,25.000000,-2.000000,104.000000,0.000000
1383,7.000000,-1.000000,14.000000,1.000000,25.000000,-2.000000,104.000000,0.000000
1384,7.000000,-6.000000,14.000000,-1.000000,25.000000,-2.000000,70.000000,0.000000
1385,7.000000,-7.000000,11.000000,-1.000000,20.000000,-3.000000,70.000000,0.000000
1386,20.000000,1.000000,11.000000,1.000000,20.000000,-3.000000,70.000000,0.000000
1387,20.000000,4.000000,11.000000,1.000000,11.000000,-3.000000,70.000000,0.000000
1388,20.000000,2.000000,11.000000,0.000000,11.000000,-3.000000,-18.000000,0.000000
1389,18.000000,-6.000000,7.000000,0.000000,11.000000,-3.000000,-18.000000,0.000000
1390,18.000000,-19.000000,7.000000,-1.000000,-52.000000,-5.000000,-18.000000,0.000000
1391,18.000000,-19.000000,7.000000,-1.000000,-52.000000,-5.000000,-47.000000,0.000000
1392,9.000000,-19.000000,7.000000,0.000000,-52.000000,-5.000000,-47.000000,0.000000
1393,9.000000,-19.000000,7.000000,0.000000,-27.000000,-17.000000,-47.000000,0.000000
1394,9.000000,-19.000000,12.000000,-1.000000,-27.000000,-17.000000,-47.000000,-3.000000
1395,2.000000,34.000000,12.000000,-1.000000,-27.000000,-17.000000,-43.000000,-3.000000
1396,2.000000,34.000000,12.000000,0.000000,-1.000000,-16.000000,-43.000000,-3.000000
1397,2.000000,34.000000,12.000000,0.000000,-1.000000,-16.000000,-43.000000,-3.000000
1398,-9.000000,34.000000,10.000000,0.000000,-1.000000,-16.000000,15.000000,-3.000000
1399,-9.000000,34.000000,10.000000,0.000000,-1.000000,-16.000000,15.000000,-3.000000
1400,-9.000000,58.000000,10.000000,-1.000000,7.000000,-7.000000,15.000000,-3.000000
1401,-10.000000,58.000000,10.000000,-1.000000,7.000000,-7.000000,118.000000,-3.000000
1402,-10.000000,58.000000,10.000000,0.000000,7.000000,-7.000000,118.000000,-5.000000
1403,-10.000000,58.000000,8.000000,0.000000,0.000000,-11.000000,118.000000,-5.000000
1404,-7.000000,58.000000,8.000000,0.000000,0.000000,-11.000000,118.000000,-5.000000
1405,-7.000000,58.000000,8.000000,0.000000,0.000000,-11.000000,131.000000,-5.000000
1406,-7.000000,29.000000,8.000000,0.000000,0.000000,-11.000000,131.000000,-5.000000
1407,-7.000000,29.000000,6.000000,0.000000,1.000000,-7.000000,131.000000,-5.000000
1408,-7.000000,29.000000,6.000000,0.000000,1.000000,-7.000000,-2.000000,-5.000000
1409,-7.000000,29.000000,6.000000,0.000000,1.000000,-7.000000,-2.000000,-5.000000
1410,-5.000000,29.000000,6.000000,0.000000,21.000000,-5.000000,-2.000000,-5.000000
1411,-5.000000,12.000000,0.000000,0.000000,21.000000,-5.000000,-2.000000,-5.000000
1412,-5.000000,12.000000,0.000000,-4.000000,21.000000,-5.000000,-134.000000,-5.000000
1413,-6.000000,12.000000,0.000000,-4.000000,21.000000,-5.000000,-134.000000,-5.000000
1414,-6.000000,12.000000,0.000000,-6.000000,56.000000,-4.000000,-134.000000,-5.000000
1415,-6.000000,12.000000,0.000000,-6.000000,56.000000,-4.000000,-212.000000,-5.000000
1416,-17.000000,2.000000,-3.000000,-2.000000,56.000000,-4.000000,-212.000000,-5.000000
1417,-17.000000,2.000000,-3.000000,-2.000000,61.000000,-1.000000,-212.000000,-5.000000
1418,-17.000000,2.000000,-3.000000,-3.000000,61.000000,-1.000000,-298.000000,-5.000000
1419,-35.000000,2.000000,-3.000000,-3.000000,61.000000,-1.000000,-298.000000,0.000000
1420,-35.000000,2.000000,-5.000000,1.000000,32.000000,-3.000000,-298.000000,0.000000
1421,-35.000000,2.000000,-5.000000,1.000000,32.000000,-3.000000,-298.000000,0.000000
1422,-11.000000,-24.000000,-5.000000,1.000000,32.000000,-3.000000,-244.000000,0.000000
1423,-11.000000,-24.000000,-5.000000,1.000000,32.000000,-3.000000,-244.000000,0.000000
1424,-11.000000,-24.000000,-5.000000,4.000000,20.000000,-2.000000,-244.000000,0.000000
1425,-9.000000,-24.000000,2.000000,3.000000,20.000000,-2.000000,-102.000000,0.000000
1426,-9.000000,-24.000000,2.000000,3.000000,20.000000,-2.000000,-102.000000,0.000000
1427,-9.000000,-35.000000,2.000000,1.000000,39.000000,0.000000,-102.000000,4.000000
1428,-6.000000,-35.000000,2.000000,3.000000,39.000000,0.000000,-102.000000,4.000000
1429,-6.000000,-35.000000,10.000000,3.000000,39.000000,0.000000,-3.000000,4.000000
1430,-6.000000,-35.000000,10.000000,2.000000,39.000000,0.000000,-3.000000,4.000000
1431,-6.000000,-35.000000,10.000000,4.000000,38.000000,2.000000,-3.000000,4.000000
1432,-6.000000,-34.000000,10.000000,1.000000,38.000000,2.000000,107.000000,4.000000
1433,-6.000000,-34.000000,6.000000,0.000000,38.000000,2.000000,107.000000,4.000000
1434,-6.000000,-34.000000,6.000000,0.000000,-1.000000,8.000000,107.000000,4.000000
1435,-29.000000,-34.000000,6.000000,-1.000000,-1.000000,8.000000,134.000000,4.000000
1436,-29.000000,-34.000000,6.000000,-2.000000,-1.000000,8.000000,134.000000,0.000000
1437,-29.000000,-34.000000,6.000000,-1.000000,-1.000000,8.000000,134.000000,0.000000
1438,-29.000000,-51.000000,-1.000000,-5.000000,-35.000000,11.000000,134.000000,0.000000
1439,-151.000000,-51.000000,-1.000000,-7.000000,-35.000000,11.000000,110.000000,0.000000
1440,-151.000000,-51.000000,-1.000000,0.000000,-35.000000,11.000000,110.000000,0.000000
1441,-151.000000,-51.000000,-1.000000,-2.000000,-69.000000,12.000000,110.000000,0.000000
1442,-295.000000,-51.000000,-5.000000,-7.000000,-69.000000,12.000000,83.000000,0.000000
1443,-295.000000,-75.000000,-5.000000,3.000000,-69.000000,12.000000,83.000000,0.000000
1444,-295.000000,-75.000000,-5.000000,3.000000,-108.000000,9.000000,83.000000,-3.000000
1445,-276.000000,-75.000000,-5.000000,0.000000,-108.000000,9.000000,83.000000,-3.000000
1446,-276.000000,-75.000000,-5.000000,6.000000,-108.000000,9.000000,-5.000000,-3.000000
1447,-276.000000,-75.000000,-4.000000,2.000000,-108.000000,9.000000,-5.000000,-3.000000
1448,-276.000000,-75.000000,-4.000000,0.000000,-148.000000,9.000000,-5.000000,-3.000000
1449,-121.000000,-68.000000,-4.000000,2.000000,-148.000000,9.000000,-64.000000,-3.000000
1450,-121.000000,-68.000000,-4.000000,0.000000,-148.000000,9.000000,-64.000000,-3.000000
1451,-121.000000,-68.000000,-6.000000,0.000000,-160.000000,9.000000,-64.000000,-3.000000
1452,73.000000,-68.000000,-6.000000,-2.000000,-160.000000,9.000000,-64.000000,-5.000000
1453,73.000000,-68.000000,-6.000000,8.000000,-160.000000,9.000000,-23.000000,-5.000000
1454,73.000000,-22.000000,-6.000000,8.000000,-160.000000,9.000000,117.000000,-5.000000
1455,73.000000,-22.000000,-9.000000,8.000000,-117.000000,8.000000,199.000000,-5.000000
1456,256.000000,-22.000000,-9.000000,8.000000,-117.000000,8.000000,133.000000,-5.000000
1457,256.000000,-22.000000,-9.000000,-1.000000,-117.000000,8.000000,101.000000,-5.000000
1458,256.000000,-22.000000,-9.000000,-1.000000,-122.000000,8.000000,55.000000,-5.000000
1459,378.000000,-9.000000,-9.000000,-1.000000,-122.000000,8.000000,-9.000000,-5.000000
1460,378.000000,-9.000000,-14.000000,-1.000000,-122.000000,8.000000,36.000000,-2.000000
1461,378.000000,-9.000000,-14.000000,-3.000000,-122.000000,8.000000,77.000000,-2.000000
1462,466.000000,-9.000000,-14.000000,-3.000000,-122.000000,6.000000,54.000000,-2.000000
1463,466.000000,-9.000000,-14.000000,-3.000000,-122.000000,6.000000,0.000000,-2.000000
1464,466.000000,-9.000000,-15.000000,-3.000000,-122.000000,6.000000,-15.000000,-2.000000
1465,466.000000,-39.000000,-15.000000,-3.000000,-50.000000,5.000000,-33.000000,-2.000000
1466,484.000000,-39.000000,-15.000000,5.000000,-50.000000,5.000000,-154.000000,-2.000000
1467,484.000000,-39.000000,-15.000000,5.000000,-50.000000,5.000000,-215.000000,-2.000000
1468,484.000000,-39.000000,-15.000000,5.000000,-50.000000,5.000000,-166.000000,-2.000000
1469,379.000000,-39.000000,-11.000000,5.000000,27.000000,2.000000,-137.000000,-3.000000
1470,379.000000,0.000000,-11.000000,6.000000,27.000000,2.000000,-111.000000,-3.000000
1471,379.000000,0.000000,-11.000000,6.000000,27.000000,2.000000,-66.000000,-3.000000
1472,379.000000,0.000000,-11.000000,6.000000,79.000000,-4.000000,3.000000,-3.000000
1473,126.000000,0.000000,-16.000000,6.000000,79.000000,-4.000000,69.000000,-3.000000
1474,126.000000,0.000000,-16.000000,6.000000,79.000000,-4.000000,71.000000,-3.000000
1475,126.000000,101.000000,-16.000000,6.000000,79.000000,-9.000000,62.000000,-3.000000
1476,-209.000000,101.000000,-16.000000,6.000000,79.000000,-9.000000,92.000000,-3.000000
1477,-209.000000,101.000000,-19.000000,6.000000,79.000000,-9.000000,88.000000,-3.000000
1478,-209.000000,101.000000,-19.000000,6.000000,79.000000,-9.000000,28.000000,-3.000000
1479,-365.000000,101.000000,-19.000000,8.000000,93.000000,-5.000000,0.000000,-3.000000
1480,-365.000000,101.000000,-19.000000,8.000000,93.000000,-5.000000,4.000000,-3.000000
1481,-365.000000,176.000000,-19.000000,8.000000,93.000000,-5.000000,21.000000,-3.000000
1482,-365.000000,176.000000,-14.000000,8.000000,84.000000,2.000000,84.000000,-3.000000
1483,-282.000000,176.000000,-14.000000,5.000000,84.000000,2.000000,103.000000,-3.000000
1484,-282.000000,176.000000,-14.000000,5.000000,84.000000,2.000000,198.000000,-3.000000
1485,-282.000000,176.000000,-14.000000,5.000000,84.000000,2.000000,-137.000000,0.000000
1486,-150.000000,258.000000,-8.000000,5.000000,55.000000,1.000000,-291.000000,0.000000
1487,-150.000000,258.000000,-8.000000,5.000000,55.000000,1.000000,-172.000000,0.000000
1488,-150.000000,258.000000,-8.000000,8.000000,55.000000,1.000000,-32.000000,0.000000
1489,-150.000000,258.000000,-8.000000,8.000000,83.000000,0.000000,-3.000000,0.000000
1490,-102.000000,258.000000,-8.000000,8.000000,83.000000,0.000000,56.000000,0.000000
1491,-102.000000,258.000000,-1.000000,8.000000,83.000000,0.000000,-26.000000,0.000000
1492,-102.000000,231.000000,-1.000000,10.000000,83.000000,0.000000,17.000000,0.000000
1493,-142.000000,231.000000,-1.000000,10.000000,96.000000,0.000000,121.000000,0.000000
1494,-142.000000,231.000000,-1.000000,10.000000,96.000000,0.000000,311.000000,-2.000000
1495,-142.000000,231.000000,0.000000,10.000000,96.000000,0.000000,349.000000,-2.000000
1496,-160.000000,231.000000,0.000000,10.000000,87.000000,0.000000,48.000000,-2.000000
1497,-160.000000,56.000000,0.000000,0.000000,87.000000,0.000000,-532.000000,-2.000000
1498,-160.000000,56.000000,0.000000,0.000000,87.000000,0.000000,-389.000000,-2.000000
1499,-160.000000,56.000000,0.000000,0.000000,87.000000,0.000000,-238.000000,-2.000000
1500,-136.000000,56.000000,4.000000,0.000000,-106.000000,-20.000000,-67.000000,-2.000000
1501,-136.000000,56.000000,8.000000,1.000000,41.000000,-21.000000,-51.000000,-2.000000
1502,-136.000000,-62.000000,17.000000,1.000000,86.000000,-3.000000,13.000000,-1.000000
1503,-103.000000,-62.000000,22.000000,1.000000,64.000000,-3.000000,13.000000,-1.000000
1504,-103.000000,-62.000000,24.000000,1.000000,122.000000,-3.000000,126.000000,-1.000000
1505,-103.000000,-62.000000,16.000000,0.000000,139.000000,-7.000000,171.000000,-1.000000
1506,-103.000000,-62.000000,-3.000000,0.000000,110.000000,-7.000000,171.000000,-1.000000
1507,-22.000000,-62.000000,-8.000000,0.000000,106.000000,4.000000,176.000000,-1.000000
1508,-22.000000,-82.000000,-5.000000,0.000000,104.000000,9.000000,143.000000,-1.000000
1509,-22.000000,-82.000000,-6.000000,0.000000,86.000000,9.000000,143.000000,-1.000000
1510,42.000000,-82.000000,0.000000,-9.000000,56.000000,3.000000,128.000000,0.000000
1511,42.000000,-82.000000,8.000000,-9.000000,54.000000,-4.000000,100.000000,0.000000
1512,42.000000,-82.000000,9.000000,-9.000000,58.000000,-4.000000,100.000000,0.000000
1513,27.000000,-80.000000,3.000000,-9.000000,52.000000,15.000000,15.000000,0.000000
1514,27.000000,-80.000000,-16.000000,-11.000000,64.000000,54.000000,-194.000000,0.000000
1515,27.000000,-80.000000,-34.000000,-11.000000,78.000000,54.000000,-194.000000,0.000000
1516,27.000000,-80.000000,-19.000000,-11.000000,9.000000,44.000000,-259.000000,0.000000
1517,19.000000,-80.000000,17.000000,-11.000000,-167.000000,6.000000,23.000000,0.000000
1518,19.000000,-84.000000,39.000000,-11.000000,-304.000000,6.000000,23.000000,0.000000
1519,19.000000,-84.000000,45.000000,-9.000000,-286.000000,-14.000000,185.000000,0.000000
1520,60.000000,-84.000000,40.000000,-9.000000,-227.000000,-16.000000,130.000000,0.000000
1521,60.000000,-84.000000,9.000000,-9.000000,-244.000000,-16.000000,130.000000,0.000000
1522,60.000000,-84.000000,-27.000000,-9.000000,-154.000000,-1.000000,130.000000,0.000000
1523,60.000000,-84.000000,-41.000000,-7.000000,-5.000000,-12.000000,118.000000,0.000000
1524,108.000000,-113.000000,-38.000000,-7.000000,27.000000,-23.000000,68.000000,0.000000
1525,108.000000,-113.000000,-38.000000,-7.000000,79.000000,-23.000000,68.000000,0.000000
1526,108.000000,-113.000000,-24.000000,-7.000000,91.000000,-13.000000,70.000000,0.000000
1527,125.000000,-113.000000,1.000000,-7.000000,105.000000,-14.000000,44.000000,0.000000
1528,125.000000,-113.000000,5.000000,-7.000000,195.000000,-14.000000,44.000000,0.000000
1529,125.000000,-156.000000,-2.000000,-7.000000,210.000000,-10.000000,-34.000000,0.000000
1530,125.000000,-156.000000,-8.000000,-7.000000,222.000000,-8.000000,-46.000000,0.000000
1531,100.000000,-156.000000,-124.000000,-7.000000,19.000000,-8.000000,-46.000000,0.000000
1532,-1.000000,-156.000000,-149.000000,-5.000000,0.000000,-3.000000,30.000000,0.000000
1533,-66.000000,-156.000000,-99.000000,-5.000000,4.000000,9.000000,86.000000,0.000000
1534,-32.000000,-156.000000,-180.000000,-5.000000,10.000000,9.000000,86.000000,0.000000
1535,-18.000000,-177.000000,-310.000000,-5.000000,42.000000,-1.000000,105.000000,0.000000
1536,-49.000000,-177.000000,-184.000000,1.000000,53.000000,-5.000000,181.000000,0.000000
1537,-104.000000,-177.000000,-24.000000,1.000000,22.000000,-5.000000,181.000000,0.000000
1538,-125.000000,-177.000000,-38.000000,1.000000,11.000000,-7.000000,103.000000,0.000000
1539,-92.000000,-177.000000,34.000000,1.000000,-75.000000,-29.000000,-163.000000,0.000000
1540,-71.000000,-184.000000,127.000000,1.000000,21.000000,-29.000000,-163.000000,0.000000
1541,-57.000000,-184.000000,133.000000,7.000000,-50.000000,-16.000000,-291.000000,0.000000
1542,-58.000000,-184.000000,157.000000,7.000000,18.000000,25.000000,-284.000000,0.000000
1543,-64.000000,-184.000000,140.000000,7.000000,11.000000,25.000000,-284.000000,0.000000
1544,-82.000000,-184.000000,135.000000,7.000000,13.000000,52.000000,-233.000000,-2.000000
1545,-176.000000,-194.000000,166.000000,0.000000,33.000000,71.000000,-161.000000,-2.000000
1546,-210.000000,-194.000000,164.000000,0.000000,37.000000,71.000000,-161.000000,-2.000000
1547,-110.000000,-194.000000,159.000000,0.000000,-40.000000,65.000000,-107.000000,-2.000000
1548,-20.000000,-194.000000,151.000000,0.000000,-69.000000,65.000000,-59.000000,-2.000000
1549,41.000000,-194.000000,123.000000,-3.000000,-2.000000,12.000000,4.000000,-2.000000
1550,144.000000,-194.000000,39.000000,-3.000000,60.000000,12.000000,4.000000,-2.000000
1551,326.000000,-155.000000,-82.000000,-3.000000,138.000000,-29.000000,92.000000,-2.000000
1552,446.000000,-155.000000,-194.000000,-3.000000,53.000000,-29.000000,116.000000,-1.000000
1553,452.000000,-155.000000,-286.000000,-3.000000,-75.000000,-29.000000,116.000000,-1.000000
1554,521.000000,-155.000000,-282.000000,6.000000,-154.000000,-29.000000,65.000000,-1.000000
1555,482.000000,-155.000000,-243.000000,6.000000,0.000000,-29.000000,42.000000,-1.000000
1556,139.000000,-53.000000,-215.000000,6.000000,-11.000000,-21.000000,42.000000,-1.000000
1557,-321.000000,-53.000000,-84.000000,6.000000,-75.000000,-21.000000,48.000000,-1.000000
1558,-531.000000,-53.000000,-41.000000,6.000000,99.000000,-21.000000,40.000000,-1.000000
1559,-361.000000,-53.000000,-107.000000,6.000000,122.000000,2.000000,40.000000,-1.000000
1560,-97.000000,-53.000000,1.000000,6.000000,93.000000,2.000000,66.000000,-1.000000
1561,138.000000,-53.000000,165.000000,6.000000,49.000000,12.000000,117.000000,-1.000000
1562,365.000000,95.000000,204.000000,6.000000,-76.000000,12.000000,117.000000,-1.000000
1563,278.000000,266.000000,176.000000,2.000000,-59.000000,12.000000,42.000000,-1.000000
1564,-147.000000,358.000000,176.000000,2.000000,-155.000000,-3.000000,9.000000,-1.000000
1565,-629.000000,415.000000,123.000000,2.000000,-261.000000,-3.000000,9.000000,-1.000000
1566,-367.000000,473.000000,123.000000,2.000000,174.000000,-8.000000,92.000000,-1.000000
1567,-225.000000,362.000000,79.000000,5.000000,261.000000,-8.000000,32.000000,-1.000000
1568,48.000000,121.000000,79.000000,5.000000,79.000000,-2.000000,32.000000,-1.000000
1569,291.000000,-62.000000,20.000000,5.000000,-132.000000,-2.000000,-27.000000,0.000000
1570,74.000000,-198.000000,20.000000,5.000000,-226.000000,-2.000000,-2.000000,0.000000
1571,2.000000,-300.000000,-38.000000,5.000000,-94.000000,5.000000,-4.000000,0.000000
1572,132.000000,-312.000000,-38.000000,5.000000,-24.000000,5.000000,-4.000000,0.000000
1573,-79.000000,-304.000000,-44.000000,5.000000,184.000000,5.000000,-21.000000,0.000000
1574,-124.000000,-314.000000,-44.000000,5.000000,136.000000,5.000000,-79.000000,0.000000
1575,-68.000000,-249.000000,-29.000000,5.000000,139.000000,5.000000,-79.000000,0.000000
1576,-36.000000,-138.000000,-29.000000,6.000000,29.000000,4.000000,-107.000000,0.000000
1577,-4.000000,-40.000000,-42.000000,6.000000,-63.000000,4.000000,-89.000000,2.000000
1578,-4.000000,65.000000,-42.000000,6.000000,-174.000000,13.000000,-89.000000,2.000000
1579,4.000000,147.000000,-35.000000,6.000000,-198.000000,13.000000,-28.000000,2.000000
1580,34.000000,182.000000,-35.000000,5.000000,-204.000000,13.000000,43.000000,2.000000
1581,34.000000,227.000000,-6.000000,5.000000,-204.000000,10.000000,43.000000,2.000000
1582,67.000000,230.000000,-6.000000,5.000000,-293.000000,10.000000,-10.000000,2.000000
1583,91.000000,122.000000,-2.000000,5.000000,-331.000000,-22.000000,-72.000000,2.000000
1584,91.000000,-2.000000,-2.000000,5.000000,-331.000000,-22.000000,-72.000000,2.000000
1585,110.000000,-149.000000,24.000000,1.000000,-96.000000,-60.000000,-58.000000,1.000000
1586,88.000000,-221.000000,24.000000,1.000000,156.000000,-60.000000,-32.000000,1.000000
1587,88.000000,-171.000000,34.000000,1.000000,156.000000,-60.000000,-32.000000,1.000000
1588,30.000000,-185.000000,34.000000,1.000000,174.000000,-56.000000,-9.000000,1.000000
1589,7.000000,-179.000000,26.000000,2.000000,195.000000,-56.000000,-9.000000,1.000000
1590,7.000000,-86.000000,26.000000,2.000000,195.000000,-34.000000,-9.000000,1.000000
1591,-17.000000,60.000000,106.000000,2.000000,208.000000,-34.000000,31.000000,1.000000
1592,-57.000000,262.000000,106.000000,2.000000,170.000000,-34.000000,45.000000,1.000000
1593,-57.000000,396.000000,196.000000,2.000000,170.000000,-10.000000,45.000000,1.000000
1594,-14.000000,326.000000,196.000000,-13.000000,219.000000,-10.000000,-4.000000,-1.000000
1595,60.000000,153.000000,247.000000,-22.000000,183.000000,23.000000,-17.000000,1.000000
1596,60.000000,188.000000,247.000000,-17.000000,183.000000,23.000000,-35.000000,0.000000
1597,115.000000,188.000000,290.000000,-10.000000,99.000000,23.000000,-35.000000,0.000000
1598,176.000000,140.000000,290.000000,-7.000000,43.000000,44.000000,-60.000000,0.000000
1599,176.000000,165.000000,265.000000,-1.000000,43.000000,44.000000,-41.000000,-1.000000
1600,176.000000,165.000000,265.000000,4.000000,42.000000,47.000000,-41.000000,0.000000
1601,148.000000,198.000000,34.000000,-2.000000,109.000000,47.000000,49.000000,0.000000
1602,147.000000,181.000000,34.000000,12.000000,-39.000000,47.000000,87.000000,1.000000
1603,147.000000,181.000000,-398.000000,23.000000,-39.000000,30.000000,87.000000,0.000000
1604,134.000000,325.000000,-398.000000,37.000000,-170.000000,30.000000,32.000000,0.000000
1605,50.000000,233.000000,-664.000000,17.000000,-43.000000,-2.000000,-5.000000,-1.000000
1606,50.000000,-131.000000,-664.000000,-7.000000,-43.000000,-2.000000,-12.000000,1.000000
1607,-44.000000,-131.000000,-647.000000,-22.000000,-71.000000,-39.000000,-12.000000,0.000000
1608,-26.000000,-309.000000,-647.000000,-25.000000,-222.000000,-39.000000,-21.000000,0.000000
1609,-26.000000,-290.000000,-606.000000,-7.000000,-222.000000,-39.000000,-10.000000,0.000000
1610,28.000000,-290.000000,-606.000000,-7.000000,-217.000000,-69.000000,-10.000000,-1.000000
1611,17.000000,-336.000000,-620.000000,-7.000000,-113.000000,-69.000000,0.000000,-1.000000
1612,17.000000,-508.000000,-620.000000,-7.000000,-113.000000,-69.000000,-7.000000,0.000000
1613,-51.000000,-508.000000,-514.000000,-7.000000,-27.000000,-69.000000,-7.000000,-9.000000
1614,-115.000000,-577.000000,-514.000000,-7.000000,9.000000,-69.000000,1.000000,0.000000
1615,-115.000000,-478.000000,-230.000000,-8.000000,9.000000,-30.000000,4.000000,-9.000000
1616,-134.000000,-478.000000,-230.000000,-8.000000,134.000000,-30.000000,4.000000,0.000000
1617,-129.000000,-340.000000,-22.000000,-8.000000,214.000000,11.000000,-3.000000,-2.000000
1618,-129.000000,-235.000000,-22.000000,-8.000000,214.000000,11.000000,3.000000,7.000000
1619,-96.000000,-193.000000,102.000000,-8.000000,100.000000,11.000000,4.000000,8.000000
1620,-76.000000,-193.000000,102.000000,-8.000000,51.000000,21.000000,4.000000,4.000000
1621,-76.000000,-119.000000,196.000000,-8.000000,51.000000,21.000000,5.000000,0.000000
1622,-82.000000,-32.000000,196.000000,-5.000000,140.000000,11.000000,14.000000,4.000000
1623,-69.000000,-32.000000,220.000000,-5.000000,194.000000,11.000000,14.000000,1.000000
1624,-69.000000,-38.000000,220.000000,-5.000000,194.000000,11.000000,11.000000,0.000000
1625,-52.000000,-64.000000,265.000000,-5.000000,205.000000,24.000000,7.000000,1.000000
1626,-36.000000,-64.000000,242.000000,-5.000000,-205.000000,-2.000000,7.000000,1.000000
1627,-17.000000,-56.000000,216.000000,-5.000000,-264.000000,77.000000,2.000000,0.000000
1628,-17.000000,-24.000000,216.000000,-5.000000,-87.000000,81.000000,-3.000000,0.000000
1629,-8.000000,22.000000,249.000000,-3.000000,-256.000000,9.000000,5.000000,-2.000000
1630,-13.000000,22.000000,202.000000,-3.000000,11.000000,-24.000000,5.000000,-2.000000
1631,-13.000000,81.000000,202.000000,-3.000000,68.000000,-11.000000,6.000000,-2.000000
1632,-17.000000,143.000000,104.000000,-3.000000,120.000000,-6.000000,40.000000,-7.000000
1633,18.000000,143.000000,17.000000,-3.000000,-16.000000,8.000000,40.000000,-21.000000
1634,18.000000,162.000000,17.000000,-3.000000,14.000000,-3.000000,98.000000,-21.000000
1635,38.000000,125.000000,-39.000000,-3.000000,66.000000,-41.000000,52.000000,-27.000000
1636,13.000000,125.000000,5.000000,2.000000,77.000000,-57.000000,52.000000,-16.000000
1637,13.000000,48.000000,5.000000,2.000000,177.000000,-90.000000,-32.000000,-16.000000
1638,-31.000000,3.000000,173.000000,2.000000,253.000000,-99.000000,-73.000000,-4.000000
1639,-164.000000,3.000000,240.000000,2.000000,-64.000000,18.000000,-73.000000,-2.000000
1640,-164.000000,-11.000000,240.000000,2.000000,-120.000000,50.000000,-7.000000,-2.000000
1641,-248.000000,-11.000000,172.000000,2.000000,-120.000000,41.000000,-7.000000,-1.000000
1642,-116.000000,-11.000000,164.000000,2.000000,8.000000,90.000000,-7.000000,13.000000
1643,-116.000000,0.000000,164.000000,4.000000,8.000000,110.000000,-16.000000,13.000000
1644,41.000000,0.000000,164.000000,4.000000,-126.000000,43.000000,-16.000000,28.000000
1645,194.000000,0.000000,161.000000,4.000000,-126.000000,1.000000,-16.000000,23.000000
1646,194.000000,0.000000,161.000000,4.000000,-126.000000,-35.000000,-22.000000,23.000000
1647,348.000000,16.000000,144.000000,4.000000,-251.000000,-31.000000,-22.000000,20.000000
1648,366.000000,16.000000,61.000000,4.000000,-251.000000,-19.000000,-22.000000,20.000000
1649,315.000000,16.000000,9.000000,4.000000,-265.000000,-6.000000,-22.000000,8.000000
1650,315.000000,16.000000,9.000000,0.000000,-265.000000,-1.000000,-37.000000,8.000000
1651,185.000000,29.000000,-11.000000,0.000000,-265.000000,15.000000,-37.000000,0.000000
1652,46.000000,29.000000,-42.000000,0.000000,-385.000000,-8.000000,-37.000000,-1.000000
1653,46.000000,29.000000,-42.000000,0.000000,-385.000000,-29.000000,-47.000000,-1.000000
1654,-15.000000,29.000000,-41.000000,0.000000,-288.000000,-33.000000,-47.000000,-3.000000
1655,-120.000000,44.000000,-40.000000,0.000000,-288.000000,-23.000000,-47.000000,-5.000000
1656,-120.000000,44.000000,-40.000000,1.000000,-288.000000,-24.000000,-47.000000,-5.000000
1657,-188.000000,44.000000,-80.000000,1.000000,-276.000000,-27.000000,-30.000000,-3.000000
1658,-167.000000,44.000000,-118.000000,1.000000,-276.000000,-12.000000,-30.000000,-1.000000
1659,-167.000000,42.000000,-118.000000,1.000000,-509.000000,-12.000000,-30.000000,-1.000000
1660,-136.000000,42.000000,-95.000000,1.000000,-509.000000,-21.000000,-15.000000,-4.000000
1661,-110.000000,42.000000,-89.000000,1.000000,-509.000000,-14.000000,-15.000000,-4.000000
1662,-110.000000,42.000000,-89.000000,1.000000,-348.000000,-14.000000,-15.000000,-4.000000
1663,-150.000000,7.000000,-118.000000,-2.000000,-348.000000,0.000000,-15.000000,-2.000000
1664,-229.000000,7.000000,-91.000000,-2.000000,95.000000,2.000000,-12.000000,-4.000000
1665,-229.000000,7.000000,-91.000000,-2.000000,95.000000,2.000000,-12.000000,-4.000000
1666,-216.000000,7.000000,-56.000000,-2.000000,95.000000,14.000000,-12.000000,-8.000000
1667,-110.000000,-42.000000,-29.000000,-2.000000,302.000000,7.000000,-1.000000,-8.000000
1668,-110.000000,-42.000000,-29.000000,-2.000000,302.000000,7.000000,-1.000000,-8.000000
1669,27.000000,-42.000000,-4.000000,-2.000000,270.000000,-5.000000,-1.000000,0.000000
1670,168.000000,-42.000000,-29.000000,-9.000000,270.000000,0.000000,-2.000000,-3.000000
1671,168.000000,-32.000000,-29.000000,-9.000000,270.000000,0.000000,-2.000000,-3.000000
1672,-55.000000,-32.000000,-11.000000,-9.000000,340.000000,-4.000000,-2.000000,-1.000000
1673,-46.000000,-32.000000,27.000000,-9.000000,340.000000,-11.000000,-2.000000,-7.000000
1674,-46.000000,-32.000000,27.000000,-9.000000,441.000000,-11.000000,-4.000000,0.000000
1675,-29.000000,13.000000,126.000000,-9.000000,441.000000,5.000000,-4.000000,1.000000
1676,-29.000000,13.000000,126.000000,-9.000000,441.000000,30.000000,-4.000000,6.000000
1677,-8.000000,13.000000,214.000000,-16.000000,352.000000,30.000000,8.000000,7.000000
1678,-8.000000,13.000000,214.000000,-16.000000,352.000000,27.000000,8.000000,3.000000
1679,6.000000,25.000000,251.000000,-16.000000,316.000000,13.000000,8.000000,6.000000
1680,6.000000,25.000000,251.000000,-16.000000,316.000000,13.000000,8.000000,17.000000
1681,14.000000,25.000000,232.000000,-16.000000,299.000000,13.000000,3.000000,-5.000000
1682,14.000000,61.000000,232.000000,-16.000000,299.000000,10.000000,3.000000,-27.000000
1683,29.000000,61.000000,147.000000,-16.000000,299.000000,8.000000,3.000000,-20.000000
1684,29.000000,61.000000,147.000000,-16.000000,117.000000,8.000000,-19.000000,-21.000000
1685,46.000000,61.000000,44.000000,-16.000000,117.000000,17.000000,-19.000000,-41.000000
1686,46.000000,96.000000,44.000000,-16.000000,-168.000000,21.000000,-19.000000,28.000000
1687,55.000000,96.000000,-50.000000,-16.000000,-168.000000,21.000000,-19.000000,71.000000
1688,55.000000,96.000000,-50.000000,-16.000000,-168.000000,19.000000,-20.000000,30.000000
1689,69.000000,96.000000,-80.000000,-16.000000,-530.000000,9.000000,-20.000000,-16.000000
1690,69.000000,137.000000,-80.000000,-16.000000,-530.000000,9.000000,-20.000000,-30.000000
1691,87.000000,137.000000,-64.000000,-11.000000,-701.000000,-1.000000,3.000000,-24.000000
1692,87.000000,137.000000,-64.000000,-11.000000,-701.000000,5.000000,3.000000,15.000000
1693,81.000000,137.000000,-34.000000,-11.000000,-701.000000,5.000000,3.000000,50.000000
1694,81.000000,193.000000,-34.000000,-11.000000,-407.000000,11.000000,12.000000,4.000000
1695,54.000000,193.000000,32.000000,-11.000000,-407.000000,-6.000000,12.000000,-35.000000
1696,54.000000,193.000000,32.000000,-11.000000,33.000000,-6.000000,12.000000,-35.000000
1697,18.000000,193.000000,56.000000,-18.000000,33.000000,-19.000000,12.000000,37.000000
1698,18.000000,172.000000,56.000000,-18.000000,33.000000,-6.000000,-15.000000,8.000000
1699,-19.000000,172.000000,24.000000,-18.000000,313.000000,-6.000000,-15.000000,-24.000000
1700,-19.000000,172.000000,24.000000,-18.000000,313.000000,-5.000000,-15.000000,-61.000000
1701,-25.000000,172.000000,42.000000,-18.000000,412.000000,-15.000000,-48.000000,-10.000000
1702,-23.000000,141.000000,66.000000,-18.000000,412.000000,-15.000000,-48.000000,56.000000
1703,-23.000000,141.000000,66.000000,-18.000000,412.000000,3.000000,-48.000000,267.000000
1704,-33.000000,141.000000,51.000000,-24.000000,368.000000,3.000000,-48.000000,276.000000
1705,-33.000000,141.000000,51.000000,-24.000000,368.000000,3.000000,-30.000000,116.000000
1706,-20.000000,140.000000,45.000000,-24.000000,383.000000,3.000000,-30.000000,-125.000000
1707,-20.000000,140.000000,45.000000,-24.000000,383.000000,3.000000,-30.000000,-228.000000
1708,-15.000000,140.000000,27.000000,-24.000000,383.000000,3.000000,24.000000,-42.000000
1709,-15.000000,140.000000,27.000000,-24.000000,362.000000,1.000000,24.000000,103.000000
1710,-24.000000,82.000000,-4.000000,-24.000000,362.000000,1.000000,24.000000,-3.000000
1711,-24.000000,82.000000,-4.000000,-26.000000,205.000000,1.000000,24.000000,-189.000000
1712,-17.000000,82.000000,-3.000000,-26.000000,205.000000,1.000000,44.000000,-166.000000
1713,-17.000000,82.000000,-3.000000,-26.000000,205.000000,1.000000,44.000000,-32.000000
1714,-12.000000,-38.000000,19.000000,-26.000000,11.000000,1.000000,44.000000,187.000000
1715,-12.000000,-38.000000,19.000000,-26.000000,11.000000,1.000000,36.000000,276.000000
1716,-14.000000,-38.000000,8.000000,-26.000000,-257.000000,4.000000,36.000000,260.000000
1717,-14.000000,-38.000000,8.000000,-26.000000,-257.000000,4.000000,36.000000,-154.000000
1718,-8.000000,-149.000000,-11.000000,-24.000000,-257.000000,4.000000,36.000000,-264.000000
1719,-8.000000,-149.000000,-11.000000,-24.000000,-120.000000,4.000000,4.000000,-36.000000
1720,0.000000,-149.000000,-13.000000,-24.000000,-94.000000,4.000000,4.000000,138.000000
1721,0.000000,-149.000000,-13.000000,-24.000000,6.000000,4.000000,4.000000,-5.000000
1722,12.000000,-162.000000,-56.000000,-24.000000,105.000000,4.000000,-32.000000,-115.000000
1723,12.000000,-162.000000,-56.000000,-24.000000,159.000000,3.000000,-32.000000,34.000000
1724,15.000000,-162.000000,-72.000000,-24.000000,152.000000,3.000000,-32.000000,132.000000
1725,15.000000,-128.000000,-72.000000,-19.000000,115.000000,3.000000,-24.000000,-160.000000
1726,1.000000,-128.000000,1.000000,-19.000000,126.000000,3.000000,-24.000000,195.000000
1727,1.000000,-128.000000,1.000000,-19.000000,18.000000,3.000000,-24.000000,187.000000
1728,-4.000000,-128.000000,55.000000,-19.000000,-237.000000,3.000000,-24.000000,-137.000000
1729,-4.000000,-99.000000,55.000000,-19.000000,-398.000000,3.000000,1.000000,-297.000000
1730,-9.000000,-99.000000,53.000000,-19.000000,-284.000000,-6.000000,1.000000,-5.000000
1731,-9.000000,-99.000000,53.000000,-19.000000,19.000000,-6.000000,1.000000,86.000000
1732,-9.000000,-99.000000,43.000000,-20.000000,154.000000,-6.000000,12.000000,217.000000
1733,-9.000000,3.000000,43.000000,-20.000000,188.000000,-6.000000,12.000000,-52.000000
1734,-13.000000,3.000000,-4.000000,-20.000000,286.000000,-6.000000,12.000000,100.000000
1735,-25.000000,3.000000,-34.000000,-20.000000,195.000000,-6.000000,12.000000,-240.000000
1736,-7.000000,3.000000,-12.000000,-20.000000,67.000000,-6.000000,0.000000,-361.000000
1737,-7.000000,136.000000,-1.000000,-20.000000,53.000000,-11.000000,0.000000,-99.000000
1738,20.000000,136.000000,-9.000000,-20.000000,59.000000,-11.000000,0.000000,265.000000
1739,39.000000,136.000000,-45.000000,-21.000000,70.000000,-11.000000,-46.000000,357.000000
1740,39.000000,136.000000,-139.000000,-21.000000,-11.000000,-11.000000,-46.000000,106.000000
1741,29.000000,183.000000,-175.000000,-21.000000,-57.000000,-11.000000,-46.000000,11.000000
1742,0.000000,183.000000,-86.000000,-21.000000,-8.000000,-11.000000,-46.000000,-46.000000
1743,0.000000,183.000000,29.000000,-21.000000,-17.000000,-11.000000,-99.000000,-80.000000
1744,7.000000,183.000000,112.000000,-21.000000,-58.000000,-11.000000,-99.000000,-64.000000
1745,3.000000,100.000000,174.000000,-8.000000,-83.000000,-11.000000,-99.000000,-54.000000
1746,3.000000,100.000000,129.000000,-8.000000,-89.000000,-11.000000,-97.000000,-52.000000
1747,-23.000000,100.000000,17.000000,-8.000000,-92.000000,-11.000000,-97.000000,34.000000
1748,-21.000000,100.000000,-57.000000,-8.000000,-119.000000,-11.000000,-97.000000,94.000000
1749,-21.000000,-9.000000,-113.000000,-8.000000,-166.000000,-11.000000,-97.000000,61.000000
1750,4.000000,-9.000000,-113.000000,-8.000000,28.000000,-15.000000,-27.000000,10.000000
1751,39.000000,-9.000000,-126.000000,-8.000000,-39.000000,-15.000000,-20.000000,0.000000
1752,39.000000,-9.000000,-169.000000,3.000000,0.000000,-15.000000,-15.000000,-3.000000
1753,47.000000,-11.000000,-144.000000,3.000000,-3.000000,-15.000000,-15.000000,-10.000000
1754,45.000000,-11.000000,-83.000000,3.000000,-10.000000,-15.000000,-20.000000,-7.000000
1755,45.000000,-11.000000,-16.000000,3.000000,47.000000,-15.000000,-13.000000,-6.000000
1756,62.000000,-11.000000,53.000000,3.000000,36.000000,-15.000000,-13.000000,-2.000000
1757,42.000000,-12.000000,76.000000,3.000000,-9.000000,-22.000000,-9.000000,-2.000000
1758,-13.000000,-12.000000,43.000000,3.000000,-44.000000,-22.000000,-1.000000,-2.000000
1759,-13.000000,-12.000000,54.000000,4.000000,-4.000000,-22.000000,-1.000000,-4.000000
1760,-66.000000,-12.000000,89.000000,4.000000,1.000000,-22.000000,-5.000000,-2.000000
1761,-90.000000,-93.000000,76.000000,4.000000,17.000000,-22.000000,-13.000000,-1.000000
1762,-90.000000,-93.000000,53.000000,4.000000,5.000000,-22.000000,-13.000000,0.000000
1763,-70.000000,-93.000000,40.000000,4.000000,0.000000,-22.000000,-6.000000,-2.000000
1764,-48.000000,-93.000000,49.000000,4.000000,73.000000,-14.000000,-7.000000,-1.000000
1765,-48.000000,-129.000000,31.000000,4.000000,35.000000,-14.000000,-7.000000,2.000000
1766,-27.000000,-76.000000,-22.000000,-2.000000,20.000000,-14.000000,-8.000000,0.000000
1767,2.000000,5.000000,-12.000000,-2.000000,14.000000,-14.000000,-7.000000,1.000000
1768,2.000000,46.000000,76.000000,-2.000000,-56.000000,-14.000000,-7.000000,1.000000
1769,19.000000,26.000000,20.000000,-2.000000,-105.000000,-14.000000,-8.000000,0.000000
1770,19.000000,7.000000,-107.000000,-2.000000,-104.000000,-14.000000,-6.000000,0.000000
1771,19.000000,21.000000,-40.000000,-2.000000,-28.000000,0.000000,-6.000000,0.000000
1772,8.000000,22.000000,20.000000,-2.000000,39.000000,0.000000,0.000000,-1.000000
1773,-1.000000,-23.000000,21.000000,-4.000000,16.000000,0.000000,10.000000,-1.000000
1774,-1.000000,-83.000000,24.000000,-4.000000,0.000000,0.000000,16.000000,-1.000000
1775,-12.000000,-140.000000,18.000000,-4.000000,4.000000,0.000000,16.000000,-2.000000
1776,-20.000000,-140.000000,4.000000,-4.000000,9.000000,0.000000,16.000000,0.000000
1777,-20.000000,-92.000000,0.000000,-4.000000,21.000000,0.000000,13.000000,0.000000
1778,-6.000000,-66.000000,-17.000000,-4.000000,28.000000,11.000000,13.000000,1.000000
1779,13.000000,-20.000000,37.000000,-4.000000,33.000000,11.000000,21.000000,0.000000
1780,13.000000,40.000000,30.000000,8.000000,16.000000,11.000000,24.000000,0.000000
1781,2.000000,85.000000,2.000000,8.000000,-13.000000,11.000000,24.000000,0.000000
1782,3.000000,82.000000,-5.000000,8.000000,-11.000000,11.000000,-9.000000,2.000000
1783,1.000000,31.000000,-14.000000,8.000000,9.000000,11.000000,-42.000000,2.000000
1784,1.000000,32.000000,-14.000000,8.000000,16.000000,11.000000,-42.000000,0.000000
1785,9.000000,68.000000,-34.000000,8.000000,20.000000,18.000000,-56.000000,-1.000000
1786,5.000000,70.000000,-54.000000,14.000000,11.000000,18.000000,-41.000000,-1.000000
1787,5.000000,22.000000,-54.000000,14.000000,-6.000000,18.000000,-41.000000,-1.000000
1788,-7.000000,-60.000000,-75.000000,14.000000,-16.000000,18.000000,-12.000000,0.000000
1789,-1.000000,-82.000000,-96.000000,14.000000,-34.000000,18.000000,-33.000000,-2.000000
1790,-1.000000,-33.000000,-96.000000,14.000000,-42.000000,18.000000,-33.000000,-2.000000
1791,20.000000,-35.000000,-126.000000,14.000000,-36.000000,16.000000,-45.000000,-1.000000
1792,19.000000,-80.000000,-159.000000,14.000000,-21.000000,16.000000,4.000000,-1.000000
1793,19.000000,-77.000000,-159.000000,27.000000,2.000000,16.000000,4.000000,-1.000000
1794,-6.000000,-39.000000,-135.000000,27.000000,-6.000000,16.000000,37.000000,0.000000
1795,-30.000000,-13.000000,-9.000000,27.000000,-17.000000,16.000000,30.000000,0.000000
1796,-30.000000,3.000000,-9.000000,27.000000,-7.000000,16.000000,30.000000,0.000000
1797,-45.000000,31.000000,130.000000,27.000000,-11.000000,16.000000,26.000000,0.000000
1798,-47.000000,37.000000,158.000000,27.000000,3.000000,16.000000,8.000000,0.000000
1799,-47.000000,57.000000,158.000000,27.000000,-22.000000,16.000000,-17.000000,0.000000
1800,-40.000000,40.000000,105.000000,44.000000,-7.000000,16.000000,-40.000000,-1.000000
1801,-33.000000,-88.000000,73.000000,44.000000,5.000000,16.000000,-3.000000,0.000000
1802,-33.000000,-269.000000,73.000000,44.000000,8.000000,16.000000,61.000000,0.000000
1803,-19.000000,-375.000000,53.000000,44.000000,2.000000,16.000000,56.000000,0.000000
1804,-4.000000,-319.000000,28.000000,44.000000,4.000000,16.000000,30.000000,-1.000000
1805,-5.000000,-124.000000,19.000000,44.000000,-2.000000,15.000000,56.000000,-1.000000
1806,-5.000000,133.000000,19.000000,44.000000,10.000000,15.000000,91.000000,0.000000
1807,-5.000000,376.000000,22.000000,41.000000,5.000000,15.000000,61.000000,-1.000000
1808,1.000000,532.000000,27.000000,41.000000,3.000000,15.000000,-4.000000,-1.000000
1809,1.000000,590.000000,27.000000,41.000000,-3.000000,15.000000,-53.000000,-1.000000
1810,8.000000,512.000000,29.000000,41.000000,9.000000,15.000000,-56.000000,0.000000
1811,17.000000,269.000000,30.000000,41.000000,-2.000000,15.000000,-37.000000,0.000000
1812,17.000000,-30.000000,30.000000,41.000000,-8.000000,17.000000,-56.000000,-13.000000
1813,8.000000,-261.000000,33.000000,41.000000,-4.000000,17.000000,-61.000000,0.000000
1814,3.000000,-382.000000,45.000000,26.000000,-4.000000,17.000000,-13.000000,5.000000
1815,3.000000,-383.000000,45.000000,26.000000,4.000000,17.000000,25.000000,3.000000
1816,29.000000,-256.000000,45.000000,26.000000,4.000000,17.000000,30.000000,0.000000
1817,51.000000,-104.000000,-42.000000,26.000000,4.000000,17.000000,6.000000,3.000000
1818,51.000000,-26.000000,-42.000000,26.000000,4.000000,17.000000,-24.000000,-4.000000
1819,43.000000,28.000000,-151.000000,26.000000,1.000000,29.000000,-43.000000,14.000000
1820,26.000000,48.000000,-139.000000,26.000000,1.000000,29.000000,-12.000000,4.000000
1821,26.000000,1.000000,-139.000000,15.000000,4.000000,29.000000,28.000000,-3.000000
1822,20.000000,-94.000000,-75.000000,15.000000,4.000000,29.000000,5.000000,-4.000000
1823,3.000000,-195.000000,-66.000000,15.000000,3.000000,29.000000,-22.000000,-11.000000
1824,3.000000,-192.000000,-66.000000,15.000000,3.000000,29.000000,-7.000000,1.000000
1825,-24.000000,-119.000000,-47.000000,15.000000,8.000000,29.000000,43.000000,0.000000
1826,-33.000000,-82.000000,10.000000,15.000000,8.000000,32.000000,93.000000,1.000000
1827,-33.000000,-41.000000,10.000000,15.000000,9.000000,32.000000,74.000000,3.000000
1828,-26.000000,36.000000,9.000000,0.000000,9.000000,32.000000,-7.000000,-31.000000
1829,-23.000000,36.000000,-56.000000,0.000000,-1.000000,32.000000,-10.000000,-32.000000
1830,-23.000000,36.000000,-56.000000,0.000000,-1.000000,32.000000,-10.000000,-32.000000
1831,-19.000000,36.000000,-52.000000,0.000000,-2.000000,32.000000,-15.000000,-17.000000
1832,-19.000000,106.000000,-52.000000,0.000000,-2.000000,32.000000,-15.000000,-17.000000
1833,-6.000000,106.000000,44.000000,-1.000000,6.000000,28.000000,4.000000,-15.000000
1834,-6.000000,106.000000,44.000000,-1.000000,6.000000,28.000000,4.000000,-15.000000
1835,13.000000,106.000000,87.000000,-1.000000,9.000000,28.000000,1.000000,-5.000000
1836,13.000000,106.000000,87.000000,-1.000000,9.000000,28.000000,1.000000,-5.000000
1837,30.000000,179.000000,65.000000,-1.000000,2.000000,28.000000,-14.000000,11.000000
1838,30.000000,179.000000,65.000000,-1.000000,2.000000,28.000000,-14.000000,11.000000
1839,36.000000,179.000000,51.000000,-1.000000,-7.000000,15.000000,-18.000000,-8.000000
1840,36.000000,179.000000,51.000000,-1.000000,-7.000000,15.000000,-18.000000,-8.000000
1841,46.000000,179.000000,27.000000,-1.000000,-6.000000,15.000000,-7.000000,-17.000000
1842,46.000000,221.000000,27.000000,-1.000000,-6.000000,15.000000,-7.000000,-17.000000
1843,55.000000,221.000000,15.000000,-1.000000,-4.000000,15.000000,11.000000,19.000000
1844,55.000000,221.000000,15.000000,-2.000000,-4.000000,15.000000,11.000000,19.000000
1845,44.000000,221.000000,14.000000,-2.000000,-6.000000,15.000000,-8.000000,46.000000
1846,44.000000,221.000000,14.000000,-2.000000,-6.000000,-9.000000,-8.000000,46.000000
1847,17.000000,195.000000,27.000000,-2.000000,-5.000000,-9.000000,-19.000000,53.000000
1848,17.000000,195.000000,27.000000,-2.000000,-5.000000,-9.000000,-19.000000,53.000000
1849,-13.000000,195.000000,41.000000,-7.000000,-6.000000,-9.000000,-6.000000,41.000000
1850,-13.000000,195.000000,41.000000,-7.000000,-6.000000,-9.000000,-6.000000,41.000000
1851,-22.000000,195.000000,10.000000,-7.000000,-7.000000,-9.000000,-21.000000,18.000000
1852,-22.000000,171.000000,10.000000,-7.000000,-7.000000,-9.000000,-21.000000,18.000000
1853,-14.000000,171.000000,33.000000,-7.000000,-4.000000,-24.000000,-26.000000,18.000000
1854,-14.000000,171.000000,33.000000,-8.000000,-4.000000,-24.000000,-26.000000,18.000000
1855,-27.000000,171.000000,47.000000,-8.000000,-5.000000,-24.000000,-12.000000,16.000000
1856,-27.000000,171.000000,47.000000,-8.000000,-5.000000,-24.000000,-12.000000,16.000000
1857,-47.000000,74.000000,-11.000000,-8.000000,-4.000000,-24.000000,7.000000,17.000000
1858,-34.000000,74.000000,-46.000000,-8.000000,-4.000000,-24.000000,8.000000,17.000000
1859,-34.000000,74.000000,-46.000000,-8.000000,-4.000000,-24.000000,8.000000,17.000000
1860,-1.000000,74.000000,-92.000000,-5.000000,-4.000000,-23.000000,-10.000000,-6.000000
1861,-1.000000,74.000000,-92.000000,-5.000000,-6.000000,-23.000000,-10.000000,-6.000000
1862,8.000000,-66.000000,-72.000000,-5.000000,-6.000000,-23.000000,13.000000,-16.000000
1863,8.000000,-66.000000,-72.000000,-5.000000,-2.000000,-23.000000,13.000000,-16.000000
1864,5.000000,-66.000000,67.000000,-5.000000,-2.000000,-23.000000,33.000000,-28.000000
1865,5.000000,-66.000000,67.000000,-3.000000,-1.000000,-23.000000,33.000000,-28.000000
1866,4.000000,-110.000000,171.000000,-3.000000,-1.000000,-23.000000,22.000000,-81.000000
1867,4.000000,-110.000000,171.000000,-3.000000,-2.000000,-10.000000,22.000000,-81.000000
1868,10.000000,-110.000000,162.000000,-3.000000,-2.000000,-10.000000,47.000000,-129.000000
1869,10.000000,-110.000000,162.000000,-3.000000,-1.000000,-10.000000,47.000000,-129.000000
1870,23.000000,-110.000000,89.000000,2.000000,-1.000000,-10.000000,32.000000,-146.000000
1871,23.000000,-128.000000,89.000000,2.000000,-2.000000,-10.000000,32.000000,-146.000000
1872,27.000000,-128.000000,3.000000,2.000000,-2.000000,-10.000000,-20.000000,-83.000000
1873,27.000000,-128.000000,3.000000,2.000000,-3.000000,-10.000000,-20.000000,-83.000000
1874,16.000000,-128.000000,-77.000000,2.000000,-3.000000,8.000000,-16.000000,13.000000
1875,16.000000,-128.000000,-77.000000,2.000000,-1.000000,8.000000,-16.000000,13.000000
1876,-3.000000,-133.000000,-121.000000,4.000000,0.000000,8.000000,-3.000000,21.000000
1877,-3.000000,-133.000000,-121.000000,4.000000,-1.000000,8.000000,-3.000000,21.000000
1878,-8.000000,-133.000000,-117.000000,4.000000,-1.000000,8.000000,3.000000,5.000000
1879,-8.000000,-133.000000,-117.000000,4.000000,-2.000000,8.000000,3.000000,5.000000
1880,-8.000000,-133.000000,-85.000000,4.000000,-1.000000,0.000000,8.000000,73.000000
1881,-8.000000,-124.000000,-85.000000,0.000000,-1.000000,0.000000,8.000000,73.000000
1882,-34.000000,-124.000000,-12.000000,0.000000,-1.000000,0.000000,-2.000000,160.000000
1883,-34.000000,-124.000000,-12.000000,0.000000,1.000000,0.000000,-2.000000,160.000000
1884,-31.000000,-124.000000,51.000000,0.000000,1.000000,0.000000,-6.000000,123.000000
1885,-31.000000,-124.000000,51.000000,0.000000,4.000000,0.000000,-6.000000,123.000000
1886,8.000000,-63.000000,81.000000,0.000000,1.000000,0.000000,-22.000000,46.000000
1887,8.000000,-63.000000,81.000000,1.000000,1.000000,-7.000000,-22.000000,46.000000
1888,29.000000,-63.000000,91.000000,1.000000,7.000000,-7.000000,-27.000000,13.000000
1889,29.000000,-63.000000,91.000000,1.000000,9.000000,-7.000000,-27.000000,13.000000
1890,-12.000000,-63.000000,-59.000000,1.000000,9.000000,-7.000000,-11.000000,10.000000
1891,-15.000000,111.000000,-143.000000,1.000000,0.000000,-7.000000,-9.000000,64.000000
1892,-54.000000,111.000000,-212.000000,-32.000000,3.000000,-7.000000,-15.000000,-8.000000
1893,-46.000000,111.000000,-211.000000,-32.000000,3.000000,-7.000000,-15.000000,-44.000000
1894,5.000000,111.000000,-217.000000,-32.000000,1.000000,16.000000,-7.000000,11.000000
1895,44.000000,111.000000,-237.000000,-32.000000,0.000000,16.000000,15.000000,15.000000
1896,37.000000,217.000000,-126.000000,-32.000000,0.000000,16.000000,15.000000,-46.000000
1897,54.000000,217.000000,91.000000,-29.000000,2.000000,16.000000,22.000000,-98.000000
1898,58.000000,217.000000,328.000000,-29.000000,0.000000,16.000000,8.000000,-24.000000
1899,49.000000,217.000000,474.000000,-29.000000,0.000000,16.000000,8.000000,44.000000
1900,-43.000000,217.000000,343.000000,-29.000000,0.000000,16.000000,-1.000000,233.000000
1901,-56.000000,250.000000,-2.000000,-29.000000,-2.000000,5.000000,-3.000000,-8.000000
1902,-37.000000,250.000000,-234.000000,-29.000000,-5.000000,5.000000,-3.000000,-62.000000
1903,-10.000000,250.000000,-233.000000,-10.000000,-5.000000,5.000000,-9.000000,-148.000000
1904,-12.000000,250.000000,-168.000000,-10.000000,-7.000000,5.000000,-8.000000,-127.000000
1905,-33.000000,275.000000,-209.000000,-10.000000,-15.000000,5.000000,-8.000000,-89.000000
1906,-21.000000,275.000000,-262.000000,-10.000000,-15.000000,5.000000,4.000000,32.000000
1907,45.000000,275.000000,-164.000000,-10.000000,-15.000000,5.000000,19.000000,-28.000000
1908,37.000000,275.000000,-61.000000,-10.000000,-13.000000,-42.000000,19.000000,-79.000000
1909,12.000000,275.000000,14.000000,-10.000000,-13.000000,-42.000000,24.000000,-57.000000
1910,19.000000,173.000000,127.000000,-10.000000,-19.000000,-42.000000,14.000000,-3.000000
1911,33.000000,173.000000,147.000000,-10.000000,-21.000000,-42.000000,14.000000,8.000000
1912,-50.000000,173.000000,126.000000,-10.000000,-21.000000,-42.000000,12.000000,-7.000000
1913,-38.000000,173.000000,136.000000,-11.000000,-17.000000,-42.000000,19.000000,-7.000000
1914,-31.000000,173.000000,134.000000,-11.000000,-13.000000,-42.000000,15.000000,18.000000
1915,-71.000000,48.000000,109.000000,-11.000000,-13.000000,-57.000000,15.000000,-4.000000
1916,-43.000000,48.000000,68.000000,-11.000000,-4.000000,-57.000000,16.000000,-111.000000
1917,28.000000,48.000000,62.000000,-11.000000,6.000000,-57.000000,21.000000,2.000000
1918,26.000000,48.000000,57.000000,-11.000000,6.000000,-57.000000,21.000000,-29.000000
1919,26.000000,48.000000,37.000000,5.000000,12.000000,-57.000000,22.000000,48.000000
1920,32.000000,-24.000000,42.000000,5.000000,22.000000,-57.000000,25.000000,66.000000
1921,41.000000,-24.000000,59.000000,5.000000,22.000000,-57.000000,25.000000,15.000000
1922,87.000000,-24.000000,98.000000,5.000000,14.000000,-40.000000,27.000000,-165.000000
1923,88.000000,-24.000000,114.000000,5.000000,18.000000,-27.000000,22.000000,146.000000
1924,82.000000,-24.000000,19.000000,13.000000,10.000000,-14.000000,22.000000,67.000000
1925,82.000000,-152.000000,19.000000,13.000000,6.000000,-14.000000,12.000000,28.000000
1926,49.000000,-152.000000,-94.000000,13.000000,-15.000000,-5.000000,-7.000000,7.000000
1927,17.000000,-152.000000,-76.000000,13.000000,-9.000000,-16.000000,-7.000000,8.000000
1928,17.000000,-152.000000,-76.000000,13.000000,-17.000000,-16.000000,-28.000000,-2.000000
1929,6.000000,-152.000000,12.000000,13.000000,-7.000000,-14.000000,-38.000000,-1.000000
1930,-11.000000,-233.000000,-22.000000,21.000000,-6.000000,-3.000000,-38.000000,-1.000000
1931,-11.000000,-233.000000,-22.000000,21.000000,-4.000000,-3.000000,-46.000000,-3.000000
1932,-38.000000,-233.000000,-171.000000,21.000000,-5.000000,0.000000,-49.000000,-2.000000
1933,-50.000000,-233.000000,-200.000000,21.000000,4.000000,15.000000,-49.000000,-4.000000
1934,-50.000000,-233.000000,-200.000000,21.000000,0.000000,15.000000,-41.000000,3.000000
1935,-44.000000,-214.000000,-142.000000,34.000000,7.000000,25.000000,-34.000000,9.000000
1936,-30.000000,-214.000000,-135.000000,34.000000,21.000000,31.000000,-34.000000,-4.000000
1937,-30.000000,-214.000000,-135.000000,34.000000,-26.000000,31.000000,0.000000,-75.000000
1938,-22.000000,-214.000000,6.000000,34.000000,-82.000000,29.000000,-39.000000,47.000000
1939,-33.000000,-214.000000,252.000000,34.000000,-49.000000,15.000000,6.000000,87.000000
1940,-33.000000,-216.000000,252.000000,37.000000,-28.000000,15.000000,41.000000,3.000000
1941,-55.000000,-216.000000,351.000000,37.000000,-5.000000,19.000000,28.000000,-10.000000
1942,-62.000000,-216.000000,259.000000,37.000000,15.000000,18.000000,20.000000,9.000000
1943,-62.000000,-216.000000,259.000000,37.000000,-2.000000,18.000000,20.000000,-4.000000
1944,-59.000000,-213.000000,-49.000000,37.000000,30.000000,15.000000,12.000000,22.000000
1945,-45.000000,-213.000000,-321.000000,37.000000,-20.000000,35.000000,12.000000,9.000000
1946,-34.000000,-213.000000,-349.000000,38.000000,-67.000000,42.000000,-10.000000,-67.000000
1947,-34.000000,-213.000000,-349.000000,38.000000,21.000000,42.000000,-5.000000,-77.000000
1948,-46.000000,-213.000000,-358.000000,38.000000,25.000000,33.000000,6.000000,42.000000
1949,-44.000000,-162.000000,-312.000000,38.000000,-16.000000,15.000000,-19.000000,18.000000
1950,-44.000000,-162.000000,-312.000000,38.000000,-47.000000,15.000000,1.000000,58.000000
1951,-32.000000,-162.000000,-92.000000,40.000000,-13.000000,-6.000000,-39.000000,37.000000
1952,-25.000000,-162.000000,74.000000,40.000000,-26.000000,-13.000000,-47.000000,-60.000000
1953,-25.000000,-162.000000,74.000000,40.000000,67.000000,-13.000000,-7.000000,-31.000000
1954,-8.000000,-81.000000,137.000000,40.000000,55.000000,-18.000000,-7.000000,-23.000000
1955,11.000000,-81.000000,192.000000,40.000000,2.000000,-32.000000,3.000000,-15.000000
1956,11.000000,-81.000000,192.000000,33.000000,34.000000,-32.000000,3.000000,0.000000
1957,52.000000,-81.000000,200.000000,33.000000,89.000000,-42.000000,3.000000,-6.000000
1958,91.000000,-81.000000,186.000000,33.000000,13.000000,-45.000000,29.000000,-11.000000
1959,91.000000,-2.000000,186.000000,33.000000,-33.000000,-45.000000,29.000000,7.000000
1960,91.000000,-2.000000,167.000000,33.000000,8.000000,-36.000000,29.000000,3.000000
1961,63.000000,-2.000000,127.000000,33.000000,0.000000,-9.000000,61.000000,7.000000
1962,63.000000,-2.000000,127.000000,21.000000,-19.000000,-9.000000,61.000000,2.000000
1963,31.000000,-2.000000,114.000000,21.000000,-42.000000,22.000000,61.000000,-2.000000
1964,16.000000,42.000000,89.000000,21.000000,-14.000000,42.000000,49.000000,3.000000
1965,16.000000,42.000000,89.000000,21.000000,-55.000000,42.000000,49.000000,1.000000
1966,4.000000,42.000000,30.000000,21.000000,19.000000,30.000000,49.000000,3.000000
1967,11.000000,42.000000,0.000000,3.000000,53.000000,3.000000,27.000000,6.000000
1968,11.000000,42.000000,0.000000,3.000000,53.000000,3.000000,27.000000,3.000000
1969,13.000000,72.000000,-354.000000,3.000000,21.000000,-17.000000,27.000000,4.000000
1970,-11.000000,72.000000,-511.000000,3.000000,2.000000,-17.000000,38.000000,5.000000
1971,-11.000000,72.000000,-329.000000,3.000000,35.000000,-12.000000,38.000000,20.000000
1972,-9.000000,72.000000,-329.000000,3.000000,11.000000,-12.000000,38.000000,12.000000
1973,-9.000000,72.000000,-85.000000,-5.000000,32.000000,6.000000,50.000000,-32.000000
1974,-14.000000,75.000000,-13.000000,-5.000000,-169.000000,6.000000,50.000000,-86.000000
1975,-14.000000,75.000000,-13.000000,-5.000000,-25.000000,6.000000,50.000000,-26.000000
1976,-13.000000,75.000000,29.000000,-5.000000,-2.000000,32.000000,23.000000,73.000000
1977,-13.000000,75.000000,92.000000,-5.000000,1.000000,32.000000,23.000000,38.000000
1978,20.000000,75.000000,92.000000,4.000000,-24.000000,37.000000,23.000000,26.000000
1979,20.000000,35.000000,38.000000,4.000000,26.000000,37.000000,-9.000000,-1.000000
1980,22.000000,35.000000,-54.000000,4.000000,98.000000,37.000000,-9.000000,-17.000000
1981,22.000000,35.000000,-85.000000,4.000000,48.000000,20.000000,-9.000000,-9.000000
1982,5.000000,35.000000,-85.000000,4.000000,-2.000000,20.000000,-16.000000,-17.000000
1983,5.000000,35.000000,-94.000000,8.000000,-30.000000,14.000000,-16.000000,-17.000000
1984,23.000000,-114.000000,-37.000000,8.000000,-55.000000,14.000000,-16.000000,-54.000000
1985,23.000000,-166.000000,-37.000000,8.000000,-158.000000,14.000000,-48.000000,-37.000000
1986,33.000000,-96.000000,77.000000,8.000000,-253.000000,21.000000,-48.000000,31.000000
1987,33.000000,-191.000000,115.000000,8.000000,-253.000000,21.000000,-48.000000,73.000000
1988,-14.000000,-366.000000,115.000000,8.000000,-96.000000,23.000000,-118.000000,19.000000
1989,-14.000000,77.000000,47.000000,0.000000,107.000000,23.000000,-118.000000,-57.000000
1990,-34.000000,607.000000,-72.000000,0.000000,107.000000,30.000000,-118.000000,5.000000
1991,-34.000000,594.000000,-72.000000,0.000000,93.000000,30.000000,-128.000000,42.000000
1992,-40.000000,338.000000,-121.000000,0.000000,68.000000,30.000000,-128.000000,4.000000
1993,-40.000000,-512.000000,-32.000000,0.000000,68.000000,22.000000,-128.000000,31.000000
1994,-79.000000,-408.000000,97.000000,-10.000000,61.000000,22.000000,-79.000000,-37.000000
1995,-79.000000,114.000000,97.000000,-10.000000,54.000000,-1.000000,-79.000000,-45.000000
1996,-51.000000,159.000000,176.000000,-10.000000,54.000000,-1.000000,-79.000000,18.000000
1997,-51.000000,57.000000,170.000000,-10.000000,86.000000,-1.000000,-41.000000,-27.000000
1998,-15.000000,-24.000000,170.000000,-10.000000,55.000000,-10.000000,-41.000000,38.000000
1999,-4.000000,-54.000000,178.000000,-10.000000,55.000000,-10.000000,-41.000000,23.000000
